Version	GMID-X v 1.2
Chemistry Kit	AmpFLSTR_Panels_v5X
BinSet Name	AmpFLSTR_Bins_v5X
Panel Name	COfiler_v1.4X
Marker Name	D3S1358
11	110.0	0.5	0.5	virtual
12	114.0	0.5	0.5	
13	118.0	0.5	0.5	
14	122.0	0.5	0.5	
15	126.0	0.5	0.5	
15.2	128.0	0.5	0.5	virtual
16	130.0	0.5	0.5	
16.2	132.0	0.5	0.5	virtual
17	134.0	0.5	0.5	
17.2	136.0	0.5	0.5	virtual
18	138.0	0.5	0.5	
18.2	140.0	0.5	0.5	virtual
19	142.0	0.5	0.5	
20	146.0	0.5	0.5	virtual
Marker Name	D16S539
5	234.0	0.5	0.5	
6	238.0	0.5	0.5	virtual
7	242.0	0.5	0.5	virtual
8	246.0	0.5	0.5	
9	250.0	0.5	0.5	
10	254.0	0.5	0.5	
11	258.0	0.5	0.5	
12	262.0	0.5	0.5	
12.2	264.0	0.5	0.5	virtual
13	266.0	0.5	0.5	
14	270.0	0.5	0.5	
15	274.0	0.5	0.5	
16	278.0	0.5	0.5	virtual
Marker Name	AMEL
X	107.0	0.5	0.5	
Y	113.0	0.5	0.5	
Marker Name	TH01
4	165.0	0.5	0.5	virtual
5	169.0	0.5	0.5	
5.3	172.0	0.5	0.4	virtual
6	173.0	0.4	0.5	
6.3	176.0	0.5	0.4	virtual
7	177.0	0.4	0.5	
7.3	180.0	0.5	0.4	virtual
8	181.0	0.4	0.5	
8.3	184.0	0.5	0.4	virtual
9	185.0	0.4	0.5	
9.3	188.0	0.5	0.4	
10	189.0	0.4	0.5	
10.3	192.0	0.5	0.4	virtual
11	193.0	0.4	0.5	virtual
Marker Name	TPOX
5	214.0	0.5	0.5	virtual
6	218.0	0.5	0.5	
7	222.0	0.5	0.5	
8	226.0	0.5	0.5	
9	230.0	0.5	0.5	
10	234.0	0.5	0.5	
11	238.0	0.5	0.5	
12	242.0	0.5	0.5	
13	246.0	0.5	0.5	
14	250.0	0.5	0.5	virtual
Marker Name	CSF1PO
6	281.0	0.5	0.5	
7	285.0	0.5	0.5	
8	289.0	0.5	0.5	
9	293.0	0.5	0.5	
10	297.0	0.5	0.5	
10.2	299.0	0.5	0.5	virtual
11	301.0	0.5	0.5	
12	305.0	0.5	0.5	
13	309.0	0.5	0.5	
14	313.0	0.5	0.5	
15	317.0	0.5	0.5	
16	321.0	0.5	0.5	virtual
Marker Name	D7S820
5	254.0	0.5	0.5	virtual
5.2	256.0	0.5	0.5	virtual
6	258.0	0.5	0.5	
7	262.0	0.5	0.5	
8	266.0	0.5	0.5	
8.2	268.0	0.5	0.5	virtual
9	270.0	0.5	0.5	
9.2	272.0	0.5	0.5	virtual
10	274.0	0.5	0.5	
11	278.0	0.5	0.5	
12	282.0	0.5	0.5	
13	286.0	0.5	0.5	
14	290.0	0.5	0.5	
15	294.0	0.5	0.5	
16	298.0	0.5	0.5	virtual
Panel Name	SGM_Plus_v1.4X
Marker Name	D3S1358
11	110.0	0.5	0.5	virtual
12	114.0	0.5	0.5	
13	118.0	0.5	0.5	
14	122.0	0.5	0.5	
15	126.0	0.5	0.5	
15.2	128.0	0.5	0.5	virtual
16	130.0	0.5	0.5	
16.2	132.0	0.5	0.5	virtual
17	134.0	0.5	0.5	
17.2	136.0	0.5	0.5	virtual
18	138.0	0.5	0.5	
18.2	140.0	0.5	0.5	virtual
19	142.0	0.5	0.5	
20	146.0	0.5	0.5	virtual
Marker Name	vWA
10	153.0	0.5	0.5	virtual
11	157.0	0.5	0.5	
12	161.0	0.5	0.5	
13	165.0	0.5	0.5	
14	169.0	0.5	0.5	
15	173.0	0.5	0.5	
15.2	175.0	0.5	0.5	virtual
16	177.0	0.5	0.5	
17	181.0	0.5	0.5	
18	185.0	0.5	0.5	
18.2	187.0	0.5	0.5	virtual
19	189.0	0.5	0.5	
20	193.0	0.5	0.5	
21	197.0	0.5	0.5	
22	201.0	0.5	0.5	
23	205.0	0.5	0.5	
24	209.0	0.5	0.5	
25	213.0	0.5	0.5	virtual
Marker Name	D16S539
5	234.0	0.5	0.5	
6	238.0	0.5	0.5	virtual
7	242.0	0.5	0.5	virtual
8	246.0	0.5	0.5	
9	250.0	0.5	0.5	
10	254.0	0.5	0.5	
11	258.0	0.5	0.5	
12	262.0	0.5	0.5	
12.2	264.0	0.5	0.5	virtual
13	266.0	0.5	0.5	
14	270.0	0.5	0.5	
15	274.0	0.5	0.5	
16	278.0	0.5	0.5	virtual
Marker Name	D2S1338
14	285.0	0.5	0.5	virtual
15	289.0	0.5	0.5	
16	293.0	0.5	0.5	
17	297.0	0.5	0.5	
18	301.0	0.5	0.5	
19	305.0	0.5	0.5	
20	309.0	0.5	0.5	
21	313.0	0.5	0.5	
22	317.0	0.5	0.5	
23	321.0	0.5	0.5	
24	325.0	0.5	0.5	
25	329.0	0.5	0.5	
26	333.0	0.5	0.5	
27	337.0	0.5	0.5	
28	341.0	0.5	0.5	
29	345.0	0.5	0.5	virtual
Marker Name	AMEL
X	107.0	0.5	0.5	
Y	113.0	0.5	0.5	
Marker Name	D8S1179
7	124.0	0.5	0.5	virtual
8	128.0	0.5	0.5	
9	132.0	0.5	0.5	
10	136.0	0.5	0.5	
11	140.0	0.5	0.5	
12	144.0	0.5	0.5	
13	148.0	0.5	0.5	
14	152.0	0.5	0.5	
15	156.0	0.5	0.5	
16	160.0	0.5	0.5	
17	164.0	0.5	0.5	
18	168.0	0.5	0.5	
19	172.0	0.5	0.5	
20	176.0	0.5	0.5	virtual
Marker Name	D21S11
23.2	185.0	0.5	0.5	virtual
24	187.0	0.5	0.5	
24.2	189.0	0.5	0.5	
25	191.0	0.5	0.5	
25.2	193.0	0.5	0.5	virtual
26	195.0	0.5	0.5	
26.2	197.0	0.5	0.5	virtual
27	199.0	0.5	0.5	
27.2	201.0	0.5	0.5	virtual
28	203.0	0.5	0.5	
28.2	205.0	0.5	0.5	
29	207.0	0.5	0.5	
29.2	209.0	0.5	0.5	
30	211.0	0.5	0.5	
30.2	213.0	0.5	0.5	
31	215.0	0.5	0.5	
31.2	217.0	0.5	0.5	
32	219.0	0.5	0.5	
32.2	221.0	0.5	0.5	
33	223.0	0.5	0.5	
33.2	225.0	0.5	0.5	
34	227.0	0.5	0.5	
34.2	229.0	0.5	0.5	
35	231.0	0.5	0.5	
35.2	233.0	0.5	0.5	
36	235.0	0.5	0.5	
36.2	237.0	0.5	0.5	virtual
37	239.0	0.5	0.5	
37.2	241.0	0.5	0.5	virtual
38	243.0	0.5	0.5	
38.2	245.0	0.5	0.5	virtual
39	247.0	0.5	0.5	virtual
Marker Name	D18S51
7	265.0	0.5	0.5	
8	269.0	0.5	0.5	virtual
9	273.0	0.5	0.5	
9.2	275.0	0.5	0.5	virtual
10	277.0	0.5	0.5	
10.2	279.0	0.5	0.5	
11	281.0	0.5	0.5	
11.2	283.0	0.5	0.5	virtual
12	285.0	0.5	0.5	
12.2	287.0	0.5	0.5	virtual
13	289.0	0.5	0.5	
13.2	291.0	0.5	0.5	
14	293.0	0.5	0.5	
14.2	295.0	0.5	0.5	
15	297.0	0.5	0.5	
15.2	299.0	0.5	0.5	virtual
16	301.0	0.5	0.5	
16.2	303.0	0.5	0.5	virtual
17	305.0	0.5	0.5	
17.2	307.0	0.5	0.5	virtual
18	309.0	0.5	0.5	
18.2	311.0	0.5	0.5	virtual
19	313.0	0.5	0.5	
19.2	315.0	0.5	0.5	virtual
20	317.0	0.5	0.5	
20.2	319.0	0.5	0.5	virtual
21	321.0	0.5	0.5	
21.2	323.0	0.5	0.5	virtual
22	325.0	0.5	0.5	
22.2	327.0	0.5	0.5	virtual
23	329.0	0.5	0.5	
23.2	331.0	0.5	0.5	virtual
24	333.0	0.5	0.5	
25	337.0	0.5	0.5	
26	341.0	0.5	0.5	
27	345.0	0.5	0.5	
Marker Name	D19S433
9	106.0	0.5	0.5	
9.2	108.0	0.5	0.5	virtual
10	110.0	0.5	0.5	
10.2	112.0	0.5	0.5	virtual
11	114.0	0.5	0.5	
11.2	116.0	0.5	0.5	virtual
12	118.0	0.5	0.5	
12.2	120.0	0.5	0.5	
13	122.0	0.5	0.5	
13.2	124.0	0.5	0.5	
14	126.0	0.5	0.5	
14.2	128.0	0.5	0.5	
15	130.0	0.5	0.5	
15.2	132.0	0.5	0.5	
16	134.0	0.5	0.5	
16.2	136.0	0.5	0.5	
17	138.0	0.5	0.5	
17.2	140.0	0.5	0.5	
18	142.0	0.5	0.5	virtual
18.2	144.0	0.5	0.5	virtual
Marker Name	TH01
3	161.0	0.5	0.5	virtual
4	165.0	0.5	0.5	
5	169.0	0.5	0.5	
5.3	172.0	0.5	0.4	virtual
6	173.0	0.4	0.5	
6.3	176.0	0.5	0.4	virtual
7	177.0	0.4	0.5	
7.3	180.0	0.5	0.4	virtual
8	181.0	0.4	0.5	
8.3	184.0	0.5	0.4	virtual
9	185.0	0.4	0.5	
9.3	188.0	0.5	0.4	
10	189.0	0.4	0.5	
10.3	192.0	0.5	0.4	virtual
11	193.0	0.4	0.5	
12	197.0	0.5	0.5	virtual
13	201.0	0.5	0.5	virtual
13.3	204.0	0.5	0.5	
Marker Name	FGA
16	211.0	0.5	0.5	virtual
16.2	213.0	0.5	0.5	virtual
17	215.0	0.5	0.5	
17.2	217.0	0.5	0.5	virtual
18	219.0	0.5	0.5	
18.2	221.0	0.5	0.5	virtual
19	223.0	0.5	0.5	
19.2	225.0	0.5	0.5	virtual
20	227.0	0.5	0.5	
20.2	229.0	0.5	0.5	virtual
21	231.0	0.5	0.5	
21.2	233.0	0.5	0.5	virtual
22	235.0	0.5	0.5	
22.2	237.0	0.5	0.5	virtual
23	239.0	0.5	0.5	
23.2	241.0	0.5	0.5	virtual
24	243.0	0.5	0.5	
24.2	245.0	0.5	0.5	virtual
25	247.0	0.5	0.5	
25.2	249.0	0.5	0.5	virtual
26	251.0	0.5	0.5	
26.2	253.0	0.5	0.5	
27	255.0	0.5	0.5	
27.2	257.0	0.5	0.5	virtual
28	259.0	0.5	0.5	
28.2	261.0	0.5	0.5	virtual
29	263.0	0.5	0.5	
29.2	265.0	0.5	0.5	virtual
30	267.0	0.5	0.5	
30.2	269.0	0.5	0.5	
31	271.0	0.5	0.5	virtual
31.2	273.0	0.5	0.5	
32	275.0	0.5	0.5	virtual
32.2	277.0	0.5	0.5	
33.2	281.0	0.5	0.5	
34.2	285.0	0.5	0.5	virtual
42.2	317.0	0.5	0.5	
43.2	321.0	0.5	0.5	
44.2	325.0	0.5	0.5	
45.2	329.0	0.5	0.5	
46.2	333.0	0.5	0.5	
47.2	337.0	0.5	0.5	
48.2	341.0	0.5	0.5	
49.2	345.0	0.5	0.5	virtual
50.2	349.0	0.5	0.5	
51.2	353.0	0.5	0.5	
Panel Name	SEfiler_Plus_v1.4X
Marker Name	D3S1358
11	110.0	0.5	0.5	virtual
12	114.0	0.5	0.5	
13	118.0	0.5	0.5	
14	122.0	0.5	0.5	
15	126.0	0.5	0.5	
15.2	128.0	0.5	0.5	virtual
16	130.0	0.5	0.5	
16.2	132.0	0.5	0.5	virtual
17	134.0	0.5	0.5	
17.2	136.0	0.5	0.5	virtual
18	138.0	0.5	0.5	
18.2	140.0	0.5	0.5	virtual
19	142.0	0.5	0.5	
20	146.0	0.5	0.5	virtual
Marker Name	vWA
10	153.0	0.5	0.5	virtual
11	157.0	0.5	0.5	
12	161.0	0.5	0.5	
13	165.0	0.5	0.5	
14	169.0	0.5	0.5	
15	173.0	0.5	0.5	
15.2	175.0	0.5	0.5	virtual
16	177.0	0.5	0.5	
17	181.0	0.5	0.5	
18	185.0	0.5	0.5	
18.2	187.0	0.5	0.5	virtual
19	189.0	0.5	0.5	
20	193.0	0.5	0.5	
21	197.0	0.5	0.5	
22	201.0	0.5	0.5	
23	205.0	0.5	0.5	
24	209.0	0.5	0.5	
25	213.0	0.5	0.5	virtual
Marker Name	D16S539
5	234.0	0.5	0.5	
6	238.0	0.5	0.5	virtual
7	242.0	0.5	0.5	virtual
8	246.0	0.5	0.5	
9	250.0	0.5	0.5	
10	254.0	0.5	0.5	
11	258.0	0.5	0.5	
12	262.0	0.5	0.5	
12.2	264.0	0.5	0.5	virtual
13	266.0	0.5	0.5	
14	270.0	0.5	0.5	
15	274.0	0.5	0.5	
16	278.0	0.5	0.5	virtual
Marker Name	D2S1338
14	285.0	0.5	0.5	virtual
15	289.0	0.5	0.5	
16	293.0	0.5	0.5	
17	297.0	0.5	0.5	
18	301.0	0.5	0.5	
19	305.0	0.5	0.5	
20	309.0	0.5	0.5	
21	313.0	0.5	0.5	
22	317.0	0.5	0.5	
23	321.0	0.5	0.5	
24	325.0	0.5	0.5	
25	329.0	0.5	0.5	
26	333.0	0.5	0.5	
27	337.0	0.5	0.5	
28	341.0	0.5	0.5	
29	345.0	0.5	0.5	virtual
Marker Name	AMEL
X	107.0	0.5	0.5	
Y	113.0	0.5	0.5	
Marker Name	D8S1179
7	124.0	0.5	0.5	virtual
8	128.0	0.5	0.5	
9	132.0	0.5	0.5	
10	136.0	0.5	0.5	
11	140.0	0.5	0.5	
12	144.0	0.5	0.5	
13	148.0	0.5	0.5	
14	152.0	0.5	0.5	
15	156.0	0.5	0.5	
16	160.0	0.5	0.5	
17	164.0	0.5	0.5	
18	168.0	0.5	0.5	
19	172.0	0.5	0.5	
20	176.0	0.5	0.5	virtual
Marker Name	SE33
4.2	203.0	0.5	0.5	
5	205.0	0.5	0.5	virtual
6	209.0	0.5	0.5	virtual
6.3	212.0	0.5	0.4	
7	213.0	0.4	0.5	virtual
8	217.0	0.5	0.5	
8.2	219.0	0.5	0.5	virtual
9	221.0	0.5	0.5	
9.2	223.0	0.5	0.5	virtual
10	225.0	0.5	0.5	virtual
10.2	227.0	0.5	0.5	virtual
11	229.0	0.5	0.5	
11.2	231.0	0.5	0.5	virtual
12	233.0	0.5	0.5	
12.2	235.0	0.5	0.5	virtual
13	237.0	0.5	0.5	
13.2	239.0	0.5	0.5	virtual
14	241.0	0.5	0.5	
14.2	243.0	0.5	0.5	virtual
15	245.0	0.5	0.5	
15.2	247.0	0.5	0.5	virtual
16	249.0	0.5	0.5	
16.2	251.0	0.5	0.5	virtual
17	253.0	0.5	0.5	
17.2	255.0	0.5	0.5	virtual
18	257.0	0.5	0.5	
18.2	259.0	0.5	0.5	virtual
19	261.0	0.5	0.5	
19.2	263.0	0.5	0.5	virtual
20	265.0	0.5	0.5	
20.2	267.0	0.5	0.5	
21	269.0	0.5	0.4	
21.1	270.0	0.4	0.4	
21.2	271.0	0.4	0.5	
22	273.0	0.5	0.5	virtual
22.2	275.0	0.5	0.5	
23	277.0	0.5	0.5	virtual
23.2	279.0	0.5	0.5	
24	281.0	0.5	0.5	virtual
24.2	283.0	0.5	0.5	
25	285.0	0.5	0.5	virtual
25.2	287.0	0.5	0.5	
26	289.0	0.5	0.5	virtual
26.2	291.0	0.5	0.5	
27	293.0	0.5	0.5	virtual
27.2	295.0	0.5	0.5	
28	297.0	0.5	0.5	virtual
28.2	299.0	0.5	0.5	
29	301.0	0.5	0.5	virtual
29.2	303.0	0.5	0.5	
30	305.0	0.5	0.5	virtual
30.2	307.0	0.5	0.5	
31	309.0	0.5	0.5	virtual
31.2	311.0	0.5	0.5	
32	313.0	0.5	0.5	virtual
32.2	315.0	0.5	0.5	
33	317.0	0.5	0.5	virtual
33.2	319.0	0.5	0.5	
34	321.0	0.5	0.5	virtual
34.2	323.0	0.5	0.5	
35	325.0	0.5	0.5	
35.2	327.0	0.5	0.5	
36	329.0	0.5	0.5	
36.2	331.0	0.5	0.5	virtual
37	333.0	0.5	0.5	
37.2	335.0	0.5	0.5	virtual
38	337.0	0.5	0.5	virtual
Marker Name	D19S433
9	106.0	0.5	0.5	
9.2	108.0	0.5	0.5	virtual
10	110.0	0.5	0.5	
10.2	112.0	0.5	0.5	virtual
11	114.0	0.5	0.5	
11.2	116.0	0.5	0.5	virtual
12	118.0	0.5	0.5	
12.2	120.0	0.5	0.5	
13	122.0	0.5	0.5	
13.2	124.0	0.5	0.5	
14	126.0	0.5	0.5	
14.2	128.0	0.5	0.5	
15	130.0	0.5	0.5	
15.2	132.0	0.5	0.5	
16	134.0	0.5	0.5	
16.2	136.0	0.5	0.5	
17	138.0	0.5	0.5	
17.2	140.0	0.5	0.5	
18	142.0	0.5	0.5	virtual
18.2	144.0	0.5	0.5	virtual
Marker Name	TH01
3	161.0	0.5	0.5	virtual
4	165.0	0.5	0.5	
5	169.0	0.5	0.5	
5.3	172.0	0.5	0.4	virtual
6	173.0	0.4	0.5	
6.3	176.0	0.5	0.4	virtual
7	177.0	0.4	0.5	
7.3	180.0	0.5	0.4	virtual
8	181.0	0.4	0.5	
8.3	184.0	0.5	0.4	virtual
9	185.0	0.4	0.5	
9.3	188.0	0.5	0.4	
10	189.0	0.4	0.5	
10.3	192.0	0.5	0.4	virtual
11	193.0	0.4	0.5	
12	197.0	0.5	0.5	virtual
13	201.0	0.5	0.5	virtual
13.3	204.0	0.5	0.5	
Marker Name	FGA
16	211.0	0.5	0.5	virtual
16.2	213.0	0.5	0.5	virtual
17	215.0	0.5	0.5	
17.2	217.0	0.5	0.5	virtual
18	219.0	0.5	0.5	
18.2	221.0	0.5	0.5	virtual
19	223.0	0.5	0.5	
19.2	225.0	0.5	0.5	virtual
20	227.0	0.5	0.5	
20.2	229.0	0.5	0.5	virtual
21	231.0	0.5	0.5	
21.2	233.0	0.5	0.5	virtual
22	235.0	0.5	0.5	
22.2	237.0	0.5	0.5	virtual
23	239.0	0.5	0.5	
23.2	241.0	0.5	0.5	virtual
24	243.0	0.5	0.5	
24.2	245.0	0.5	0.5	virtual
25	247.0	0.5	0.5	
25.2	249.0	0.5	0.5	virtual
26	251.0	0.5	0.5	
26.2	253.0	0.5	0.5	
27	255.0	0.5	0.5	
27.2	257.0	0.5	0.5	virtual
28	259.0	0.5	0.5	
28.2	261.0	0.5	0.5	virtual
29	263.0	0.5	0.5	
29.2	265.0	0.5	0.5	virtual
30	267.0	0.5	0.5	
30.2	269.0	0.5	0.5	
31	271.0	0.5	0.5	virtual
31.2	273.0	0.5	0.5	
32	275.0	0.5	0.5	virtual
32.2	277.0	0.5	0.5	
33.2	281.0	0.5	0.5	
34.2	285.0	0.5	0.5	virtual
42.2	317.0	0.5	0.5	
43.2	321.0	0.5	0.5	
44.2	325.0	0.5	0.5	
45.2	329.0	0.5	0.5	
46.2	333.0	0.5	0.5	
47.2	337.0	0.5	0.5	
48.2	341.0	0.5	0.5	
49.2	345.0	0.5	0.5	virtual
50.2	349.0	0.5	0.5	
51.2	353.0	0.5	0.5	
Marker Name	D21S11
23.2	185.0	0.5	0.5	virtual
24	187.0	0.5	0.5	
24.2	189.0	0.5	0.5	
25	191.0	0.5	0.5	
25.2	193.0	0.5	0.5	virtual
26	195.0	0.5	0.5	
26.2	197.0	0.5	0.5	virtual
27	199.0	0.5	0.5	
27.2	201.0	0.5	0.5	virtual
28	203.0	0.5	0.5	
28.2	205.0	0.5	0.5	
29	207.0	0.5	0.5	
29.2	209.0	0.5	0.5	
30	211.0	0.5	0.5	
30.2	213.0	0.5	0.5	
31	215.0	0.5	0.5	
31.2	217.0	0.5	0.5	
32	219.0	0.5	0.5	
32.2	221.0	0.5	0.5	
33	223.0	0.5	0.5	
33.2	225.0	0.5	0.5	
34	227.0	0.5	0.5	
34.2	229.0	0.5	0.5	
35	231.0	0.5	0.5	
35.2	233.0	0.5	0.5	
36	235.0	0.5	0.5	
36.2	237.0	0.5	0.5	virtual
37	239.0	0.5	0.5	
37.2	241.0	0.5	0.5	virtual
38	243.0	0.5	0.5	
38.2	245.0	0.5	0.5	virtual
39	247.0	0.5	0.5	virtual
Marker Name	D18S51
7	265.0	0.5	0.5	
8	269.0	0.5	0.5	virtual
9	273.0	0.5	0.5	
9.2	275.0	0.5	0.5	virtual
10	277.0	0.5	0.5	
10.2	279.0	0.5	0.5	
11	281.0	0.5	0.5	
11.2	283.0	0.5	0.5	virtual
12	285.0	0.5	0.5	
12.2	287.0	0.5	0.5	virtual
13	289.0	0.5	0.5	
13.2	291.0	0.5	0.5	
14	293.0	0.5	0.5	
14.2	295.0	0.5	0.5	
15	297.0	0.5	0.5	
15.2	299.0	0.5	0.5	virtual
16	301.0	0.5	0.5	
16.2	303.0	0.5	0.5	virtual
17	305.0	0.5	0.5	
17.2	307.0	0.5	0.5	virtual
18	309.0	0.5	0.5	
18.2	311.0	0.5	0.5	virtual
19	313.0	0.5	0.5	
19.2	315.0	0.5	0.5	virtual
20	317.0	0.5	0.5	
20.2	319.0	0.5	0.5	virtual
21	321.0	0.5	0.5	
21.2	323.0	0.5	0.5	virtual
22	325.0	0.5	0.5	
22.2	327.0	0.5	0.5	virtual
23	329.0	0.5	0.5	
23.2	331.0	0.5	0.5	virtual
24	333.0	0.5	0.5	
25	337.0	0.5	0.5	
26	341.0	0.5	0.5	
27	345.0	0.5	0.5	
Panel Name	Profiler_v1.4X
Marker Name	D3S1358
11	110.0	0.5	0.5	virtual
12	114.0	0.5	0.5	
13	118.0	0.5	0.5	
14	122.0	0.5	0.5	
15	126.0	0.5	0.5	
15.2	128.0	0.5	0.5	virtual
16	130.0	0.5	0.5	
16.2	132.0	0.5	0.5	virtual
17	134.0	0.5	0.5	
17.2	136.0	0.5	0.5	virtual
18	138.0	0.5	0.5	
18.2	140.0	0.5	0.5	virtual
19	142.0	0.5	0.5	
20	146.0	0.5	0.5	virtual
Marker Name	vWA
10	153.0	0.5	0.5	virtual
11	157.0	0.5	0.5	
12	161.0	0.5	0.5	
13	165.0	0.5	0.5	
14	169.0	0.5	0.5	
15	173.0	0.5	0.5	
15.2	175.0	0.5	0.5	virtual
16	177.0	0.5	0.5	
17	181.0	0.5	0.5	
18	185.0	0.5	0.5	
18.2	187.0	0.5	0.5	virtual
19	189.0	0.5	0.5	
20	193.0	0.5	0.5	
21	197.0	0.5	0.5	
22	201.0	0.5	0.5	virtual
Marker Name	FGA
17	215.0	0.5	0.5	virtual
17.2	217.0	0.5	0.5	virtual
18	219.0	0.5	0.5	
18.2	221.0	0.5	0.5	virtual
19	223.0	0.5	0.5	
19.2	225.0	0.5	0.5	virtual
20	227.0	0.5	0.5	
20.2	229.0	0.5	0.5	virtual
21	231.0	0.5	0.5	
21.2	233.0	0.5	0.5	virtual
22	235.0	0.5	0.5	
22.2	237.0	0.5	0.5	virtual
23	239.0	0.5	0.5	
23.2	241.0	0.5	0.5	virtual
24	243.0	0.5	0.5	
24.2	245.0	0.5	0.5	virtual
25	247.0	0.5	0.5	
25.2	249.0	0.5	0.5	virtual
26	251.0	0.5	0.5	
26.2	253.0	0.5	0.5	
27	255.0	0.5	0.5	
27.2	257.0	0.5	0.5	virtual
28	259.0	0.5	0.5	
28.2	261.0	0.5	0.5	virtual
29	263.0	0.5	0.5	
29.2	265.0	0.5	0.5	virtual
30	267.0	0.5	0.5	
30.2	269.0	0.5	0.5	virtual
31	271.0	0.5	0.5	virtual
Marker Name	AMEL
X	107.0	0.5	0.5	
Y	113.0	0.5	0.5	
Marker Name	TH01
4	165.0	0.5	0.5	virtual
5	169.0	0.5	0.5	
5.3	172.0	0.5	0.4	virtual
6	173.0	0.4	0.5	
6.3	176.0	0.5	0.4	virtual
7	177.0	0.4	0.5	
7.3	180.0	0.5	0.4	virtual
8	181.0	0.4	0.5	
8.3	184.0	0.5	0.4	virtual
9	185.0	0.4	0.5	
9.3	188.0	0.5	0.4	
10	189.0	0.4	0.5	
10.3	192.0	0.5	0.4	virtual
11	193.0	0.4	0.5	virtual
Marker Name	TPOX
5	214.0	0.5	0.5	virtual
6	218.0	0.5	0.5	
7	222.0	0.5	0.5	
8	226.0	0.5	0.5	
9	230.0	0.5	0.5	
10	234.0	0.5	0.5	
11	238.0	0.5	0.5	
12	242.0	0.5	0.5	
13	246.0	0.5	0.5	
14	250.0	0.5	0.5	virtual
Marker Name	CSF1PO
6	281.0	0.5	0.5	
7	285.0	0.5	0.5	
8	289.0	0.5	0.5	
9	293.0	0.5	0.5	
10	297.0	0.5	0.5	
10.2	299.0	0.5	0.5	virtual
11	301.0	0.5	0.5	
12	305.0	0.5	0.5	
13	309.0	0.5	0.5	
14	313.0	0.5	0.5	
15	317.0	0.5	0.5	
16	321.0	0.5	0.5	virtual
Marker Name	D5S818
6	131.0	0.5	0.5	virtual
7	135.0	0.5	0.5	
8	139.0	0.5	0.5	
9	143.0	0.5	0.5	
10	147.0	0.5	0.5	
11	151.0	0.5	0.5	
12	155.0	0.5	0.5	
13	159.0	0.5	0.5	
14	163.0	0.5	0.5	
15	167.0	0.5	0.5	
16	171.0	0.5	0.5	
17	175.0	0.5	0.5	virtual
Marker Name	D13S317
7	202.0	0.5	0.5	virtual
8	206.0	0.5	0.5	
9	210.0	0.5	0.5	
10	214.0	0.5	0.5	
11	218.0	0.5	0.5	
12	222.0	0.5	0.5	
13	226.0	0.5	0.5	
14	230.0	0.5	0.5	
15	234.0	0.5	0.5	
16	238.0	0.5	0.5	virtual
Marker Name	D7S820
5	254.0	0.5	0.5	virtual
5.2	256.0	0.5	0.5	virtual
6	258.0	0.5	0.5	
7	262.0	0.5	0.5	
8	266.0	0.5	0.5	
8.2	268.0	0.5	0.5	virtual
9	270.0	0.5	0.5	
9.2	272.0	0.5	0.5	virtual
10	274.0	0.5	0.5	
11	278.0	0.5	0.5	
12	282.0	0.5	0.5	
13	286.0	0.5	0.5	
14	290.0	0.5	0.5	
15	294.0	0.5	0.5	
16	298.0	0.5	0.5	virtual
Panel Name	Identifiler_Direct_v1.4X
Marker Name	D8S1179
7	124.0	0.5	0.5	virtual
8	128.0	0.5	0.5	
9	132.0	0.5	0.5	
10	136.0	0.5	0.5	
11	140.0	0.5	0.5	
12	144.0	0.5	0.5	
13	148.0	0.5	0.5	
14	152.0	0.5	0.5	
15	156.0	0.5	0.5	
16	160.0	0.5	0.5	
17	164.0	0.5	0.5	
18	168.0	0.5	0.5	
19	172.0	0.5	0.5	
20	176.0	0.5	0.5	virtual
Marker Name	D21S11
23.2	185.0	0.5	0.5	virtual
24	187.0	0.5	0.5	
24.2	189.0	0.5	0.5	
25	191.0	0.5	0.5	
25.2	193.0	0.5	0.5	virtual
26	195.0	0.5	0.5	
26.2	197.0	0.5	0.5	virtual
27	199.0	0.5	0.5	
27.2	201.0	0.5	0.5	virtual
28	203.0	0.5	0.5	
28.2	205.0	0.5	0.5	
29	207.0	0.5	0.5	
29.2	209.0	0.5	0.5	
30	211.0	0.5	0.5	
30.2	213.0	0.5	0.5	
31	215.0	0.5	0.5	
31.2	217.0	0.5	0.5	
32	219.0	0.5	0.5	
32.2	221.0	0.5	0.5	
33	223.0	0.5	0.5	
33.2	225.0	0.5	0.5	
34	227.0	0.5	0.5	
34.2	229.0	0.5	0.5	
35	231.0	0.5	0.5	
35.2	233.0	0.5	0.5	
36	235.0	0.5	0.5	
36.2	237.0	0.5	0.5	virtual
37	239.0	0.5	0.5	
37.2	241.0	0.5	0.5	virtual
38	243.0	0.5	0.5	
38.2	245.0	0.5	0.5	virtual
39	247.0	0.5	0.5	virtual
Marker Name	D7S820
5	254.0	0.5	0.5	virtual
5.2	256.0	0.5	0.5	virtual
6	258.0	0.5	0.5	
7	262.0	0.5	0.5	
8	266.0	0.5	0.5	
8.2	268.0	0.5	0.5	virtual
9	270.0	0.5	0.5	
9.2	272.0	0.5	0.5	virtual
10	274.0	0.5	0.5	
11	278.0	0.5	0.5	
12	282.0	0.5	0.5	
13	286.0	0.5	0.5	
14	290.0	0.5	0.5	
15	294.0	0.5	0.5	
16	298.0	0.5	0.5	virtual
Marker Name	CSF1PO
5	302.63	0.5	0.5	virtual
6	306.63	0.5	0.5	
7	310.63	0.5	0.5	
8	314.63	0.5	0.5	
9	318.63	0.5	0.5	
10	322.63	0.5	0.5	
10.2	324.63	0.5	0.5	virtual
11	326.63	0.5	0.5	
12	330.63	0.5	0.5	
13	334.63	0.5	0.5	
14	338.63	0.5	0.5	
15	342.63	0.5	0.5	
16	346.63	0.5	0.5	virtual
Marker Name	D3S1358
11	110.0	0.5	0.5	virtual
12	114.0	0.5	0.5	
13	118.0	0.5	0.5	
14	122.0	0.5	0.5	
15	126.0	0.5	0.5	
15.2	128.0	0.5	0.5	virtual
16	130.0	0.5	0.5	
16.2	132.0	0.5	0.5	virtual
17	134.0	0.5	0.5	
17.2	136.0	0.5	0.5	virtual
18	138.0	0.5	0.5	
18.2	140.0	0.5	0.5	virtual
19	142.0	0.5	0.5	
20	146.0	0.5	0.5	virtual
Marker Name	TH01
3	161.0	0.5	0.5	virtual
4	165.0	0.5	0.5	
5	169.0	0.5	0.5	
5.3	172.0	0.5	0.4	virtual
6	173.0	0.4	0.5	
6.3	176.0	0.5	0.4	virtual
7	177.0	0.4	0.5	
7.3	180.0	0.5	0.4	virtual
8	181.0	0.4	0.5	
8.3	184.0	0.5	0.4	virtual
9	185.0	0.4	0.5	
9.3	188.0	0.5	0.4	
10	189.0	0.4	0.5	
10.3	192.0	0.5	0.4	virtual
11	193.0	0.4	0.5	
12	197.0	0.5	0.5	virtual
13	201.0	0.5	0.5	virtual
13.3	204.0	0.5	0.5	
Marker Name	D13S317
7	213.65	0.5	0.5	virtual
8	217.65	0.5	0.5	
9	221.65	0.5	0.5	
10	225.65	0.5	0.5	
11	229.65	0.5	0.5	
12	233.65	0.5	0.5	
13	237.65	0.5	0.5	
14	241.65	0.5	0.5	
15	245.65	0.5	0.5	
16	249.65	0.5	0.5	virtual
Marker Name	D16S539
5	257.3	0.5	0.5	
6	261.3	0.5	0.5	virtual
7	265.3	0.5	0.5	virtual
8	269.3	0.5	0.5	
9	273.3	0.5	0.5	
10	277.3	0.5	0.5	
11	281.3	0.5	0.5	
12	285.3	0.5	0.5	
12.2	287.3	0.5	0.5	virtual
13	289.3	0.5	0.5	
14	293.3	0.5	0.5	
15	297.3	0.5	0.5	
16	301.3	0.5	0.5	virtual
Marker Name	D2S1338
14	305.31	0.5	0.5	virtual
15	309.31	0.5	0.5	
16	313.31	0.5	0.5	
17	317.31	0.5	0.5	
18	321.31	0.5	0.5	
19	325.31	0.5	0.5	
20	329.31	0.5	0.5	
21	333.31	0.5	0.5	
22	337.31	0.5	0.5	
23	341.31	0.5	0.5	
24	345.31	0.5	0.5	
25	349.31	0.5	0.5	
26	353.31	0.5	0.5	
27	357.31	0.5	0.5	
28	361.31	0.5	0.5	
29	365.31	0.5	0.5	virtual
Marker Name	D19S433
9	106.0	0.5	0.5	
9.2	108.0	0.5	0.5	virtual
10	110.0	0.5	0.5	
10.2	112.0	0.5	0.5	virtual
11	114.0	0.5	0.5	
11.2	116.0	0.5	0.5	virtual
12	118.0	0.5	0.5	
12.2	120.0	0.5	0.5	
13	122.0	0.5	0.5	
13.2	124.0	0.5	0.5	
14	126.0	0.5	0.5	
14.2	128.0	0.5	0.5	
15	130.0	0.5	0.5	
15.2	132.0	0.5	0.5	
16	134.0	0.5	0.5	
16.2	136.0	0.5	0.5	
17	138.0	0.5	0.5	
17.2	140.0	0.5	0.5	
18	142.0	0.5	0.5	virtual
18.2	144.0	0.5	0.5	virtual
Marker Name	vWA
10	153.0	0.5	0.5	virtual
11	157.0	0.5	0.5	
12	161.0	0.5	0.5	
13	165.0	0.5	0.5	
14	169.0	0.5	0.5	
15	173.0	0.5	0.5	
15.2	175.0	0.5	0.5	virtual
16	177.0	0.5	0.5	
17	181.0	0.5	0.5	
18	185.0	0.5	0.5	
18.2	187.0	0.5	0.5	virtual
19	189.0	0.5	0.5	
20	193.0	0.5	0.5	
21	197.0	0.5	0.5	
22	201.0	0.5	0.5	
23	205.0	0.5	0.5	
24	209.0	0.5	0.5	
25	213.0	0.5	0.5	virtual
Marker Name	TPOX
5	220.99	0.5	0.5	virtual
6	224.99	0.5	0.5	
7	228.99	0.5	0.5	
8	232.99	0.5	0.5	
9	236.99	0.5	0.5	
10	240.99	0.5	0.5	
11	244.99	0.5	0.5	
12	248.99	0.5	0.5	
13	252.99	0.5	0.5	
14	256.99	0.5	0.5	virtual
Marker Name	D18S51
7	265.0	0.5	0.5	
8	269.0	0.5	0.5	virtual
9	273.0	0.5	0.5	
9.2	275.0	0.5	0.5	virtual
10	277.0	0.5	0.5	
10.2	279.0	0.5	0.5	
11	281.0	0.5	0.5	
11.2	283.0	0.5	0.5	virtual
12	285.0	0.5	0.5	
12.2	287.0	0.5	0.5	virtual
13	289.0	0.5	0.5	
13.2	291.0	0.5	0.5	
14	293.0	0.5	0.5	
14.2	295.0	0.5	0.5	
15	297.0	0.5	0.5	
15.2	299.0	0.5	0.5	virtual
16	301.0	0.5	0.5	
16.2	303.0	0.5	0.5	virtual
17	305.0	0.5	0.5	
17.2	307.0	0.5	0.5	virtual
18	309.0	0.5	0.5	
18.2	311.0	0.5	0.5	virtual
19	313.0	0.5	0.5	
19.2	315.0	0.5	0.5	virtual
20	317.0	0.5	0.5	
20.2	319.0	0.5	0.5	virtual
21	321.0	0.5	0.5	
21.2	323.0	0.5	0.5	virtual
22	325.0	0.5	0.5	
22.2	327.0	0.5	0.5	virtual
23	329.0	0.5	0.5	
23.2	331.0	0.5	0.5	virtual
24	333.0	0.5	0.5	
25	337.0	0.5	0.5	
26	341.0	0.5	0.5	
27	345.0	0.5	0.5	
Marker Name	AMEL
X	107.0	0.5	0.5	
Y	113.0	0.5	0.5	
Marker Name	D5S818
6	131.0	0.5	0.5	virtual
7	135.0	0.5	0.5	
8	139.0	0.5	0.5	
9	143.0	0.5	0.5	
10	147.0	0.5	0.5	
11	151.0	0.5	0.5	
12	155.0	0.5	0.5	
13	159.0	0.5	0.5	
14	163.0	0.5	0.5	
15	167.0	0.5	0.5	
16	171.0	0.5	0.5	
17	175.0	0.5	0.5	virtual
Marker Name	FGA
16	211.0	0.5	0.5	virtual
16.2	213.0	0.5	0.5	virtual
17	215.0	0.5	0.5	
17.2	217.0	0.5	0.5	virtual
18	219.0	0.5	0.5	
18.2	221.0	0.5	0.5	virtual
19	223.0	0.5	0.5	
19.2	225.0	0.5	0.5	virtual
20	227.0	0.5	0.5	
20.2	229.0	0.5	0.5	virtual
21	231.0	0.5	0.5	
21.2	233.0	0.5	0.5	virtual
22	235.0	0.5	0.5	
22.2	237.0	0.5	0.5	virtual
23	239.0	0.5	0.5	
23.2	241.0	0.5	0.5	virtual
24	243.0	0.5	0.5	
24.2	245.0	0.5	0.5	virtual
25	247.0	0.5	0.5	
25.2	249.0	0.5	0.5	virtual
26	251.0	0.5	0.5	
26.2	253.0	0.5	0.5	
27	255.0	0.5	0.5	
27.2	257.0	0.5	0.5	virtual
28	259.0	0.5	0.5	
28.2	261.0	0.5	0.5	virtual
29	263.0	0.5	0.5	
29.2	265.0	0.5	0.5	virtual
30	267.0	0.5	0.5	
30.2	269.0	0.5	0.5	
31	271.0	0.5	0.5	virtual
31.2	273.0	0.5	0.5	
32	275.0	0.5	0.5	virtual
32.2	277.0	0.5	0.5	
33.2	281.0	0.5	0.5	
34.2	285.0	0.5	0.5	virtual
42.2	317.0	0.5	0.5	
43.2	321.0	0.5	0.5	
44.2	325.0	0.5	0.5	
45.2	329.0	0.5	0.5	
46.2	333.0	0.5	0.5	
47.2	337.0	0.5	0.5	
48.2	341.0	0.5	0.5	
49.2	345.0	0.5	0.5	virtual
50.2	349.0	0.5	0.5	
51.2	353.0	0.5	0.5	
Panel Name	Identifiler_Plus_v1.4X
Marker Name	D8S1179
7	124.0	0.5	0.5	virtual
8	128.0	0.5	0.5	
9	132.0	0.5	0.5	
10	136.0	0.5	0.5	
11	140.0	0.5	0.5	
12	144.0	0.5	0.5	
13	148.0	0.5	0.5	
14	152.0	0.5	0.5	
15	156.0	0.5	0.5	
16	160.0	0.5	0.5	
17	164.0	0.5	0.5	
18	168.0	0.5	0.5	
19	172.0	0.5	0.5	
20	176.0	0.5	0.5	virtual
Marker Name	D21S11
23.2	185.0	0.5	0.5	virtual
24	187.0	0.5	0.5	
24.2	189.0	0.5	0.5	
25	191.0	0.5	0.5	
25.2	193.0	0.5	0.5	virtual
26	195.0	0.5	0.5	
26.2	197.0	0.5	0.5	virtual
27	199.0	0.5	0.5	
27.2	201.0	0.5	0.5	virtual
28	203.0	0.5	0.5	
28.2	205.0	0.5	0.5	
29	207.0	0.5	0.5	
29.2	209.0	0.5	0.5	
30	211.0	0.5	0.5	
30.2	213.0	0.5	0.5	
31	215.0	0.5	0.5	
31.2	217.0	0.5	0.5	
32	219.0	0.5	0.5	
32.2	221.0	0.5	0.5	
33	223.0	0.5	0.5	
33.2	225.0	0.5	0.5	
34	227.0	0.5	0.5	
34.2	229.0	0.5	0.5	
35	231.0	0.5	0.5	
35.2	233.0	0.5	0.5	
36	235.0	0.5	0.5	
36.2	237.0	0.5	0.5	virtual
37	239.0	0.5	0.5	
37.2	241.0	0.5	0.5	virtual
38	243.0	0.5	0.5	
38.2	245.0	0.5	0.5	virtual
39	247.0	0.5	0.5	virtual
Marker Name	D7S820
5	254.0	0.5	0.5	virtual
5.2	256.0	0.5	0.5	virtual
6	258.0	0.5	0.5	
7	262.0	0.5	0.5	
8	266.0	0.5	0.5	
8.2	268.0	0.5	0.5	virtual
9	270.0	0.5	0.5	
9.2	272.0	0.5	0.5	virtual
10	274.0	0.5	0.5	
11	278.0	0.5	0.5	
12	282.0	0.5	0.5	
13	286.0	0.5	0.5	
14	290.0	0.5	0.5	
15	294.0	0.5	0.5	
16	298.0	0.5	0.5	virtual
Marker Name	CSF1PO
5	302.63	0.5	0.5	virtual
6	306.63	0.5	0.5	
7	310.63	0.5	0.5	
8	314.63	0.5	0.5	
9	318.63	0.5	0.5	
10	322.63	0.5	0.5	
10.2	324.63	0.5	0.5	virtual
11	326.63	0.5	0.5	
12	330.63	0.5	0.5	
13	334.63	0.5	0.5	
14	338.63	0.5	0.5	
15	342.63	0.5	0.5	
16	346.63	0.5	0.5	virtual
Marker Name	D3S1358
11	110.0	0.5	0.5	virtual
12	114.0	0.5	0.5	
13	118.0	0.5	0.5	
14	122.0	0.5	0.5	
15	126.0	0.5	0.5	
15.2	128.0	0.5	0.5	virtual
16	130.0	0.5	0.5	
16.2	132.0	0.5	0.5	virtual
17	134.0	0.5	0.5	
17.2	136.0	0.5	0.5	virtual
18	138.0	0.5	0.5	
18.2	140.0	0.5	0.5	virtual
19	142.0	0.5	0.5	
20	146.0	0.5	0.5	virtual
Marker Name	TH01
3	161.0	0.5	0.5	virtual
4	165.0	0.5	0.5	
5	169.0	0.5	0.5	
5.3	172.0	0.5	0.4	virtual
6	173.0	0.4	0.5	
6.3	176.0	0.5	0.4	virtual
7	177.0	0.4	0.5	
7.3	180.0	0.5	0.4	virtual
8	181.0	0.4	0.5	
8.3	184.0	0.5	0.4	virtual
9	185.0	0.4	0.5	
9.3	188.0	0.5	0.4	
10	189.0	0.4	0.5	
10.3	192.0	0.5	0.4	virtual
11	193.0	0.4	0.5	
12	197.0	0.5	0.5	virtual
13	201.0	0.5	0.5	virtual
13.3	204.0	0.5	0.5	
Marker Name	D13S317
7	213.65	0.5	0.5	virtual
8	217.65	0.5	0.5	
9	221.65	0.5	0.5	
10	225.65	0.5	0.5	
11	229.65	0.5	0.5	
12	233.65	0.5	0.5	
13	237.65	0.5	0.5	
14	241.65	0.5	0.5	
15	245.65	0.5	0.5	
16	249.65	0.5	0.5	virtual
Marker Name	D16S539
5	257.3	0.5	0.5	
6	261.3	0.5	0.5	virtual
7	265.3	0.5	0.5	virtual
8	269.3	0.5	0.5	
9	273.3	0.5	0.5	
10	277.3	0.5	0.5	
11	281.3	0.5	0.5	
12	285.3	0.5	0.5	
12.2	287.3	0.5	0.5	virtual
13	289.3	0.5	0.5	
14	293.3	0.5	0.5	
15	297.3	0.5	0.5	
16	301.3	0.5	0.5	virtual
Marker Name	D2S1338
14	305.31	0.5	0.5	virtual
15	309.31	0.5	0.5	
16	313.31	0.5	0.5	
17	317.31	0.5	0.5	
18	321.31	0.5	0.5	
19	325.31	0.5	0.5	
20	329.31	0.5	0.5	
21	333.31	0.5	0.5	
22	337.31	0.5	0.5	
23	341.31	0.5	0.5	
24	345.31	0.5	0.5	
25	349.31	0.5	0.5	
26	353.31	0.5	0.5	
27	357.31	0.5	0.5	
28	361.31	0.5	0.5	
29	365.31	0.5	0.5	virtual
Marker Name	D19S433
9	106.0	0.5	0.5	
9.2	108.0	0.5	0.5	virtual
10	110.0	0.5	0.5	
10.2	112.0	0.5	0.5	virtual
11	114.0	0.5	0.5	
11.2	116.0	0.5	0.5	virtual
12	118.0	0.5	0.5	
12.2	120.0	0.5	0.5	
13	122.0	0.5	0.5	
13.2	124.0	0.5	0.5	
14	126.0	0.5	0.5	
14.2	128.0	0.5	0.5	
15	130.0	0.5	0.5	
15.2	132.0	0.5	0.5	
16	134.0	0.5	0.5	
16.2	136.0	0.5	0.5	
17	138.0	0.5	0.5	
17.2	140.0	0.5	0.5	
18	142.0	0.5	0.5	virtual
18.2	144.0	0.5	0.5	virtual
Marker Name	vWA
10	153.0	0.5	0.5	virtual
11	157.0	0.5	0.5	
12	161.0	0.5	0.5	
13	165.0	0.5	0.5	
14	169.0	0.5	0.5	
15	173.0	0.5	0.5	
15.2	175.0	0.5	0.5	virtual
16	177.0	0.5	0.5	
17	181.0	0.5	0.5	
18	185.0	0.5	0.5	
18.2	187.0	0.5	0.5	virtual
19	189.0	0.5	0.5	
20	193.0	0.5	0.5	
21	197.0	0.5	0.5	
22	201.0	0.5	0.5	
23	205.0	0.5	0.5	
24	209.0	0.5	0.5	
25	213.0	0.5	0.5	virtual
Marker Name	TPOX
5	220.99	0.5	0.5	virtual
6	224.99	0.5	0.5	
7	228.99	0.5	0.5	
8	232.99	0.5	0.5	
9	236.99	0.5	0.5	
10	240.99	0.5	0.5	
11	244.99	0.5	0.5	
12	248.99	0.5	0.5	
13	252.99	0.5	0.5	
14	256.99	0.5	0.5	virtual
Marker Name	D18S51
7	265.0	0.5	0.5	
8	269.0	0.5	0.5	virtual
9	273.0	0.5	0.5	
9.2	275.0	0.5	0.5	virtual
10	277.0	0.5	0.5	
10.2	279.0	0.5	0.5	
11	281.0	0.5	0.5	
11.2	283.0	0.5	0.5	virtual
12	285.0	0.5	0.5	
12.2	287.0	0.5	0.5	virtual
13	289.0	0.5	0.5	
13.2	291.0	0.5	0.5	
14	293.0	0.5	0.5	
14.2	295.0	0.5	0.5	
15	297.0	0.5	0.5	
15.2	299.0	0.5	0.5	virtual
16	301.0	0.5	0.5	
16.2	303.0	0.5	0.5	virtual
17	305.0	0.5	0.5	
17.2	307.0	0.5	0.5	virtual
18	309.0	0.5	0.5	
18.2	311.0	0.5	0.5	virtual
19	313.0	0.5	0.5	
19.2	315.0	0.5	0.5	virtual
20	317.0	0.5	0.5	
20.2	319.0	0.5	0.5	virtual
21	321.0	0.5	0.5	
21.2	323.0	0.5	0.5	virtual
22	325.0	0.5	0.5	
22.2	327.0	0.5	0.5	virtual
23	329.0	0.5	0.5	
23.2	331.0	0.5	0.5	virtual
24	333.0	0.5	0.5	
25	337.0	0.5	0.5	
26	341.0	0.5	0.5	
27	345.0	0.5	0.5	
Marker Name	AMEL
X	107.0	0.5	0.5	
Y	113.0	0.5	0.5	
Marker Name	D5S818
6	131.0	0.5	0.5	virtual
7	135.0	0.5	0.5	
8	139.0	0.5	0.5	
9	143.0	0.5	0.5	
10	147.0	0.5	0.5	
11	151.0	0.5	0.5	
12	155.0	0.5	0.5	
13	159.0	0.5	0.5	
14	163.0	0.5	0.5	
15	167.0	0.5	0.5	
16	171.0	0.5	0.5	
17	175.0	0.5	0.5	virtual
Marker Name	FGA
16	211.0	0.5	0.5	virtual
16.2	213.0	0.5	0.5	virtual
17	215.0	0.5	0.5	
17.2	217.0	0.5	0.5	virtual
18	219.0	0.5	0.5	
18.2	221.0	0.5	0.5	virtual
19	223.0	0.5	0.5	
19.2	225.0	0.5	0.5	virtual
20	227.0	0.5	0.5	
20.2	229.0	0.5	0.5	virtual
21	231.0	0.5	0.5	
21.2	233.0	0.5	0.5	virtual
22	235.0	0.5	0.5	
22.2	237.0	0.5	0.5	virtual
23	239.0	0.5	0.5	
23.2	241.0	0.5	0.5	virtual
24	243.0	0.5	0.5	
24.2	245.0	0.5	0.5	virtual
25	247.0	0.5	0.5	
25.2	249.0	0.5	0.5	virtual
26	251.0	0.5	0.5	
26.2	253.0	0.5	0.5	
27	255.0	0.5	0.5	
27.2	257.0	0.5	0.5	virtual
28	259.0	0.5	0.5	
28.2	261.0	0.5	0.5	virtual
29	263.0	0.5	0.5	
29.2	265.0	0.5	0.5	virtual
30	267.0	0.5	0.5	
30.2	269.0	0.5	0.5	
31	271.0	0.5	0.5	virtual
31.2	273.0	0.5	0.5	
32	275.0	0.5	0.5	virtual
32.2	277.0	0.5	0.5	
33.2	281.0	0.5	0.5	
34.2	285.0	0.5	0.5	virtual
42.2	317.0	0.5	0.5	
43.2	321.0	0.5	0.5	
44.2	325.0	0.5	0.5	
45.2	329.0	0.5	0.5	
46.2	333.0	0.5	0.5	
47.2	337.0	0.5	0.5	
48.2	341.0	0.5	0.5	
49.2	345.0	0.5	0.5	virtual
50.2	349.0	0.5	0.5	
51.2	353.0	0.5	0.5	
Panel Name	Identifiler_v1.4X
Marker Name	D8S1179
7	124.0	0.5	0.5	virtual
8	128.0	0.5	0.5	
9	132.0	0.5	0.5	
10	136.0	0.5	0.5	
11	140.0	0.5	0.5	
12	144.0	0.5	0.5	
13	148.0	0.5	0.5	
14	152.0	0.5	0.5	
15	156.0	0.5	0.5	
16	160.0	0.5	0.5	
17	164.0	0.5	0.5	
18	168.0	0.5	0.5	
19	172.0	0.5	0.5	
20	176.0	0.5	0.5	virtual
Marker Name	D21S11
23.2	185.0	0.5	0.5	virtual
24	187.0	0.5	0.5	
24.2	189.0	0.5	0.5	
25	191.0	0.5	0.5	
25.2	193.0	0.5	0.5	virtual
26	195.0	0.5	0.5	
26.2	197.0	0.5	0.5	virtual
27	199.0	0.5	0.5	
27.2	201.0	0.5	0.5	virtual
28	203.0	0.5	0.5	
28.2	205.0	0.5	0.5	
29	207.0	0.5	0.5	
29.2	209.0	0.5	0.5	
30	211.0	0.5	0.5	
30.2	213.0	0.5	0.5	
31	215.0	0.5	0.5	
31.2	217.0	0.5	0.5	
32	219.0	0.5	0.5	
32.2	221.0	0.5	0.5	
33	223.0	0.5	0.5	
33.2	225.0	0.5	0.5	
34	227.0	0.5	0.5	
34.2	229.0	0.5	0.5	
35	231.0	0.5	0.5	
35.2	233.0	0.5	0.5	
36	235.0	0.5	0.5	
36.2	237.0	0.5	0.5	virtual
37	239.0	0.5	0.5	
37.2	241.0	0.5	0.5	virtual
38	243.0	0.5	0.5	
38.2	245.0	0.5	0.5	virtual
39	247.0	0.5	0.5	virtual
Marker Name	D7S820
5	254.0	0.5	0.5	virtual
5.2	256.0	0.5	0.5	virtual
6	258.0	0.5	0.5	
7	262.0	0.5	0.5	
8	266.0	0.5	0.5	
8.2	268.0	0.5	0.5	virtual
9	270.0	0.5	0.5	
9.2	272.0	0.5	0.5	virtual
10	274.0	0.5	0.5	
11	278.0	0.5	0.5	
12	282.0	0.5	0.5	
13	286.0	0.5	0.5	
14	290.0	0.5	0.5	
15	294.0	0.5	0.5	
16	298.0	0.5	0.5	virtual
Marker Name	CSF1PO
5	302.63	0.5	0.5	virtual
6	306.63	0.5	0.5	
7	310.63	0.5	0.5	
8	314.63	0.5	0.5	
9	318.63	0.5	0.5	
10	322.63	0.5	0.5	
10.2	324.63	0.5	0.5	virtual
11	326.63	0.5	0.5	
12	330.63	0.5	0.5	
13	334.63	0.5	0.5	
14	338.63	0.5	0.5	
15	342.63	0.5	0.5	
16	346.63	0.5	0.5	virtual
Marker Name	D3S1358
11	110.0	0.5	0.5	virtual
12	114.0	0.5	0.5	
13	118.0	0.5	0.5	
14	122.0	0.5	0.5	
15	126.0	0.5	0.5	
15.2	128.0	0.5	0.5	virtual
16	130.0	0.5	0.5	
16.2	132.0	0.5	0.5	virtual
17	134.0	0.5	0.5	
17.2	136.0	0.5	0.5	virtual
18	138.0	0.5	0.5	
18.2	140.0	0.5	0.5	virtual
19	142.0	0.5	0.5	
20	146.0	0.5	0.5	virtual
Marker Name	TH01
3	161.0	0.5	0.5	virtual
4	165.0	0.5	0.5	
5	169.0	0.5	0.5	
5.3	172.0	0.5	0.4	virtual
6	173.0	0.4	0.5	
6.3	176.0	0.5	0.4	virtual
7	177.0	0.4	0.5	
7.3	180.0	0.5	0.4	virtual
8	181.0	0.4	0.5	
8.3	184.0	0.5	0.4	virtual
9	185.0	0.4	0.5	
9.3	188.0	0.5	0.4	
10	189.0	0.4	0.5	
10.3	192.0	0.5	0.4	virtual
11	193.0	0.4	0.5	
12	197.0	0.5	0.5	virtual
13	201.0	0.5	0.5	virtual
13.3	204.0	0.5	0.5	
Marker Name	D13S317
7	213.65	0.5	0.5	virtual
8	217.65	0.5	0.5	
9	221.65	0.5	0.5	
10	225.65	0.5	0.5	
11	229.65	0.5	0.5	
12	233.65	0.5	0.5	
13	237.65	0.5	0.5	
14	241.65	0.5	0.5	
15	245.65	0.5	0.5	
16	249.65	0.5	0.5	virtual
Marker Name	D16S539
5	257.3	0.5	0.5	
6	261.3	0.5	0.5	virtual
7	265.3	0.5	0.5	virtual
8	269.3	0.5	0.5	
9	273.3	0.5	0.5	
10	277.3	0.5	0.5	
11	281.3	0.5	0.5	
12	285.3	0.5	0.5	
12.2	287.3	0.5	0.5	virtual
13	289.3	0.5	0.5	
14	293.3	0.5	0.5	
15	297.3	0.5	0.5	
16	301.3	0.5	0.5	virtual
Marker Name	D2S1338
14	305.31	0.5	0.5	virtual
15	309.31	0.5	0.5	
16	313.31	0.5	0.5	
17	317.31	0.5	0.5	
18	321.31	0.5	0.5	
19	325.31	0.5	0.5	
20	329.31	0.5	0.5	
21	333.31	0.5	0.5	
22	337.31	0.5	0.5	
23	341.31	0.5	0.5	
24	345.31	0.5	0.5	
25	349.31	0.5	0.5	
26	353.31	0.5	0.5	
27	357.31	0.5	0.5	
28	361.31	0.5	0.5	
29	365.31	0.5	0.5	virtual
Marker Name	D19S433
9	106.0	0.5	0.5	
9.2	108.0	0.5	0.5	virtual
10	110.0	0.5	0.5	
10.2	112.0	0.5	0.5	virtual
11	114.0	0.5	0.5	
11.2	116.0	0.5	0.5	virtual
12	118.0	0.5	0.5	
12.2	120.0	0.5	0.5	
13	122.0	0.5	0.5	
13.2	124.0	0.5	0.5	
14	126.0	0.5	0.5	
14.2	128.0	0.5	0.5	
15	130.0	0.5	0.5	
15.2	132.0	0.5	0.5	
16	134.0	0.5	0.5	
16.2	136.0	0.5	0.5	
17	138.0	0.5	0.5	
17.2	140.0	0.5	0.5	
18	142.0	0.5	0.5	virtual
18.2	144.0	0.5	0.5	virtual
Marker Name	vWA
10	153.0	0.5	0.5	virtual
11	157.0	0.5	0.5	
12	161.0	0.5	0.5	
13	165.0	0.5	0.5	
14	169.0	0.5	0.5	
15	173.0	0.5	0.5	
15.2	175.0	0.5	0.5	virtual
16	177.0	0.5	0.5	
17	181.0	0.5	0.5	
18	185.0	0.5	0.5	
18.2	187.0	0.5	0.5	virtual
19	189.0	0.5	0.5	
20	193.0	0.5	0.5	
21	197.0	0.5	0.5	
22	201.0	0.5	0.5	
23	205.0	0.5	0.5	
24	209.0	0.5	0.5	
25	213.0	0.5	0.5	virtual
Marker Name	TPOX
5	220.99	0.5	0.5	virtual
6	224.99	0.5	0.5	
7	228.99	0.5	0.5	
8	232.99	0.5	0.5	
9	236.99	0.5	0.5	
10	240.99	0.5	0.5	
11	244.99	0.5	0.5	
12	248.99	0.5	0.5	
13	252.99	0.5	0.5	
14	256.99	0.5	0.5	virtual
Marker Name	D18S51
7	265.0	0.5	0.5	
8	269.0	0.5	0.5	virtual
9	273.0	0.5	0.5	
9.2	275.0	0.5	0.5	virtual
10	277.0	0.5	0.5	
10.2	279.0	0.5	0.5	
11	281.0	0.5	0.5	
11.2	283.0	0.5	0.5	virtual
12	285.0	0.5	0.5	
12.2	287.0	0.5	0.5	virtual
13	289.0	0.5	0.5	
13.2	291.0	0.5	0.5	
14	293.0	0.5	0.5	
14.2	295.0	0.5	0.5	
15	297.0	0.5	0.5	
15.2	299.0	0.5	0.5	virtual
16	301.0	0.5	0.5	
16.2	303.0	0.5	0.5	virtual
17	305.0	0.5	0.5	
17.2	307.0	0.5	0.5	virtual
18	309.0	0.5	0.5	
18.2	311.0	0.5	0.5	virtual
19	313.0	0.5	0.5	
19.2	315.0	0.5	0.5	virtual
20	317.0	0.5	0.5	
20.2	319.0	0.5	0.5	virtual
21	321.0	0.5	0.5	
21.2	323.0	0.5	0.5	virtual
22	325.0	0.5	0.5	
22.2	327.0	0.5	0.5	virtual
23	329.0	0.5	0.5	
23.2	331.0	0.5	0.5	virtual
24	333.0	0.5	0.5	
25	337.0	0.5	0.5	
26	341.0	0.5	0.5	
27	345.0	0.5	0.5	
Marker Name	AMEL
X	107.0	0.5	0.5	
Y	113.0	0.5	0.5	
Marker Name	D5S818
6	131.0	0.5	0.5	virtual
7	135.0	0.5	0.5	
8	139.0	0.5	0.5	
9	143.0	0.5	0.5	
10	147.0	0.5	0.5	
11	151.0	0.5	0.5	
12	155.0	0.5	0.5	
13	159.0	0.5	0.5	
14	163.0	0.5	0.5	
15	167.0	0.5	0.5	
16	171.0	0.5	0.5	
17	175.0	0.5	0.5	virtual
Marker Name	FGA
16	211.0	0.5	0.5	virtual
16.2	213.0	0.5	0.5	virtual
17	215.0	0.5	0.5	
17.2	217.0	0.5	0.5	virtual
18	219.0	0.5	0.5	
18.2	221.0	0.5	0.5	virtual
19	223.0	0.5	0.5	
19.2	225.0	0.5	0.5	virtual
20	227.0	0.5	0.5	
20.2	229.0	0.5	0.5	virtual
21	231.0	0.5	0.5	
21.2	233.0	0.5	0.5	virtual
22	235.0	0.5	0.5	
22.2	237.0	0.5	0.5	virtual
23	239.0	0.5	0.5	
23.2	241.0	0.5	0.5	virtual
24	243.0	0.5	0.5	
24.2	245.0	0.5	0.5	virtual
25	247.0	0.5	0.5	
25.2	249.0	0.5	0.5	virtual
26	251.0	0.5	0.5	
26.2	253.0	0.5	0.5	
27	255.0	0.5	0.5	
27.2	257.0	0.5	0.5	virtual
28	259.0	0.5	0.5	
28.2	261.0	0.5	0.5	virtual
29	263.0	0.5	0.5	
29.2	265.0	0.5	0.5	virtual
30	267.0	0.5	0.5	
30.2	269.0	0.5	0.5	
31	271.0	0.5	0.5	virtual
31.2	273.0	0.5	0.5	
32	275.0	0.5	0.5	virtual
32.2	277.0	0.5	0.5	
33.2	281.0	0.5	0.5	
34.2	285.0	0.5	0.5	virtual
42.2	317.0	0.5	0.5	
43.2	321.0	0.5	0.5	
44.2	325.0	0.5	0.5	
45.2	329.0	0.5	0.5	
46.2	333.0	0.5	0.5	
47.2	337.0	0.5	0.5	
48.2	341.0	0.5	0.5	
49.2	345.0	0.5	0.5	virtual
50.2	349.0	0.5	0.5	
51.2	353.0	0.5	0.5	
Panel Name	MiniFiler_v1.4X
Marker Name	D13S317
7	99.0	0.5	0.5	virtual
8	103.0	0.5	0.5	
9	107.0	0.5	0.5	
10	111.0	0.5	0.5	
11	115.0	0.5	0.5	
12	119.0	0.5	0.5	
13	123.0	0.5	0.5	
14	127.0	0.5	0.5	
15	131.0	0.5	0.5	
16	135.0	0.5	0.5	virtual
Marker Name	D7S820
5	145.5	0.5	0.5	virtual
5.2	147.5	0.5	0.5	virtual
6	149.5	0.5	0.5	
7	153.5	0.5	0.5	
8	157.5	0.5	0.5	
8.2	159.5	0.5	0.5	virtual
9	161.5	0.5	0.5	
9.2	163.5	0.5	0.5	virtual
10	165.5	0.5	0.5	
11	169.5	0.5	0.5	
12	173.5	0.5	0.5	
13	177.5	0.5	0.5	
14	181.5	0.5	0.5	
15	185.5	0.5	0.5	
16	189.5	0.5	0.5	virtual
Marker Name	AMEL
X	101.3	0.5	0.5	
Y	107.3	0.5	0.5	
Marker Name	D2S1338
14	115.9	0.5	0.5	virtual
15	119.9	0.5	0.5	
16	123.9	0.5	0.5	
17	127.9	0.5	0.5	
18	131.9	0.5	0.5	
19	135.9	0.5	0.5	
20	139.9	0.5	0.5	
21	143.9	0.5	0.5	
22	147.9	0.5	0.5	
23	151.9	0.5	0.5	
24	155.9	0.5	0.5	
25	159.9	0.5	0.5	
26	163.9	0.5	0.5	
27	167.9	0.5	0.5	
28	171.9	0.5	0.5	
29	175.9	0.5	0.5	virtual
Marker Name	D21S11
23.2	184.6	0.5	0.5	virtual
24	186.6	0.5	0.5	
24.2	188.6	0.5	0.5	
25	190.6	0.5	0.5	
25.2	192.6	0.5	0.5	virtual
26	194.6	0.5	0.5	
26.2	196.6	0.5	0.5	virtual
27	198.6	0.5	0.5	
27.2	200.6	0.5	0.5	virtual
28	202.6	0.5	0.5	
28.2	204.6	0.5	0.5	
29	206.6	0.5	0.5	
29.2	208.6	0.5	0.5	
30	210.6	0.5	0.5	
30.2	212.6	0.5	0.5	
31	214.6	0.5	0.5	
31.2	216.6	0.5	0.5	
32	218.6	0.5	0.5	
32.2	220.6	0.5	0.5	
33	222.6	0.5	0.5	
33.2	224.6	0.5	0.5	
34	226.6	0.5	0.5	
34.2	228.6	0.5	0.5	
35	230.6	0.5	0.5	
35.2	232.6	0.5	0.5	
36	234.6	0.5	0.5	
36.2	236.6	0.5	0.5	virtual
37	238.6	0.5	0.5	
37.2	240.6	0.5	0.5	virtual
38	242.6	0.5	0.5	
38.2	244.6	0.5	0.5	virtual
39	246.6	0.5	0.5	virtual
Marker Name	D16S539
5	75.0	0.5	0.5	
6	79.0	0.5	0.5	virtual
7	83.0	0.5	0.5	virtual
8	87.0	0.5	0.5	
9	91.0	0.5	0.5	
10	95.0	0.5	0.5	
11	99.0	0.5	0.5	
12	103.0	0.5	0.5	
12.2	105.0	0.5	0.5	virtual
13	107.0	0.5	0.5	
14	111.0	0.5	0.5	
15	115.0	0.5	0.5	
Marker Name	D18S51
7	124.4	0.5	0.5	
8	128.4	0.5	0.5	virtual
9	132.4	0.5	0.5	
9.2	134.4	0.5	0.5	virtual
10	136.4	0.5	0.5	
10.2	138.4	0.5	0.5	
11	140.4	0.5	0.5	
11.2	142.4	0.5	0.5	virtual
12	144.4	0.5	0.5	
12.2	146.4	0.5	0.5	virtual
13	148.4	0.5	0.5	
13.2	150.4	0.5	0.5	
14	152.4	0.5	0.5	
14.2	154.4	0.5	0.5	
15	156.4	0.5	0.5	
15.2	158.4	0.5	0.5	virtual
16	160.4	0.5	0.5	
16.2	162.4	0.5	0.5	virtual
17	164.4	0.5	0.5	
17.2	166.4	0.5	0.5	virtual
18	168.4	0.5	0.5	
18.2	170.4	0.5	0.5	virtual
19	172.4	0.5	0.5	
19.2	174.4	0.5	0.5	virtual
20	176.4	0.5	0.5	
20.2	178.4	0.5	0.5	virtual
21	180.4	0.5	0.5	
21.2	182.4	0.5	0.5	virtual
22	184.4	0.5	0.5	
22.2	186.4	0.5	0.5	virtual
23	188.4	0.5	0.5	
23.2	190.4	0.5	0.5	virtual
24	192.4	0.5	0.5	
25	196.4	0.5	0.5	
26	200.4	0.5	0.5	
27	204.4	0.5	0.5	
Marker Name	CSF1PO
5	86.6	0.5	0.5	virtual
6	90.6	0.5	0.5	
7	94.6	0.5	0.5	
8	98.6	0.5	0.5	
9	102.6	0.5	0.5	
10	106.6	0.5	0.5	
10.2	108.6	0.5	0.5	virtual
11	110.6	0.5	0.5	
12	114.6	0.5	0.5	
13	118.6	0.5	0.5	
14	122.6	0.5	0.5	
15	126.6	0.5	0.5	
16	130.6	0.5	0.5	virtual
Marker Name	FGA
16	146.4	0.5	0.5	virtual
16.2	148.4	0.5	0.5	virtual
17	150.4	0.5	0.5	
17.2	152.4	0.5	0.5	virtual
18	154.4	0.5	0.5	
18.2	156.4	0.5	0.5	virtual
19	158.4	0.5	0.5	
19.2	160.4	0.5	0.5	virtual
20	162.4	0.5	0.5	
20.2	164.4	0.5	0.5	virtual
21	166.4	0.5	0.5	
21.2	168.4	0.5	0.5	virtual
22	170.4	0.5	0.5	
22.2	172.4	0.5	0.5	virtual
23	174.4	0.5	0.5	
23.2	176.4	0.5	0.5	virtual
24	178.4	0.5	0.5	
24.2	180.4	0.5	0.5	virtual
25	182.4	0.5	0.5	
25.2	184.4	0.5	0.5	virtual
26	186.4	0.5	0.5	
26.2	188.4	0.5	0.5	
27	190.4	0.5	0.5	
27.2	192.4	0.5	0.5	virtual
28	194.4	0.5	0.5	
28.2	196.4	0.5	0.5	virtual
29	198.4	0.5	0.5	
29.2	200.4	0.5	0.5	virtual
30	202.4	0.5	0.5	
30.2	204.4	0.5	0.5	
31	206.4	0.5	0.5	virtual
31.2	208.4	0.5	0.5	
32	210.4	0.5	0.5	virtual
32.2	212.4	0.5	0.5	
33.2	216.4	0.5	0.5	
34.2	220.4	0.5	0.5	virtual
42.2	252.4	0.5	0.5	
43.2	256.4	0.5	0.5	
44.2	260.4	0.5	0.5	
45.2	264.4	0.5	0.5	
46.2	268.4	0.5	0.5	
47.2	272.4	0.5	0.5	
48.2	276.4	0.5	0.5	
49.2	280.4	0.5	0.5	virtual
50.2	284.4	0.5	0.5	
51.2	288.4	0.5	0.5	
Panel Name	Yfiler_v1.4X
Marker Name	B_DYS456
13	103.0	0.5	0.5	
14	107.0	0.5	0.5	
15	111.0	0.5	0.5	
16	115.0	0.5	0.5	
17	119.0	0.5	0.5	
18	123.0	0.5	0.5	
Marker Name	B_DYS389I
9	142.0	0.5	0.5	virtual
10	146.0	0.5	0.5	
11	150.0	0.5	0.5	
12	154.0	0.5	0.5	
13	158.0	0.5	0.5	
14	162.0	0.5	0.5	
15	166.0	0.5	0.5	
16	170.0	0.5	0.5	virtual
Marker Name	B_DYS390
17	193.0	0.5	0.5	virtual
18	197.0	0.5	0.5	
19	201.0	0.5	0.5	
20	205.0	0.5	0.5	
21	209.0	0.5	0.5	
22	213.0	0.5	0.5	
23	217.0	0.5	0.5	
24	221.0	0.5	0.5	
25	225.0	0.5	0.5	
26	229.0	0.5	0.5	
27	233.0	0.5	0.5	
28	237.0	0.5	0.5	virtual
Marker Name	B_DYS389II
24	254.0	0.5	0.5	
25	258.0	0.5	0.5	
26	262.0	0.5	0.5	
27	266.0	0.5	0.5	
28	270.0	0.5	0.5	
29	274.0	0.5	0.5	
30	278.0	0.5	0.5	
31	282.0	0.5	0.5	
32	286.0	0.5	0.5	
33	290.0	0.5	0.5	
34	294.0	0.5	0.5	
Marker Name	G_DYS458
14	137.0	0.5	0.5	
15	141.0	0.5	0.5	
16	145.0	0.5	0.5	
17	149.0	0.5	0.5	
18	153.0	0.5	0.5	
19	157.0	0.5	0.5	
20	161.0	0.5	0.5	
Marker Name	G_DYS19
10	175.0	0.5	0.5	
11	179.0	0.5	0.5	
12	183.0	0.5	0.5	
13	187.0	0.5	0.5	
14	191.0	0.5	0.5	
14.3	194.0	0.4	0.4	virtual
15	195.0	0.5	0.5	
16	199.0	0.5	0.5	
17	203.0	0.5	0.5	
18	207.0	0.5	0.5	
19	211.0	0.5	0.5	
Marker Name	G_DYS385
7	243.0	0.5	0.5	
8	247.0	0.5	0.5	
9	251.0	0.5	0.5	
10	255.0	0.5	0.5	
11	259.0	0.5	0.5	
12	263.0	0.5	0.5	
13	267.0	0.5	0.5	
13.2	269.0	0.45	0.45	virtual
14	271.0	0.5	0.5	
14.2	273.0	0.45	0.45	virtual
15	275.0	0.5	0.5	
15.3	278.0	0.45	0.45	virtual
16	279.0	0.5	0.5	
16.3	282.0	0.45	0.45	virtual
17	283.0	0.5	0.5	
17.1	284.0	0.45	0.45	virtual
17.2	285.0	0.45	0.45	virtual
17.3	286.0	0.45	0.45	virtual
18	287.0	0.5	0.5	
19	291.0	0.5	0.5	
20	295.0	0.5	0.5	
21	299.0	0.5	0.5	
22	303.0	0.5	0.5	
23	307.0	0.5	0.5	
24	311.0	0.5	0.5	
25	315.0	0.5	0.5	
Marker Name	Y_DYS393
8	107.0	0.5	0.5	
9	111.0	0.5	0.5	
10	115.0	0.5	0.5	
11	119.0	0.5	0.5	
12	123.0	0.5	0.5	
13	127.0	0.5	0.5	
14	131.0	0.5	0.5	
15	135.0	0.5	0.5	
16	139.0	0.5	0.5	
17	143.0	0.5	0.5	virtual
Marker Name	Y_DYS391
6	148.0	0.5	0.5	virtual
7	152.0	0.5	0.5	
8	156.0	0.5	0.5	
9	160.0	0.5	0.5	
10	164.0	0.5	0.5	
11	168.0	0.5	0.5	
12	172.0	0.5	0.5	
13	176.0	0.5	0.5	
14	180.0	0.5	0.5	virtual
Marker Name	Y_DYS439
8	200.0	0.5	0.5	
9	204.0	0.5	0.5	
10	208.0	0.5	0.5	
11	212.0	0.5	0.5	
12	216.0	0.5	0.5	
13	220.0	0.5	0.5	
14	224.0	0.5	0.5	
15	228.0	0.5	0.5	
Marker Name	Y_DYS635
19	242.0	0.5	0.5	virtual
20	246.0	0.5	0.5	
21	250.0	0.5	0.5	
22	254.0	0.5	0.5	
23	258.0	0.5	0.5	
24	262.0	0.5	0.5	
25	266.0	0.5	0.5	
26	270.0	0.5	0.5	
Marker Name	Y_DYS392
6	291.0	0.5	0.5	virtual
7	294.0	0.5	0.5	
8	297.0	0.5	0.5	
9	300.0	0.5	0.5	
10	303.0	0.5	0.5	
11	306.0	0.5	0.5	
12	309.0	0.5	0.5	
13	312.0	0.5	0.5	
14	315.0	0.5	0.5	
15	318.0	0.5	0.5	
16	321.0	0.5	0.5	
17	324.0	0.5	0.5	
18	327.0	0.5	0.5	
Marker Name	R_Y_GATA_H4
8	122.0	0.5	0.5	
9	126.0	0.5	0.5	
10	130.0	0.5	0.5	
11	134.0	0.5	0.5	
12	138.0	0.5	0.5	
13	142.0	0.5	0.5	
Marker Name	R_DYS437
13	182.0	0.5	0.5	
14	186.0	0.5	0.5	
15	190.0	0.5	0.5	
16	194.0	0.5	0.5	
17	198.0	0.5	0.5	
18	202.0	0.5	0.5	virtual
Marker Name	R_DYS438
8	223.5	0.5	0.5	
9	228.5	0.5	0.5	
10	233.5	0.5	0.5	
11	238.5	0.5	0.5	
12	243.5	0.5	0.5	
13	248.5	0.5	0.5	
Marker Name	R_DYS448
16	276.0	0.5	0.5	virtual
17	282.0	0.5	0.5	
18	288.0	0.5	0.5	
19	294.0	0.5	0.5	
20	300.0	0.5	0.5	
21	306.0	0.5	0.5	
22	312.0	0.5	0.5	
23	318.0	0.5	0.5	
24	324.0	0.5	0.5	
Panel Name	NGM_SElect_v2.4X
Marker Name	D10S1248
7	73.0	0.5	0.5	virtual
8	77.0	0.5	0.5	
9	81.0	0.5	0.5	
10	85.0	0.5	0.5	
11	89.0	0.5	0.5	
12	93.0	0.5	0.5	
13	97.0	0.5	0.5	
14	101.0	0.5	0.5	
15	105.0	0.5	0.5	
16	109.0	0.5	0.5	
17	113.0	0.5	0.5	
18	117.0	0.5	0.5	
19	121.0	0.5	0.5	virtual
Marker Name	vWA
10	150.0	0.5	0.5	virtual
11	154.0	0.5	0.5	
12	158.0	0.5	0.5	
13	162.0	0.5	0.5	
14	166.0	0.5	0.5	
15	170.0	0.5	0.5	
15.2	172.0	0.5	0.5	virtual
16	174.0	0.5	0.5	
17	178.0	0.5	0.5	
18	182.0	0.5	0.5	
18.2	184.0	0.5	0.5	virtual
19	186.0	0.5	0.5	
20	190.0	0.5	0.5	
21	194.0	0.5	0.5	
22	198.0	0.5	0.5	
23	202.0	0.5	0.5	
24	206.0	0.5	0.5	
25	210.0	0.5	0.5	virtual
Marker Name	D16S539
5	228.5	0.5	0.5	
6	232.5	0.5	0.5	virtual
7	236.5	0.5	0.5	virtual
8	240.5	0.5	0.5	
9	244.5	0.5	0.5	
10	248.5	0.5	0.5	
11	252.5	0.5	0.5	
12	256.5	0.5	0.5	
12.2	258.5	0.5	0.5	virtual
13	260.5	0.5	0.5	
14	264.5	0.5	0.5	
15	268.5	0.5	0.5	
16	272.5	0.5	0.5	virtual
Marker Name	D2S1338
14	285.5	0.5	0.5	virtual
15	289.5	0.5	0.5	
16	293.5	0.5	0.5	
17	297.5	0.5	0.5	
18	301.5	0.5	0.5	
19	305.5	0.5	0.5	
20	309.5	0.5	0.5	
21	313.5	0.5	0.5	
22	317.5	0.5	0.5	
23	321.5	0.5	0.5	
24	325.5	0.5	0.5	
25	329.5	0.5	0.5	
26	333.5	0.5	0.5	
27	337.5	0.5	0.5	
28	341.5	0.5	0.5	
29	345.5	0.5	0.5	virtual
Marker Name	AMEL
X	101.0	0.5	0.5	
Y	107.0	0.5	0.5	
Marker Name	D8S1179
7	121.0	0.5	0.5	virtual
8	125.0	0.5	0.5	
9	129.0	0.5	0.5	
10	133.0	0.5	0.5	
11	137.0	0.5	0.5	
12	141.0	0.5	0.5	
13	145.0	0.5	0.5	
14	149.0	0.5	0.5	
15	153.0	0.5	0.5	
16	157.0	0.5	0.5	
17	161.0	0.5	0.5	
18	165.0	0.5	0.5	
19	169.0	0.5	0.5	
20	173.0	0.5	0.5	virtual
Marker Name	D21S11
23.2	183.0	0.5	0.5	virtual
24	185.0	0.5	0.5	
24.2	187.0	0.5	0.5	
25	189.0	0.5	0.5	
25.2	191.0	0.5	0.5	virtual
26	193.0	0.5	0.5	
26.2	195.0	0.5	0.5	virtual
27	197.0	0.5	0.5	
27.2	199.0	0.5	0.5	virtual
28	201.0	0.5	0.5	
28.2	203.0	0.5	0.5	
29	205.0	0.5	0.5	
29.2	207.0	0.5	0.5	
30	209.0	0.5	0.5	
30.2	211.0	0.5	0.5	
31	213.0	0.5	0.5	
31.2	215.0	0.5	0.5	
32	217.0	0.5	0.5	
32.2	219.0	0.5	0.5	
33	221.0	0.5	0.5	
33.2	223.0	0.5	0.5	
34	225.0	0.5	0.5	
34.2	227.0	0.5	0.5	
35	229.0	0.5	0.5	
35.2	231.0	0.5	0.5	
36	233.0	0.5	0.5	
36.2	235.0	0.5	0.5	virtual
37	237.0	0.5	0.5	
37.2	239.0	0.5	0.5	virtual
38	241.0	0.5	0.5	
38.2	243.0	0.5	0.5	virtual
39	245.0	0.5	0.5	virtual
Marker Name	D18S51
7	263.0	0.5	0.5	
8	267.0	0.5	0.5	virtual
9	271.0	0.5	0.5	
9.2	273.0	0.5	0.5	virtual
10	275.0	0.5	0.5	
10.2	277.0	0.5	0.5	
11	279.0	0.5	0.5	
11.2	281.0	0.5	0.5	virtual
12	283.0	0.5	0.5	
12.2	285.0	0.5	0.5	virtual
13	287.0	0.5	0.5	
13.2	289.0	0.5	0.5	
14	291.0	0.5	0.5	
14.2	293.0	0.5	0.5	
15	295.0	0.5	0.5	
15.2	297.0	0.5	0.5	virtual
16	299.0	0.5	0.5	
16.2	301.0	0.5	0.5	virtual
17	303.0	0.5	0.5	
17.2	305.0	0.5	0.5	virtual
18	307.0	0.5	0.5	
18.2	309.0	0.5	0.5	virtual
19	311.0	0.5	0.5	
19.2	313.0	0.5	0.5	virtual
20	315.0	0.5	0.5	
20.2	317.0	0.5	0.5	virtual
21	319.0	0.5	0.5	
21.2	321.0	0.5	0.5	virtual
22	323.0	0.5	0.5	
22.2	325.0	0.5	0.5	virtual
23	327.0	0.5	0.5	
23.2	329.0	0.5	0.5	virtual
24	331.0	0.5	0.5	
25	335.0	0.5	0.5	
26	339.0	0.5	0.5	
27	343.0	0.5	0.5	
Marker Name	D22S1045
8	80.0	0.5	0.5	
9	83.0	0.5	0.5	
10	86.0	0.5	0.5	
11	89.0	0.5	0.5	
12	92.0	0.5	0.5	
13	95.0	0.5	0.5	
14	98.0	0.5	0.5	
15	101.0	0.5	0.5	
16	104.0	0.5	0.5	
17	107.0	0.5	0.5	
18	110.0	0.5	0.5	
19	113.0	0.5	0.5	
Marker Name	D19S433
9	127.3	0.5	0.5	
9.2	129.3	0.5	0.5	virtual
10	131.3	0.5	0.5	
10.2	133.3	0.5	0.5	virtual
11	135.3	0.5	0.5	
11.2	137.3	0.5	0.5	virtual
12	139.3	0.5	0.5	
12.2	141.3	0.5	0.5	
13	143.3	0.5	0.5	
13.2	145.3	0.5	0.5	
14	147.3	0.5	0.5	
14.2	149.3	0.5	0.5	
15	151.3	0.5	0.5	
15.2	153.3	0.5	0.5	
16	155.3	0.5	0.5	
16.2	157.3	0.5	0.5	
17	159.3	0.5	0.5	
17.2	161.3	0.5	0.5	
18	163.3	0.5	0.5	virtual
18.2	165.3	0.5	0.5	virtual
Marker Name	TH01
3	177.0	0.5	0.5	virtual
4	181.0	0.5	0.5	
5	185.0	0.5	0.5	
5.3	188.0	0.5	0.49	virtual
6	189.0	0.49	0.5	
6.3	192.0	0.5	0.49	virtual
7	193.0	0.49	0.5	
7.3	196.0	0.5	0.49	virtual
8	197.0	0.49	0.5	
8.3	200.0	0.5	0.49	virtual
9	201.0	0.49	0.5	
9.3	204.0	0.5	0.49	
10	205.0	0.49	0.5	
10.3	208.0	0.5	0.49	virtual
11	209.0	0.49	0.5	
12	213.0	0.5	0.5	virtual
13	217.0	0.5	0.5	virtual
13.3	220.0	0.5	0.5	
Marker Name	FGA
16	226.0	0.5	0.5	virtual
16.2	228.0	0.5	0.5	virtual
17	230.0	0.5	0.5	
17.2	232.0	0.5	0.5	virtual
18	234.0	0.5	0.5	
18.2	236.0	0.5	0.5	virtual
19	238.0	0.5	0.5	
19.2	240.0	0.5	0.5	virtual
20	242.0	0.5	0.5	
20.2	244.0	0.5	0.5	virtual
21	246.0	0.5	0.5	
21.2	248.0	0.5	0.5	virtual
22	250.0	0.5	0.5	
22.2	252.0	0.5	0.5	virtual
23	254.0	0.5	0.5	
23.2	256.0	0.5	0.5	virtual
24	258.0	0.5	0.5	
24.2	260.0	0.5	0.5	virtual
25	262.0	0.5	0.5	
25.2	264.0	0.5	0.5	virtual
26	266.0	0.5	0.5	
26.2	268.0	0.5	0.5	
27	270.0	0.5	0.5	
27.2	272.0	0.5	0.5	virtual
28	274.0	0.5	0.5	
28.2	276.0	0.5	0.5	virtual
29	278.0	0.5	0.5	
29.2	280.0	0.5	0.5	virtual
30	282.0	0.5	0.5	
30.2	284.0	0.5	0.5	
31	286.0	0.5	0.5	virtual
31.2	288.0	0.5	0.5	
32	290.0	0.5	0.5	virtual
32.2	292.0	0.5	0.5	
33.2	296.0	0.5	0.5	
34.2	300.0	0.5	0.5	virtual
42.2	332.0	0.5	0.5	
43.2	336.0	0.5	0.5	
44.2	340.0	0.5	0.5	
45.2	344.0	0.5	0.5	
46.2	348.0	0.5	0.5	
47.2	352.0	0.5	0.5	
48.2	356.0	0.5	0.5	
49.2	360.0	0.5	0.5	virtual
50.2	364.0	0.5	0.5	
51.2	368.0	0.5	0.5	
Marker Name	D2S441
9	80.0	0.5	0.5	
10	84.0	0.5	0.5	
11	88.0	0.5	0.5	
11.3	91.0	0.5	0.49	
12	92.0	0.49	0.5	
12.3	95.0	0.5	0.49	virtual
13	96.0	0.49	0.5	
13.3	99.0	0.5	0.49	virtual
14	100.0	0.49	0.5	
14.3	103.0	0.5	0.49	virtual
15	104.0	0.49	0.5	
16	108.0	0.5	0.5	
17	112.0	0.5	0.5	virtual
Marker Name	D3S1358
11	131.0	0.5	0.5	virtual
12	135.0	0.5	0.5	
13	139.0	0.5	0.5	
14	143.0	0.5	0.5	
15	147.0	0.5	0.5	
15.2	149.0	0.5	0.5	virtual
16	151.0	0.5	0.5	
16.2	153.0	0.5	0.5	virtual
17	155.0	0.5	0.5	
17.2	157.0	0.5	0.5	virtual
18	159.0	0.5	0.5	
18.2	161.0	0.5	0.5	virtual
19	163.0	0.5	0.5	
20	167.0	0.5	0.5	virtual
Marker Name	D1S1656
9	175.0	0.5	0.5	
10	179.0	0.5	0.5	
11	183.0	0.5	0.5	
12	187.0	0.5	0.5	
13	191.0	0.5	0.5	
14	195.0	0.5	0.5	
14.3	198.0	0.5	0.49	
15	199.0	0.49	0.5	
15.3	202.0	0.5	0.49	
16	203.0	0.49	0.5	
16.3	206.0	0.5	0.49	
17	207.0	0.49	0.5	
17.3	210.0	0.5	0.49	
18	211.0	0.49	0.5	virtual
18.3	214.0	0.5	0.5	
19.3	218.0	0.5	0.5	
20.3	222.0	0.5	0.5	
Marker Name	D12S391
14	229.0	0.5	0.5	
15	233.0	0.5	0.5	
16	237.0	0.5	0.5	
17	241.0	0.5	0.5	
17.3	244.0	0.5	0.49	virtual
18	245.0	0.49	0.5	
18.3	248.0	0.5	0.49	virtual
19	249.0	0.49	0.5	
19.1	250.0	0.49	0.5	virtual
19.3	252.0	0.5	0.49	
20	253.0	0.49	0.5	
20.3	256.0	0.5	0.49	virtual
21	257.0	0.49	0.5	
22	261.0	0.5	0.5	
23	265.0	0.5	0.5	
24	269.0	0.5	0.5	
25	273.0	0.5	0.5	
26	277.0	0.5	0.5	
27	281.0	0.5	0.5	
Marker Name	SE33
4.2	300.5	0.5	0.5	
5	302.5	0.5	0.5	virtual
6	306.5	0.5	0.5	virtual
6.3	309.5	0.5	0.4	
7	310.5	0.4	0.5	virtual
8	314.5	0.5	0.5	
8.2	316.5	0.5	0.5	virtual
9	318.5	0.5	0.5	
9.2	320.5	0.5	0.5	virtual
10	322.5	0.5	0.5	virtual
10.2	324.5	0.5	0.5	virtual
11	326.5	0.5	0.5	
11.2	328.5	0.5	0.5	virtual
12	330.5	0.5	0.5	
12.2	332.5	0.5	0.5	virtual
13	334.5	0.5	0.5	
13.2	336.5	0.5	0.5	virtual
14	338.5	0.5	0.5	
14.2	340.5	0.5	0.5	virtual
15	342.5	0.5	0.5	
15.2	344.5	0.5	0.5	virtual
16	346.5	0.5	0.5	
16.2	348.5	0.5	0.5	virtual
17	350.5	0.5	0.5	
17.2	352.5	0.5	0.5	virtual
18	354.5	0.5	0.5	
18.2	356.5	0.5	0.5	virtual
19	358.5	0.5	0.5	
19.2	360.5	0.5	0.5	virtual
20	362.5	0.5	0.5	
20.2	364.5	0.5	0.5	
21	366.5	0.5	0.5	
21.1	367.5	0.48	0.48	virtual
21.2	368.5	0.5	0.5	
22	370.5	0.5	0.5	virtual
22.2	372.5	0.5	0.5	
23	374.5	0.5	0.5	virtual
23.2	376.5	0.5	0.5	
24	378.5	0.5	0.5	virtual
24.2	380.5	0.5	0.5	
25	382.5	0.5	0.5	virtual
25.2	384.5	0.5	0.5	
26	386.5	0.5	0.5	virtual
26.2	388.5	0.5	0.5	
27	390.5	0.5	0.5	virtual
27.2	392.5	0.5	0.5	
28	394.5	0.5	0.5	virtual
28.2	396.5	0.5	0.5	
29	398.5	0.5	0.5	virtual
29.2	400.5	0.5	0.5	
30	402.5	0.5	0.5	virtual
30.2	404.5	0.5	0.5	
31	406.5	0.5	0.5	virtual
31.2	408.5	0.5	0.5	
32	410.5	0.5	0.5	virtual
32.2	412.5	0.5	0.5	
33	414.5	0.5	0.5	virtual
33.2	416.5	0.5	0.5	
34	418.5	0.5	0.5	virtual
34.2	420.5	0.5	0.5	
35	422.5	0.5	0.5	
35.2	424.5	0.5	0.5	
36	426.5	0.5	0.5	
36.2	428.5	0.5	0.5	virtual
37	430.5	0.5	0.5	
37.2	432.5	0.5	0.5	virtual
38	434.5	0.5	0.5	virtual
Panel Name	NGM_v3.4X
Marker Name	D10S1248
7	73.0	0.5	0.5	virtual
8	77.0	0.5	0.5	
9	81.0	0.5	0.5	
10	85.0	0.5	0.5	
11	89.0	0.5	0.5	
12	93.0	0.5	0.5	
13	97.0	0.5	0.5	
14	101.0	0.5	0.5	
15	105.0	0.5	0.5	
16	109.0	0.5	0.5	
17	113.0	0.5	0.5	
18	117.0	0.5	0.5	
19	121.0	0.5	0.5	virtual
Marker Name	vWA
10	150.0	0.5	0.5	virtual
11	154.0	0.5	0.5	
12	158.0	0.5	0.5	
13	162.0	0.5	0.5	
14	166.0	0.5	0.5	
15	170.0	0.5	0.5	
15.2	172.0	0.5	0.5	virtual
16	174.0	0.5	0.5	
17	178.0	0.5	0.5	
18	182.0	0.5	0.5	
18.2	184.0	0.5	0.5	virtual
19	186.0	0.5	0.5	
20	190.0	0.5	0.5	
21	194.0	0.5	0.5	
22	198.0	0.5	0.5	
23	202.0	0.5	0.5	
24	206.0	0.5	0.5	
25	210.0	0.5	0.5	virtual
Marker Name	D16S539
5	228.5	0.5	0.5	
6	232.5	0.5	0.5	virtual
7	236.5	0.5	0.5	virtual
8	240.5	0.5	0.5	
9	244.5	0.5	0.5	
10	248.5	0.5	0.5	
11	252.5	0.5	0.5	
12	256.5	0.5	0.5	
12.2	258.5	0.5	0.5	virtual
13	260.5	0.5	0.5	
14	264.5	0.5	0.5	
15	268.5	0.5	0.5	
16	272.5	0.5	0.5	virtual
Marker Name	D2S1338
14	285.5	0.5	0.5	virtual
15	289.5	0.5	0.5	
16	293.5	0.5	0.5	
17	297.5	0.5	0.5	
18	301.5	0.5	0.5	
19	305.5	0.5	0.5	
20	309.5	0.5	0.5	
21	313.5	0.5	0.5	
22	317.5	0.5	0.5	
23	321.5	0.5	0.5	
24	325.5	0.5	0.5	
25	329.5	0.5	0.5	
26	333.5	0.5	0.5	
27	337.5	0.5	0.5	
28	341.5	0.5	0.5	
29	345.5	0.5	0.5	virtual
Marker Name	AMEL
X	101.0	0.5	0.5	
Y	107.0	0.5	0.5	
Marker Name	D8S1179
7	121.0	0.5	0.5	virtual
8	125.0	0.5	0.5	
9	129.0	0.5	0.5	
10	133.0	0.5	0.5	
11	137.0	0.5	0.5	
12	141.0	0.5	0.5	
13	145.0	0.5	0.5	
14	149.0	0.5	0.5	
15	153.0	0.5	0.5	
16	157.0	0.5	0.5	
17	161.0	0.5	0.5	
18	165.0	0.5	0.5	
19	169.0	0.5	0.5	
20	173.0	0.5	0.5	virtual
Marker Name	D21S11
23.2	183.0	0.5	0.5	virtual
24	185.0	0.5	0.5	
24.2	187.0	0.5	0.5	
25	189.0	0.5	0.5	
25.2	191.0	0.5	0.5	virtual
26	193.0	0.5	0.5	
26.2	195.0	0.5	0.5	virtual
27	197.0	0.5	0.5	
27.2	199.0	0.5	0.5	virtual
28	201.0	0.5	0.5	
28.2	203.0	0.5	0.5	
29	205.0	0.5	0.5	
29.2	207.0	0.5	0.5	
30	209.0	0.5	0.5	
30.2	211.0	0.5	0.5	
31	213.0	0.5	0.5	
31.2	215.0	0.5	0.5	
32	217.0	0.5	0.5	
32.2	219.0	0.5	0.5	
33	221.0	0.5	0.5	
33.2	223.0	0.5	0.5	
34	225.0	0.5	0.5	
34.2	227.0	0.5	0.5	
35	229.0	0.5	0.5	
35.2	231.0	0.5	0.5	
36	233.0	0.5	0.5	
36.2	235.0	0.5	0.5	virtual
37	237.0	0.5	0.5	
37.2	239.0	0.5	0.5	virtual
38	241.0	0.5	0.5	
38.2	243.0	0.5	0.5	virtual
39	245.0	0.5	0.5	virtual
Marker Name	D18S51
7	263.0	0.5	0.5	
8	267.0	0.5	0.5	virtual
9	271.0	0.5	0.5	
9.2	273.0	0.5	0.5	virtual
10	275.0	0.5	0.5	
10.2	277.0	0.5	0.5	
11	279.0	0.5	0.5	
11.2	281.0	0.5	0.5	virtual
12	283.0	0.5	0.5	
12.2	285.0	0.5	0.5	virtual
13	287.0	0.5	0.5	
13.2	289.0	0.5	0.5	
14	291.0	0.5	0.5	
14.2	293.0	0.5	0.5	
15	295.0	0.5	0.5	
15.2	297.0	0.5	0.5	virtual
16	299.0	0.5	0.5	
16.2	301.0	0.5	0.5	virtual
17	303.0	0.5	0.5	
17.2	305.0	0.5	0.5	virtual
18	307.0	0.5	0.5	
18.2	309.0	0.5	0.5	virtual
19	311.0	0.5	0.5	
19.2	313.0	0.5	0.5	virtual
20	315.0	0.5	0.5	
20.2	317.0	0.5	0.5	virtual
21	319.0	0.5	0.5	
21.2	321.0	0.5	0.5	virtual
22	323.0	0.5	0.5	
22.2	325.0	0.5	0.5	virtual
23	327.0	0.5	0.5	
23.2	329.0	0.5	0.5	virtual
24	331.0	0.5	0.5	
25	335.0	0.5	0.5	
26	339.0	0.5	0.5	
27	343.0	0.5	0.5	
Marker Name	D22S1045
8	80.0	0.5	0.5	
9	83.0	0.5	0.5	
10	86.0	0.5	0.5	
11	89.0	0.5	0.5	
12	92.0	0.5	0.5	
13	95.0	0.5	0.5	
14	98.0	0.5	0.5	
15	101.0	0.5	0.5	
16	104.0	0.5	0.5	
17	107.0	0.5	0.5	
18	110.0	0.5	0.5	
19	113.0	0.5	0.5	
Marker Name	D19S433
9	127.3	0.5	0.5	
9.2	129.3	0.5	0.5	virtual
10	131.3	0.5	0.5	
10.2	133.3	0.5	0.5	virtual
11	135.3	0.5	0.5	
11.2	137.3	0.5	0.5	virtual
12	139.3	0.5	0.5	
12.2	141.3	0.5	0.5	
13	143.3	0.5	0.5	
13.2	145.3	0.5	0.5	
14	147.3	0.5	0.5	
14.2	149.3	0.5	0.5	
15	151.3	0.5	0.5	
15.2	153.3	0.5	0.5	
16	155.3	0.5	0.5	
16.2	157.3	0.5	0.5	
17	159.3	0.5	0.5	
17.2	161.3	0.5	0.5	
18	163.3	0.5	0.5	virtual
18.2	165.3	0.5	0.5	virtual
Marker Name	TH01
3	177.0	0.5	0.5	virtual
4	181.0	0.5	0.5	
5	185.0	0.5	0.5	
5.3	188.0	0.5	0.49	virtual
6	189.0	0.49	0.5	
6.3	192.0	0.5	0.49	virtual
7	193.0	0.49	0.5	
7.3	196.0	0.5	0.49	virtual
8	197.0	0.49	0.5	
8.3	200.0	0.5	0.49	virtual
9	201.0	0.49	0.5	
9.3	204.0	0.5	0.49	
10	205.0	0.49	0.5	
10.3	208.0	0.5	0.49	virtual
11	209.0	0.49	0.5	
12	213.0	0.5	0.5	virtual
13	217.0	0.5	0.5	virtual
13.3	220.0	0.5	0.5	
Marker Name	FGA
16	226.0	0.5	0.5	virtual
16.2	228.0	0.5	0.5	virtual
17	230.0	0.5	0.5	
17.2	232.0	0.5	0.5	virtual
18	234.0	0.5	0.5	
18.2	236.0	0.5	0.5	virtual
19	238.0	0.5	0.5	
19.2	240.0	0.5	0.5	virtual
20	242.0	0.5	0.5	
20.2	244.0	0.5	0.5	virtual
21	246.0	0.5	0.5	
21.2	248.0	0.5	0.5	virtual
22	250.0	0.5	0.5	
22.2	252.0	0.5	0.5	virtual
23	254.0	0.5	0.5	
23.2	256.0	0.5	0.5	virtual
24	258.0	0.5	0.5	
24.2	260.0	0.5	0.5	virtual
25	262.0	0.5	0.5	
25.2	264.0	0.5	0.5	virtual
26	266.0	0.5	0.5	
26.2	268.0	0.5	0.5	
27	270.0	0.5	0.5	
27.2	272.0	0.5	0.5	virtual
28	274.0	0.5	0.5	
28.2	276.0	0.5	0.5	virtual
29	278.0	0.5	0.5	
29.2	280.0	0.5	0.5	virtual
30	282.0	0.5	0.5	
30.2	284.0	0.5	0.5	
31	286.0	0.5	0.5	virtual
31.2	288.0	0.5	0.5	
32	290.0	0.5	0.5	virtual
32.2	292.0	0.5	0.5	
33.2	296.0	0.5	0.5	
34.2	300.0	0.5	0.5	virtual
42.2	332.0	0.5	0.5	
43.2	336.0	0.5	0.5	
44.2	340.0	0.5	0.5	
45.2	344.0	0.5	0.5	
46.2	348.0	0.5	0.5	
47.2	352.0	0.5	0.5	
48.2	356.0	0.5	0.5	
49.2	360.0	0.5	0.5	virtual
50.2	364.0	0.5	0.5	
51.2	368.0	0.5	0.5	
Marker Name	D2S441
9	80.0	0.5	0.5	
10	84.0	0.5	0.5	
11	88.0	0.5	0.5	
11.3	91.0	0.5	0.49	
12	92.0	0.49	0.5	
12.3	95.0	0.5	0.49	virtual
13	96.0	0.49	0.5	
13.3	99.0	0.5	0.49	virtual
14	100.0	0.49	0.5	
14.3	103.0	0.5	0.49	virtual
15	104.0	0.49	0.5	
16	108.0	0.5	0.5	
17	112.0	0.5	0.5	virtual
Marker Name	D3S1358
11	131.0	0.5	0.5	virtual
12	135.0	0.5	0.5	
13	139.0	0.5	0.5	
14	143.0	0.5	0.5	
15	147.0	0.5	0.5	
15.2	149.0	0.5	0.5	virtual
16	151.0	0.5	0.5	
16.2	153.0	0.5	0.5	virtual
17	155.0	0.5	0.5	
17.2	157.0	0.5	0.5	virtual
18	159.0	0.5	0.5	
18.2	161.0	0.5	0.5	virtual
19	163.0	0.5	0.5	
20	167.0	0.5	0.5	virtual
Marker Name	D1S1656
9	175.0	0.5	0.5	
10	179.0	0.5	0.5	
11	183.0	0.5	0.5	
12	187.0	0.5	0.5	
13	191.0	0.5	0.5	
14	195.0	0.5	0.5	
14.3	198.0	0.5	0.49	
15	199.0	0.49	0.5	
15.3	202.0	0.5	0.49	
16	203.0	0.49	0.5	
16.3	206.0	0.5	0.49	
17	207.0	0.49	0.5	
17.3	210.0	0.5	0.49	
18	211.0	0.49	0.5	virtual
18.3	214.0	0.5	0.5	
19.3	218.0	0.5	0.5	
20.3	222.0	0.5	0.5	
Marker Name	D12S391
14	229.0	0.5	0.5	
15	233.0	0.5	0.5	
16	237.0	0.5	0.5	
17	241.0	0.5	0.5	
17.3	244.0	0.5	0.49	virtual
18	245.0	0.49	0.5	
18.3	248.0	0.5	0.49	virtual
19	249.0	0.49	0.5	
19.1	250.0	0.49	0.5	virtual
19.3	252.0	0.5	0.5	
20	253.0	0.5	0.5	
20.3	256.0	0.5	0.49	virtual
21	257.0	0.5	0.5	
22	261.0	0.5	0.5	
23	265.0	0.5	0.5	
24	269.0	0.5	0.5	
25	273.0	0.5	0.5	
26	277.0	0.5	0.5	
27	281.0	0.5	0.5	
Panel Name	Profiler_Plus_CODIS_v1.4X
Marker Name	D3S1358
<12	113.49	15.49	0.0	
12	114.0	0.5	0.5	
12.2	116.0	0.5	0.5	
13	118.0	0.5	0.5	
13.2	120.0	0.5	0.5	
14	122.0	0.5	0.5	
14.2	124.0	0.5	0.5	
15	126.0	0.5	0.5	
15.2	128.0	0.5	0.5	
16	130.0	0.5	0.5	
16.2	132.0	0.5	0.5	
17	134.0	0.5	0.5	
17.2	136.0	0.5	0.5	
18	138.0	0.5	0.5	
18.2	140.0	0.5	0.5	
19	142.0	0.5	0.5	
>19	142.51	0.0	5.49	
Marker Name	vWA
<11	156.49	5.49	0.0	
11	157.0	0.5	0.5	
11.2	159.0	0.5	0.5	
12	161.0	0.5	0.5	
12.2	163.0	0.5	0.5	
13	165.0	0.5	0.5	
13.2	167.0	0.5	0.5	
14	169.0	0.5	0.5	
14.2	171.0	0.5	0.5	
15	173.0	0.5	0.5	
15.2	175.0	0.5	0.5	
16	177.0	0.5	0.5	
16.2	179.0	0.5	0.5	
17	181.0	0.5	0.5	
17.2	183.0	0.5	0.5	
18	185.0	0.5	0.5	
18.2	187.0	0.5	0.5	
19	189.0	0.5	0.5	
19.2	191.0	0.5	0.5	
20	193.0	0.5	0.5	
20.2	195.0	0.5	0.5	
21	197.0	0.5	0.5	
>21	197.51	0.0	5.49	
Marker Name	FGA
<18	218.49	12.24	0.0	
18	219.0	0.5	0.5	
18.2	221.0	0.5	0.5	
19	223.0	0.5	0.5	
19.2	225.0	0.5	0.5	
20	227.0	0.5	0.5	
20.2	229.0	0.5	0.5	
21	231.0	0.5	0.5	
21.2	233.0	0.5	0.5	
22	235.0	0.5	0.5	
22.2	237.0	0.5	0.5	
23	239.0	0.5	0.5	
23.2	241.0	0.5	0.5	
24	243.0	0.5	0.5	
24.2	245.0	0.5	0.5	
25	247.0	0.5	0.5	
25.2	249.0	0.5	0.5	
26	251.0	0.5	0.5	
26.2	253.0	0.5	0.5	
27	255.0	0.5	0.5	
27.2	257.0	0.5	0.5	
28	259.0	0.5	0.5	
28.2	261.0	0.5	0.5	
29	263.0	0.5	0.5	
29.2	265.0	0.5	0.5	
30	267.0	0.5	0.5	
>30	267.51	0.0	92.49	
Marker Name	AMEL
X	107.0	0.5	0.5	
Y	113.0	0.5	0.5	
Marker Name	D8S1179
<8	127.49	9.49	0.0	
8	128.0	0.5	0.5	
8.2	130.0	0.5	0.5	
9	132.0	0.5	0.5	
9.2	134.0	0.5	0.5	
10	136.0	0.5	0.5	
10.2	138.0	0.5	0.5	
11	140.0	0.5	0.5	
11.2	142.0	0.5	0.5	
12	144.0	0.5	0.5	
12.2	146.0	0.5	0.5	
13	148.0	0.5	0.5	
13.2	150.0	0.5	0.5	
14	152.0	0.5	0.5	
14.2	154.0	0.5	0.5	
15	156.0	0.5	0.5	
15.2	158.0	0.5	0.5	
16	160.0	0.5	0.5	
16.2	162.0	0.5	0.5	
17	164.0	0.5	0.5	
17.2	166.0	0.5	0.5	
18	168.0	0.5	0.5	
18.2	170.0	0.5	0.5	
19	172.0	0.5	0.5	
>19	172.51	0.0	10.99	
Marker Name	D21S11
<24.2	188.49	3.99	0.0	
24.2	189.0	0.5	0.5	
25	191.0	0.5	0.5	
25.2	193.0	0.5	0.5	
26	195.0	0.5	0.5	
26.2	197.0	0.5	0.5	
27	199.0	0.5	0.5	
27.2	201.0	0.5	0.5	
28	203.0	0.5	0.5	
28.2	205.0	0.5	0.5	
29	207.0	0.5	0.5	
29.2	209.0	0.5	0.5	
30	211.0	0.5	0.5	
30.2	213.0	0.5	0.5	
31	215.0	0.5	0.5	
31.2	217.0	0.5	0.5	
32	219.0	0.5	0.5	
32.2	221.0	0.5	0.5	
33	223.0	0.5	0.5	
33.2	225.0	0.5	0.5	
34	227.0	0.5	0.5	
34.2	229.0	0.5	0.5	
35	231.0	0.5	0.5	
35.2	233.0	0.5	0.5	
36	235.0	0.5	0.5	
36.2	237.0	0.5	0.5	
37	239.0	0.5	0.5	
37.2	241.0	0.5	0.5	
38	243.0	0.5	0.5	
>38	243.51	0.0	3.99	
Marker Name	D18S51
<9	272.49	8.0	0.0	
9	273.0	0.5	0.5	
9.2	275.0	0.5	0.5	
10	277.0	0.5	0.5	
10.2	279.0	0.5	0.5	
11	281.0	0.5	0.5	
11.2	283.0	0.5	0.5	
12	285.0	0.5	0.5	
12.2	287.0	0.5	0.5	
13	289.0	0.5	0.5	
13.2	291.0	0.5	0.5	
14	293.0	0.5	0.5	
14.2	295.0	0.5	0.5	
15	297.0	0.5	0.5	
15.2	299.0	0.5	0.5	
16	301.0	0.5	0.5	
16.2	303.0	0.5	0.5	
17	305.0	0.5	0.5	
17.2	307.0	0.5	0.5	
18	309.0	0.5	0.5	
18.2	311.0	0.5	0.5	
19	313.0	0.5	0.5	
19.2	315.0	0.5	0.5	
20	317.0	0.5	0.5	
20.2	319.0	0.5	0.5	
21	321.0	0.5	0.5	
21.2	323.0	0.5	0.5	
22	325.0	0.5	0.5	
22.2	327.0	0.5	0.5	
23	329.0	0.5	0.5	
23.2	331.0	0.5	0.5	
24	333.0	0.5	0.5	
24.2	335.0	0.5	0.5	
25	337.0	0.5	0.5	
25.2	339.0	0.5	0.5	
26	341.0	0.5	0.5	
>26	341.51	0.0	8.49	
Marker Name	D5S818
<7	134.49	6.49	0.0	
7	135.0	0.5	0.5	
7.2	137.0	0.5	0.5	
8	139.0	0.5	0.5	
8.2	141.0	0.5	0.5	
9	143.0	0.5	0.5	
9.2	145.0	0.5	0.5	
10	147.0	0.5	0.5	
10.2	149.0	0.5	0.5	
11	151.0	0.5	0.5	
11.2	153.0	0.5	0.5	
12	155.0	0.5	0.5	
12.2	157.0	0.5	0.5	
13	159.0	0.5	0.5	
13.2	161.0	0.5	0.5	
14	163.0	0.5	0.5	
14.2	165.0	0.5	0.5	
15	167.0	0.5	0.5	
15.2	169.0	0.5	0.5	
16	171.0	0.5	0.5	
>16	171.51	0.0	8.49	
Marker Name	D13S317
<8	205.49	13.49	0.0	
8	206.0	0.5	0.5	
8.2	208.0	0.5	0.5	
9	210.0	0.5	0.5	
9.2	212.0	0.5	0.5	
10	214.0	0.5	0.5	
10.2	216.0	0.5	0.5	
11	218.0	0.5	0.5	
11.2	220.0	0.5	0.5	
12	222.0	0.5	0.5	
12.2	224.0	0.5	0.5	
13	226.0	0.5	0.5	
13.2	228.0	0.5	0.5	
14	230.0	0.5	0.5	
14.2	232.0	0.5	0.5	
15	234.0	0.5	0.5	
>15	234.51	0.0	7.49	
Marker Name	D7S820
<6	257.49	6.49	0.0	
6	258.0	0.5	0.5	
6.2	260.0	0.5	0.5	
7	262.0	0.5	0.5	
7.2	264.0	0.5	0.5	
8	266.0	0.5	0.5	
8.2	268.0	0.5	0.5	
9	270.0	0.5	0.5	
9.2	272.0	0.5	0.5	
10	274.0	0.5	0.5	
10.2	276.0	0.5	0.5	
11	278.0	0.5	0.5	
11.2	280.0	0.5	0.5	
12	282.0	0.5	0.5	
12.2	284.0	0.5	0.5	
13	286.0	0.5	0.5	
13.2	288.0	0.5	0.5	
14	290.0	0.5	0.5	
14.2	292.0	0.5	0.5	
15	294.0	0.5	0.5	
>15	294.51	0.0	3.99	
Panel Name	Profiler_Plus_v1.4X
Marker Name	D3S1358
11	110.0	0.5	0.5	virtual
12	114.0	0.5	0.5	
13	118.0	0.5	0.5	
14	122.0	0.5	0.5	
15	126.0	0.5	0.5	
15.2	128.0	0.5	0.5	virtual
16	130.0	0.5	0.5	
16.2	132.0	0.5	0.5	virtual
17	134.0	0.5	0.5	
17.2	136.0	0.5	0.5	virtual
18	138.0	0.5	0.5	
18.2	140.0	0.5	0.5	virtual
19	142.0	0.5	0.5	
20	146.0	0.5	0.5	virtual
Marker Name	vWA
10	153.0	0.5	0.5	virtual
11	157.0	0.5	0.5	
12	161.0	0.5	0.5	
13	165.0	0.5	0.5	
14	169.0	0.5	0.5	
15	173.0	0.5	0.5	
15.2	175.0	0.5	0.5	virtual
16	177.0	0.5	0.5	
17	181.0	0.5	0.5	
18	185.0	0.5	0.5	
18.2	187.0	0.5	0.5	virtual
19	189.0	0.5	0.5	
20	193.0	0.5	0.5	
21	197.0	0.5	0.5	
22	201.0	0.5	0.5	virtual
Marker Name	FGA
17	215.0	0.5	0.5	virtual
17.2	217.0	0.5	0.5	virtual
18	219.0	0.5	0.5	
18.2	221.0	0.5	0.5	virtual
19	223.0	0.5	0.5	
19.2	225.0	0.5	0.5	virtual
20	227.0	0.5	0.5	
20.2	229.0	0.5	0.5	virtual
21	231.0	0.5	0.5	
21.2	233.0	0.5	0.5	virtual
22	235.0	0.5	0.5	
22.2	237.0	0.5	0.5	virtual
23	239.0	0.5	0.5	
23.2	241.0	0.5	0.5	virtual
24	243.0	0.5	0.5	
24.2	245.0	0.5	0.5	virtual
25	247.0	0.5	0.5	
25.2	249.0	0.5	0.5	virtual
26	251.0	0.5	0.5	
26.2	253.0	0.5	0.5	
27	255.0	0.5	0.5	
27.2	257.0	0.5	0.5	virtual
28	259.0	0.5	0.5	
28.2	261.0	0.5	0.5	virtual
29	263.0	0.5	0.5	
29.2	265.0	0.5	0.5	virtual
30	267.0	0.5	0.5	
30.2	269.0	0.5	0.5	virtual
31	271.0	0.5	0.5	virtual
Marker Name	AMEL
X	107.0	0.5	0.5	
Y	113.0	0.5	0.5	
Marker Name	D8S1179
7	124.0	0.5	0.5	virtual
8	128.0	0.5	0.5	
9	132.0	0.5	0.5	
10	136.0	0.5	0.5	
11	140.0	0.5	0.5	
12	144.0	0.5	0.5	
13	148.0	0.5	0.5	
14	152.0	0.5	0.5	
15	156.0	0.5	0.5	
16	160.0	0.5	0.5	
17	164.0	0.5	0.5	
18	168.0	0.5	0.5	
19	172.0	0.5	0.5	
20	176.0	0.5	0.5	virtual
Marker Name	D21S11
23.2	185.0	0.5	0.5	virtual
24	187.0	0.5	0.5	virtual
24.2	189.0	0.5	0.5	
25	191.0	0.5	0.5	
25.2	193.0	0.5	0.5	virtual
26	195.0	0.5	0.5	
26.2	197.0	0.5	0.5	virtual
27	199.0	0.5	0.5	
27.2	201.0	0.5	0.5	virtual
28	203.0	0.5	0.5	
28.2	205.0	0.5	0.5	
29	207.0	0.5	0.5	
29.2	209.0	0.5	0.5	
30	211.0	0.5	0.5	
30.2	213.0	0.5	0.5	
31	215.0	0.5	0.5	
31.2	217.0	0.5	0.5	
32	219.0	0.5	0.5	
32.2	221.0	0.5	0.5	
33	223.0	0.5	0.5	
33.2	225.0	0.5	0.5	
34	227.0	0.5	0.5	
34.2	229.0	0.5	0.5	
35	231.0	0.5	0.5	
35.2	233.0	0.5	0.5	
36	235.0	0.5	0.5	
36.2	237.0	0.5	0.5	virtual
37	239.0	0.5	0.5	virtual
37.2	241.0	0.5	0.5	virtual
38	243.0	0.5	0.5	
38.2	245.0	0.5	0.5	virtual
39	247.0	0.5	0.5	virtual
Marker Name	D18S51
7	265.0	0.5	0.5	virtual
8	269.0	0.5	0.5	virtual
9	273.0	0.5	0.5	
9.2	275.0	0.5	0.5	virtual
10	277.0	0.5	0.5	
10.2	279.0	0.5	0.5	
11	281.0	0.5	0.5	
11.2	283.0	0.5	0.5	virtual
12	285.0	0.5	0.5	
12.2	287.0	0.5	0.5	virtual
13	289.0	0.5	0.5	
13.2	291.0	0.5	0.5	
14	293.0	0.5	0.5	
14.2	295.0	0.5	0.5	
15	297.0	0.5	0.5	
15.2	299.0	0.5	0.5	virtual
16	301.0	0.5	0.5	
16.2	303.0	0.5	0.5	virtual
17	305.0	0.5	0.5	
17.2	307.0	0.5	0.5	virtual
18	309.0	0.5	0.5	
18.2	311.0	0.5	0.5	virtual
19	313.0	0.5	0.5	
19.2	315.0	0.5	0.5	virtual
20	317.0	0.5	0.5	
20.2	319.0	0.5	0.5	virtual
21	321.0	0.5	0.5	
21.2	323.0	0.5	0.5	virtual
22	325.0	0.5	0.5	
22.2	327.0	0.5	0.5	virtual
23	329.0	0.5	0.5	
23.2	331.0	0.5	0.5	virtual
24	333.0	0.5	0.5	
25	337.0	0.5	0.5	
26	341.0	0.5	0.5	
27	345.0	0.5	0.5	virtual
Marker Name	D5S818
6	131.0	0.5	0.5	virtual
7	135.0	0.5	0.5	
8	139.0	0.5	0.5	
9	143.0	0.5	0.5	
10	147.0	0.5	0.5	
11	151.0	0.5	0.5	
12	155.0	0.5	0.5	
13	159.0	0.5	0.5	
14	163.0	0.5	0.5	
15	167.0	0.5	0.5	
16	171.0	0.5	0.5	
17	175.0	0.5	0.5	virtual
Marker Name	D13S317
7	202.0	0.5	0.5	virtual
8	206.0	0.5	0.5	
9	210.0	0.5	0.5	
10	214.0	0.5	0.5	
11	218.0	0.5	0.5	
12	222.0	0.5	0.5	
13	226.0	0.5	0.5	
14	230.0	0.5	0.5	
15	234.0	0.5	0.5	
16	238.0	0.5	0.5	virtual
Marker Name	D7S820
5	254.0	0.5	0.5	virtual
5.2	256.0	0.5	0.5	virtual
6	258.0	0.5	0.5	
7	262.0	0.5	0.5	
8	266.0	0.5	0.5	
8.2	268.0	0.5	0.5	virtual
9	270.0	0.5	0.5	
9.2	272.0	0.5	0.5	virtual
10	274.0	0.5	0.5	
11	278.0	0.5	0.5	
12	282.0	0.5	0.5	
13	286.0	0.5	0.5	
14	290.0	0.5	0.5	
15	294.0	0.5	0.5	
16	298.0	0.5	0.5	virtual
Panel Name	Yfiler_Plus_Panel_v4
Marker Name	DYS576
9	69.0	0.5	0.5	virtual
10	73.0	0.5	0.5	
11	77.0	0.5	0.5	
12	81.0	0.5	0.5	
13	85.0	0.5	0.5	
14	89.0	0.5	0.5	
15	93.0	0.5	0.5	
16	97.0	0.5	0.5	
17	101.0	0.5	0.5	
18	105.0	0.5	0.5	
19	109.0	0.5	0.5	
20	113.0	0.5	0.5	
21	117.0	0.5	0.5	
22	121.0	0.5	0.5	
23	125.0	0.5	0.5	
24	129.0	0.5	0.5	
25	133.0	0.5	0.5	
26	137.0	0.5	0.5	virtual
Marker Name	DYS389I
8	143.0	0.5	0.5	virtual
9	147.0	0.5	0.5	
10	151.0	0.5	0.5	
11	155.0	0.5	0.5	
12	159.0	0.5	0.5	
12.2	161.0	0.5	0.45	virtual
12.3	162.0	0.45	0.4	virtual
13	163.0	0.5	0.5	
13.3	166.0	0.5	0.4	virtual
14	167.0	0.5	0.5	
15	171.0	0.5	0.5	
16	175.0	0.5	0.5	
17	179.0	0.5	0.5	
18	183.0	0.5	0.5	virtual
Marker Name	DYS635
14	188.0	0.5	0.5	virtual
15	192.0	0.5	0.5	
16	196.0	0.5	0.5	
17	200.0	0.5	0.5	
18	204.0	0.5	0.5	
18.3	207.0	0.5	0.4	virtual
19	208.0	0.5	0.5	
20	212.0	0.5	0.5	
20.1	213.0	0.4	0.5	virtual
20.3	215.0	0.5	0.4	virtual
21	216.0	0.5	0.5	
21.3	219.0	0.5	0.4	virtual
22	220.0	0.5	0.5	
23	224.0	0.5	0.5	
23.1	225.0	0.4	0.5	virtual
24	228.0	0.5	0.5	
25	232.0	0.5	0.5	
26	236.0	0.5	0.5	
27	240.0	0.5	0.5	
28	244.0	0.5	0.5	
28.2	246.0	0.5	0.5	virtual
29	248.0	0.5	0.5	
30	252.0	0.5	0.5	
31	256.0	0.5	0.5	virtual
Marker Name	DYS389II
23	261.0	0.5	0.5	virtual
24	265.0	0.4	0.4	
25	269.0	0.4	0.4	
26	273.0	0.5	0.5	
27	277.0	0.5	0.5	
28	281.0	0.5	0.5	
28.2	283.0	0.5	0.5	virtual
29	285.0	0.5	0.5	
29.3	288.0	0.5	0.4	virtual
30	289.0	0.5	0.5	
31	293.0	0.5	0.5	
31.1	294.0	0.4	0.5	virtual
32	297.0	0.5	0.5	
33	301.0	0.5	0.5	
34	305.0	0.5	0.5	
35	309.0	0.5	0.5	
36	313.0	0.5	0.5	virtual
Marker Name	DYS627
10	321.0	0.5	0.5	virtual
11	325.0	0.5	0.5	
12	329.0	0.5	0.5	
13	333.0	0.5	0.5	
14	337.0	0.5	0.5	
15	341.0	0.5	0.5	
16	345.0	0.5	0.5	
17	349.0	0.5	0.5	
17.2	351.0	0.5	0.5	virtual
18	353.0	0.5	0.5	
18.2	355.0	0.5	0.5	virtual
19	357.0	0.5	0.5	
19.2	359.0	0.5	0.5	virtual
20	361.0	0.5	0.5	
20.1	362.0	0.4	0.45	virtual
20.2	363.0	0.45	0.5	virtual
21	365.0	0.5	0.5	
21.2	367.0	0.5	0.5	virtual
22	369.0	0.5	0.5	
23	373.0	0.5	0.5	
24	377.0	0.5	0.5	
25	381.0	0.5	0.5	
25.2	383.0	0.5	0.5	virtual
26	385.0	0.5	0.5	
27	389.0	0.5	0.5	
28	393.0	0.5	0.5	virtual
Marker Name	DYS460
6	76.0	0.5	0.5	virtual
7	80.0	0.5	0.5	
8	84.0	0.5	0.5	
9	88.0	0.5	0.5	
10	92.0	0.5	0.5	
11	96.0	0.5	0.5	
12	100.0	0.5	0.5	
13	104.0	0.5	0.5	
14	108.0	0.5	0.5	
15	112.0	0.5	0.5	virtual
Marker Name	DYS458
10	116.0	0.5	0.5	virtual
10.3	119.0	0.5	0.4	virtual
11	120.0	0.5	0.5	
12	124.0	0.5	0.5	
12.2	126.0	0.5	0.5	virtual
13	128.0	0.5	0.5	
14	132.0	0.5	0.5	
14.1	133.0	0.4	0.45	virtual
14.2	134.0	0.45	0.5	virtual
15	136.0	0.5	0.5	
15.1	137.0	0.4	0.45	virtual
15.2	138.0	0.45	0.5	virtual
16	140.0	0.5	0.5	
16.1	141.0	0.4	0.45	virtual
16.2	142.0	0.45	0.45	virtual
16.3	143.0	0.45	0.4	virtual
17	144.0	0.5	0.5	
17.1	145.0	0.4	0.45	virtual
17.2	146.0	0.45	0.45	virtual
17.3	147.0	0.45	0.4	virtual
18	148.0	0.5	0.5	
18.1	149.0	0.4	0.45	virtual
18.2	150.0	0.45	0.45	virtual
18.3	151.0	0.45	0.4	virtual
19	152.0	0.5	0.5	
19.1	153.0	0.4	0.45	virtual
19.2	154.0	0.45	0.5	virtual
20	156.0	0.5	0.5	
20.2	158.0	0.5	0.5	virtual
21	160.0	0.5	0.5	
21.2	162.0	0.5	0.5	virtual
22	164.0	0.5	0.5	
22.2	166.0	0.5	0.5	virtual
23	168.0	0.5	0.5	
23.2	170.0	0.5	0.5	virtual
24	172.0	0.5	0.5	
25	176.0	0.5	0.5	virtual
Marker Name	DYS19
8	181.0	0.5	0.5	virtual
9	185.0	0.5	0.5	
10	189.0	0.5	0.5	
11	193.0	0.5	0.5	
12	197.0	0.5	0.5	
13	201.0	0.5	0.5	
13.2	203.0	0.5	0.5	virtual
14	205.0	0.5	0.5	
14.1	206.0	0.4	0.45	virtual
14.2	207.0	0.45	0.45	virtual
14.3	208.0	0.45	0.4	virtual
15	209.0	0.5	0.5	
15.2	211.0	0.5	0.5	virtual
16	213.0	0.5	0.5	
16.2	215.0	0.5	0.5	virtual
17	217.0	0.5	0.5	
18	221.0	0.5	0.5	
19	225.0	0.5	0.5	
20	229.0	0.5	0.5	virtual
Marker Name	YGATAH4
7	232.0	0.5	0.5	virtual
8	236.0	0.5	0.5	
9	240.0	0.5	0.5	
10	244.0	0.5	0.5	
11	248.0	0.5	0.5	
11.2	250.0	0.5	0.5	virtual
12	252.0	0.5	0.5	
13	256.0	0.5	0.5	
14	260.0	0.5	0.5	
14.1	261.0	0.4	0.5	virtual
15	264.0	0.5	0.5	
16	268.0	0.5	0.5	virtual
Marker Name	DYS448
13	272.0	0.5	0.5	virtual
14	278.0	0.5	0.5	
14.4	282.0	0.5	0.5	virtual
15	284.0	0.5	0.5	
15.2	286.0	0.5	0.5	virtual
16	290.0	0.5	0.5	
16.2	292.0	0.5	0.5	virtual
17	296.0	0.5	0.5	
17.2	298.0	0.5	0.5	virtual
17.4	300.0	0.5	0.5	virtual
18	302.0	0.5	0.5	
18.1	303.0	0.4	0.45	virtual
18.2	304.0	0.45	0.45	virtual
18.3	305.0	0.45	0.45	virtual
18.4	306.0	0.45	0.45	virtual
18.5	307.0	0.45	0.4	virtual
19	308.0	0.5	0.5	
19.2	310.0	0.5	0.45	virtual
19.3	311.0	0.45	0.45	virtual
19.4	312.0	0.45	0.45	virtual
19.5	313.0	0.45	0.4	virtual
20	314.0	0.5	0.5	
20.1	315.0	0.4	0.45	virtual
20.2	316.0	0.45	0.45	virtual
20.3	317.0	0.45	0.45	virtual
20.4	318.0	0.45	0.5	virtual
21	320.0	0.5	0.5	
21.2	322.0	0.5	0.5	virtual
21.4	324.0	0.5	0.5	virtual
22	326.0	0.5	0.5	
23	332.0	0.5	0.5	
24	338.0	0.5	0.5	
25	344.0	0.5	0.5	virtual
Marker Name	DYS391
4	350.0	0.5	0.5	virtual
5	354.0	0.5	0.5	
6	358.0	0.5	0.5	
7	362.0	0.5	0.5	
8	366.0	0.5	0.5	
8.3	369.0	0.5	0.4	virtual
9	370.0	0.5	0.5	
10	374.0	0.5	0.5	
11	378.0	0.5	0.5	
12	382.0	0.5	0.5	
13	386.0	0.5	0.5	
14	390.0	0.5	0.5	
15	394.0	0.5	0.5	
16	398.0	0.5	0.5	
17	402.0	0.5	0.5	virtual
Marker Name	DYS456
9	72.0	0.5	0.5	virtual
10	76.0	0.5	0.5	
11	81.0	0.5	0.5	
12	85.0	0.5	0.5	
13	89.0	0.5	0.5	
14	94.0	0.5	0.5	
15	98.0	0.5	0.5	
15.3	101.0	0.5	0.4	virtual
16	102.0	0.5	0.5	
16.1	103.0	0.4	0.5	virtual
17	106.0	0.5	0.5	
18	110.0	0.5	0.5	
18.3	113.0	0.5	0.4	virtual
19	114.0	0.5	0.5	
20	118.0	0.5	0.5	
21	122.0	0.5	0.5	
22	126.0	0.5	0.5	
23	130.0	0.5	0.5	
24	134.0	0.5	0.5	
Marker Name	DYS390
16	140.0	0.5	0.5	virtual
17	144.0	0.5	0.5	
18	148.0	0.5	0.5	
19	152.0	0.5	0.5	
20	156.0	0.5	0.5	
21	160.0	0.5	0.5	
21.1	161.0	0.4	0.5	virtual
22	164.0	0.5	0.5	
23	168.0	0.5	0.5	
24	172.0	0.5	0.5	
24.3	175.0	0.5	0.4	virtual
25	176.0	0.5	0.5	
26	180.0	0.5	0.5	
27	184.0	0.5	0.5	
28	188.0	0.5	0.5	
29	192.0	0.5	0.5	
30	196.0	0.5	0.5	virtual
Marker Name	DYS438
5	203.0	0.5	0.5	virtual
6	208.0	0.5	0.5	
7	213.0	0.5	0.5	
8	218.0	0.5	0.5	
8.2	220.0	0.5	0.5	virtual
9	223.0	0.5	0.5	
9.2	225.0	0.5	0.5	virtual
10	228.0	0.5	0.5	
11	233.0	0.5	0.5	
11.2	235.0	0.5	0.5	virtual
12	238.0	0.5	0.5	
13	243.0	0.5	0.5	
13.2	245.0	0.5	0.5	virtual
14	248.0	0.5	0.5	
14.1	249.0	0.4	0.5	virtual
15	253.0	0.5	0.5	
16	258.0	0.5	0.5	
17	263.0	0.5	0.5	virtual
Marker Name	DYS392
3	271.0	0.5	0.5	virtual
4	274.0	0.5	0.5	
5	277.0	0.5	0.5	
6	280.0	0.5	0.5	
7	283.0	0.5	0.5	
8	286.0	0.5	0.5	
9	289.0	0.5	0.5	
10	292.0	0.5	0.5	
10.2	294.0	0.5	0.4	virtual
11	295.0	0.5	0.5	
11.1	296.0	0.4	0.45	virtual
11.2	297.0	0.45	0.4	virtual
12	298.0	0.5	0.5	
12.2	300.0	0.5	0.4	virtual
13	301.0	0.5	0.5	
13.1	302.0	0.4	0.45	virtual
13.2	303.0	0.45	0.4	virtual
14	304.0	0.5	0.5	
14.1	305.0	0.4	0.45	virtual
14.2	306.0	0.45	0.4	virtual
15	307.0	0.5	0.5	
16	310.0	0.5	0.5	
17	313.0	0.5	0.5	
18	316.0	0.5	0.5	
19	319.0	0.5	0.5	
20	322.0	0.5	0.5	
21	325.0	0.5	0.5	virtual
Marker Name	DYS518
31	329.0	0.5	0.5	virtual
32	333.0	0.5	0.5	
33	337.0	0.5	0.5	
34	341.0	0.5	0.5	
34.3	344.0	0.5	0.4	virtual
35	345.0	0.5	0.5	
35.2	347.0	0.5	0.5	virtual
36	349.0	0.5	0.5	
37	353.0	0.5	0.5	
37.1	354.0	0.4	0.45	virtual
37.2	355.0	0.45	0.5	virtual
38	357.0	0.5	0.5	
38.2	359.0	0.5	0.5	virtual
39	361.0	0.5	0.5	
39.2	363.0	0.5	0.5	virtual
40	365.0	0.5	0.5	
40.2	367.0	0.5	0.5	virtual
41	369.0	0.5	0.5	
42	373.0	0.5	0.5	
43	377.0	0.5	0.5	
44	381.0	0.5	0.5	
45	385.0	0.5	0.5	
46	389.0	0.5	0.5	
47	393.0	0.5	0.5	
48	397.0	0.5	0.5	
49	401.0	0.5	0.5	
50	405.0	0.5	0.5	virtual
Marker Name	DYS570
9	95.0	0.5	0.5	virtual
10	99.0	0.5	0.5	
11	103.0	0.5	0.5	
12	107.0	0.5	0.5	
13	111.0	0.5	0.5	
14	115.0	0.5	0.5	
15	119.0	0.5	0.5	
16	123.0	0.5	0.5	
17	127.0	0.5	0.5	
18	131.0	0.5	0.5	
19	135.0	0.5	0.5	
19.3	138.0	0.5	0.4	virtual
20	139.0	0.5	0.5	
21	143.0	0.5	0.5	
22	147.0	0.5	0.5	
23	151.0	0.5	0.5	
24	155.0	0.5	0.5	
25	159.0	0.5	0.5	
26	163.0	0.5	0.5	
27	167.0	0.5	0.5	virtual
Marker Name	DYS437
9	174.0	0.5	0.5	virtual
10	178.0	0.5	0.5	
11	182.0	0.5	0.5	
12	186.0	0.5	0.5	
12.1	187.0	0.4	0.5	virtual
13	190.0	0.5	0.5	
13.1	191.0	0.4	0.45	virtual
13.2	192.0	0.45	0.5	virtual
14	194.0	0.5	0.5	
15	198.0	0.5	0.5	
16	202.0	0.5	0.5	
17	206.0	0.5	0.5	
18	210.0	0.5	0.5	
18.2	212.0	0.5	0.5	virtual
19	214.0	0.5	0.5	virtual
Marker Name	DYS385
5	221.0	0.5	0.5	virtual
6	225.0	0.5	0.5	
7	229.0	0.5	0.5	
8	233.0	0.5	0.5	
9	237.0	0.5	0.5	
9.2	239.0	0.5	0.5	virtual
10	241.0	0.5	0.5	
10.2	243.0	0.5	0.5	virtual
11	245.0	0.5	0.5	
11.2	247.0	0.5	0.45	virtual
11.3	248.0	0.45	0.4	virtual
12	249.0	0.5	0.5	
12.1	250.0	0.4	0.45	virtual
12.2	251.0	0.45	0.45	virtual
12.3	252.0	0.45	0.4	virtual
13	253.0	0.5	0.5	
13.1	254.0	0.4	0.45	virtual
13.2	255.0	0.45	0.45	virtual
13.3	256.0	0.45	0.4	virtual
14	257.0	0.5	0.5	
14.2	259.0	0.5	0.5	virtual
15	261.0	0.5	0.5	
15.2	263.0	0.5	0.45	virtual
15.3	264.0	0.45	0.4	virtual
16	265.0	0.5	0.5	
16.1	266.0	0.4	0.45	virtual
16.2	267.0	0.45	0.45	virtual
16.3	268.0	0.45	0.4	virtual
17	269.0	0.5	0.5	
17.1	270.0	0.4	0.45	virtual
17.2	271.0	0.45	0.45	virtual
17.3	272.0	0.45	0.4	virtual
18	273.0	0.5	0.5	
18.2	275.0	0.5	0.5	virtual
19	277.0	0.5	0.5	
19.2	279.0	0.5	0.5	virtual
20	281.0	0.5	0.5	
21	285.0	0.5	0.5	
22	289.0	0.5	0.5	
23	293.0	0.5	0.5	
24	297.0	0.5	0.5	
25	301.0	0.5	0.5	
26	305.0	0.5	0.5	
27	309.0	0.5	0.5	
28	313.0	0.5	0.5	
29	317.0	0.5	0.5	virtual
Marker Name	DYS449
21	322.0	0.5	0.5	virtual
22	326.0	0.5	0.5	
23	330.0	0.5	0.5	
24	334.0	0.5	0.5	
25	338.0	0.5	0.5	
26	342.0	0.5	0.5	
27	346.0	0.5	0.5	
28	350.0	0.5	0.5	
29	354.0	0.5	0.5	
30	358.0	0.5	0.5	
31	362.0	0.5	0.5	
32	366.0	0.5	0.5	
33	370.0	0.5	0.5	
34	374.0	0.5	0.5	
35	378.0	0.5	0.5	
36	382.0	0.5	0.5	
37	386.0	0.5	0.5	
38	390.0	0.5	0.5	
39	394.0	0.5	0.5	
40	398.0	0.5	0.5	
41	402.0	0.5	0.5	virtual
Marker Name	DYS393
6	86.0	0.5	0.5	virtual
7	90.0	0.5	0.5	
8	94.0	0.5	0.5	
9	98.0	0.5	0.5	
10	102.0	0.5	0.5	
11	106.0	0.5	0.5	
12	110.0	0.5	0.5	
12.1	111.0	0.4	0.45	virtual
12.2	112.0	0.45	0.5	virtual
13	114.0	0.5	0.5	
14	118.0	0.5	0.5	
15	122.0	0.5	0.5	
16	126.0	0.5	0.5	
17	130.0	0.5	0.5	
18	134.0	0.5	0.5	
19	138.0	0.5	0.5	virtual
Marker Name	DYS439
5	147.0	0.5	0.5	virtual
6	151.0	0.5	0.5	
7	155.0	0.5	0.5	
8	159.0	0.5	0.5	
9	163.0	0.5	0.5	
10	167.0	0.5	0.5	
10.2	169.0	0.5	0.5	virtual
11	171.0	0.5	0.5	
11.1	172.0	0.4	0.5	virtual
11.3	174.0	0.5	0.4	virtual
12	175.0	0.5	0.5	
13	179.0	0.5	0.5	
13.1	180.0	0.4	0.5	virtual
14	183.0	0.5	0.5	
15	187.0	0.5	0.5	
16	191.0	0.5	0.5	
17	195.0	0.5	0.5	
18	199.0	0.5	0.5	virtual
Marker Name	DYS481
16	204.0	0.5	0.5	virtual
17	207.0	0.5	0.5	
18	210.0	0.5	0.5	
19	213.0	0.5	0.5	
20	216.0	0.5	0.5	
21	219.0	0.5	0.5	
22	222.0	0.5	0.5	
23	225.0	0.5	0.5	
24	228.0	0.5	0.5	
24.1	229.0	0.4	0.5	virtual
25	231.0	0.5	0.5	
25.1	232.0	0.4	0.5	virtual
26	234.0	0.5	0.5	
26.1	235.0	0.4	0.5	virtual
27	237.0	0.5	0.5	
27.1	238.0	0.4	0.5	virtual
28	240.0	0.5	0.5	
29	243.0	0.5	0.5	
30	246.0	0.5	0.5	
31	249.0	0.5	0.5	
32	252.0	0.5	0.5	
33	255.0	0.5	0.5	virtual
Marker Name	DYF387S1
29	260.0	0.5	0.5	virtual
30	264.0	0.5	0.5	
31	268.0	0.5	0.5	
32	272.0	0.5	0.5	
33	276.0	0.5	0.5	
34	280.0	0.5	0.5	
35	284.0	0.5	0.5	
36	288.0	0.5	0.5	
37	292.0	0.5	0.5	
37.3	295.0	0.5	0.4	virtual
38	296.0	0.5	0.5	
39	300.0	0.5	0.5	
39.2	302.0	0.5	0.5	virtual
40	304.0	0.5	0.5	
41	308.0	0.5	0.5	
41.2	310.0	0.5	0.5	virtual
42	312.0	0.5	0.5	
43	316.0	0.5	0.5	
44	320.0	0.5	0.5	
45	324.0	0.5	0.5	virtual
Marker Name	DYS533
6	335.0	0.5	0.5	virtual
7	339.0	0.5	0.5	
8	343.0	0.5	0.5	
9	347.0	0.5	0.5	
10	351.0	0.5	0.5	
11	355.0	0.5	0.5	
12	359.0	0.5	0.5	
13	363.0	0.5	0.5	
13.1	364.0	0.4	0.5	virtual
14	367.0	0.5	0.5	
15	371.0	0.5	0.5	
16	375.0	0.5	0.5	
17	379.0	0.5	0.5	
18	383.0	0.5	0.5	virtual
Panel Name	Identifiler_CODIS_v1.4X
Marker Name	D8S1179
<8	127.49	9.49	0.0	
8	128.0	0.5	0.5	
8.2	130.0	0.5	0.5	
9	132.0	0.5	0.5	
9.2	134.0	0.5	0.5	
10	136.0	0.5	0.5	
10.2	138.0	0.5	0.5	
11	140.0	0.5	0.5	
11.2	142.0	0.5	0.5	
12	144.0	0.5	0.5	
12.2	146.0	0.5	0.5	
13	148.0	0.5	0.5	
13.2	150.0	0.5	0.5	
14	152.0	0.5	0.5	
14.2	154.0	0.5	0.5	
15	156.0	0.5	0.5	
15.2	158.0	0.5	0.5	
16	160.0	0.5	0.5	
16.2	162.0	0.5	0.5	
17	164.0	0.5	0.5	
17.2	166.0	0.5	0.5	
18	168.0	0.5	0.5	
18.2	170.0	0.5	0.5	
19	172.0	0.5	0.5	
>19	172.51	0.0	4.99	
Marker Name	D21S11
<24	186.49	3.99	0.0	
24	187.0	0.5	0.5	
24.2	189.0	0.5	0.5	
25	191.0	0.5	0.5	
25.2	193.0	0.5	0.5	
26	195.0	0.5	0.5	
26.2	197.0	0.5	0.5	
27	199.0	0.5	0.5	
27.2	201.0	0.5	0.5	
28	203.0	0.5	0.5	
28.2	205.0	0.5	0.5	
29	207.0	0.5	0.5	
29.2	209.0	0.5	0.5	
30	211.0	0.5	0.5	
30.2	213.0	0.5	0.5	
31	215.0	0.5	0.5	
31.2	217.0	0.5	0.5	
32	219.0	0.5	0.5	
32.2	221.0	0.5	0.5	
33	223.0	0.5	0.5	
33.2	225.0	0.5	0.5	
34	227.0	0.5	0.5	
34.2	229.0	0.5	0.5	
35	231.0	0.5	0.5	
35.2	233.0	0.5	0.5	
36	235.0	0.5	0.5	
36.2	237.0	0.5	0.5	
37	239.0	0.5	0.5	
37.2	241.0	0.5	0.5	
38	243.0	0.5	0.5	
>38	243.51	0.0	3.99	
Marker Name	D7S820
<6	257.49	6.49	0.0	
6	258.0	0.5	0.5	
6.2	260.0	0.5	0.5	
7	262.0	0.5	0.5	
7.2	264.0	0.5	0.5	
8	266.0	0.5	0.5	
8.2	268.0	0.5	0.5	
9	270.0	0.5	0.5	
9.2	272.0	0.5	0.5	
10	274.0	0.5	0.5	
10.2	276.0	0.5	0.5	
11	278.0	0.5	0.5	
11.2	280.0	0.5	0.5	
12	282.0	0.5	0.5	
12.2	284.0	0.5	0.5	
13	286.0	0.5	0.5	
13.2	288.0	0.5	0.5	
14	290.0	0.5	0.5	
14.2	292.0	0.5	0.5	
15	294.0	0.5	0.5	
>15	294.51	0.0	3.99	
Marker Name	CSF1PO
<6	306.12	4.0	0.0	
6	306.63	0.5	0.5	
6.2	308.63	0.5	0.5	
7	310.63	0.5	0.5	
7.2	312.63	0.5	0.5	
8	314.63	0.5	0.5	
8.2	316.63	0.5	0.5	
9	318.63	0.5	0.5	
9.2	320.63	0.5	0.5	
10	322.63	0.5	0.5	
10.2	324.63	0.5	0.5	
11	326.63	0.5	0.5	
11.2	328.63	0.5	0.5	
12	330.63	0.5	0.5	
12.2	332.63	0.5	0.5	
13	334.63	0.5	0.5	
13.2	336.63	0.5	0.5	
14	338.63	0.5	0.5	
14.2	340.63	0.5	0.5	
15	342.63	0.5	0.5	
>15	343.14	0.0	5.49	
Marker Name	D3S1358
<12	113.49	15.49	0.0	
12	114.0	0.5	0.5	
12.2	116.0	0.5	0.5	
13	118.0	0.5	0.5	
13.2	120.0	0.5	0.5	
14	122.0	0.5	0.5	
14.2	124.0	0.5	0.5	
15	126.0	0.5	0.5	
15.2	128.0	0.5	0.5	
16	130.0	0.5	0.5	
16.2	132.0	0.5	0.5	
17	134.0	0.5	0.5	
17.2	136.0	0.5	0.5	
18	138.0	0.5	0.5	
18.2	140.0	0.5	0.5	
19	142.0	0.5	0.5	
>19	142.51	0.0	5.49	
Marker Name	TH01
<4	164.49	7.49	0.0	
4	165.0	0.5	0.5	
5	169.0	0.5	0.5	
5.3	172.0	0.5	0.4	
6	173.0	0.4	0.5	
6.3	176.0	0.5	0.4	
7	177.0	0.4	0.5	
7.3	180.0	0.5	0.4	
8	181.0	0.4	0.5	
8.3	184.0	0.5	0.4	
9	185.0	0.4	0.5	
9.3	188.0	0.5	0.4	
10	189.0	0.4	0.5	
10.3	192.0	0.5	0.4	
11	193.0	0.4	0.5	
13.3	204.0	0.5	0.5	
>13.3	204.51	0.0	7.49	
Marker Name	D13S317
<8	217.14	4.0	0.0	
8	217.65	0.5	0.5	
8.2	219.65	0.5	0.5	
9	221.65	0.5	0.5	
9.2	223.65	0.5	0.5	
10	225.65	0.5	0.5	
10.2	227.65	0.5	0.5	
11	229.65	0.5	0.5	
11.2	231.65	0.5	0.5	
12	233.65	0.5	0.5	
12.2	235.65	0.5	0.5	
13	237.65	0.5	0.5	
13.2	239.65	0.5	0.5	
14	241.65	0.5	0.5	
14.2	243.65	0.5	0.5	
15	245.65	0.5	0.5	
>15	246.16	0.0	4.0	
Marker Name	D16S539
<5	256.79	1.49	0.0	
5	257.3	0.5	0.5	
5.2	259.3	0.5	0.5	
6	261.3	0.5	0.5	
6.2	263.3	0.5	0.5	
7	265.3	0.5	0.5	
7.2	267.3	0.5	0.5	
8	269.3	0.5	0.5	
8.2	271.3	0.5	0.5	
9	273.3	0.5	0.5	
9.2	275.3	0.5	0.5	
10	277.3	0.5	0.5	
10.2	279.3	0.5	0.5	
11	281.3	0.5	0.5	
11.2	283.3	0.5	0.5	
12	285.3	0.5	0.5	
12.2	287.3	0.5	0.5	
13	289.3	0.5	0.5	
13.2	291.3	0.5	0.5	
14	293.3	0.5	0.5	
14.2	295.3	0.5	0.5	
15	297.3	0.5	0.5	
>15	297.81	0.0	4.0	
Marker Name	D2S1338
<15	308.8	3.99	0.0	
15	309.31	0.5	0.5	
15.2	311.31	0.5	0.5	
16	313.31	0.5	0.5	
16.2	315.31	0.5	0.5	
17	317.31	0.5	0.5	
17.2	319.31	0.5	0.5	
18	321.31	0.5	0.5	
18.2	323.31	0.5	0.5	
19	325.31	0.5	0.5	
19.2	327.31	0.5	0.5	
20	329.31	0.5	0.5	
20.2	331.31	0.5	0.5	
21	333.31	0.5	0.5	
21.2	335.31	0.5	0.5	
22	337.31	0.5	0.5	
22.2	339.31	0.5	0.5	
23	341.31	0.5	0.5	
23.2	343.31	0.5	0.5	
24	345.31	0.5	0.5	
24.2	347.31	0.5	0.5	
25	349.31	0.5	0.5	
25.2	351.31	0.5	0.5	
26	353.31	0.5	0.5	
26.2	355.31	0.5	0.5	
27	357.31	0.5	0.5	
27.2	359.31	0.5	0.5	
28	361.31	0.5	0.5	
28.2	363.31	0.5	0.5	
29	365.31	0.5	0.5	
>29	365.82	0.0	3.99	
Marker Name	D19S433
<9	105.49	4.49	0.0	
9	106.0	0.5	0.5	
9.2	108.0	0.5	0.5	
10	110.0	0.5	0.5	
10.2	112.0	0.5	0.5	
11	114.0	0.5	0.5	
11.2	116.0	0.5	0.5	
12	118.0	0.5	0.5	
12.2	120.0	0.5	0.5	
13	122.0	0.5	0.5	
13.2	124.0	0.5	0.5	
14	126.0	0.5	0.5	
14.2	128.0	0.5	0.5	
15	130.0	0.5	0.5	
15.2	132.0	0.5	0.5	
16	134.0	0.5	0.5	
16.2	136.0	0.5	0.5	
17	138.0	0.5	0.5	
17.2	140.0	0.5	0.5	
>17.2	140.51	0.0	7.49	
Marker Name	vWA
<11	156.49	5.49	0.0	
11	157.0	0.5	0.5	
11.2	159.0	0.5	0.5	
12	161.0	0.5	0.5	
12.2	163.0	0.5	0.5	
13	165.0	0.5	0.5	
13.2	167.0	0.5	0.5	
14	169.0	0.5	0.5	
14.2	171.0	0.5	0.5	
15	173.0	0.5	0.5	
15.2	175.0	0.5	0.5	
16	177.0	0.5	0.5	
16.2	179.0	0.5	0.5	
17	181.0	0.5	0.5	
17.2	183.0	0.5	0.5	
18	185.0	0.5	0.5	
18.2	187.0	0.5	0.5	
19	189.0	0.5	0.5	
19.2	191.0	0.5	0.5	
20	193.0	0.5	0.5	
20.2	195.0	0.5	0.5	
21	197.0	0.5	0.5	
21.2	199.0	0.5	0.5	
22	201.0	0.5	0.5	
22.2	203.0	0.5	0.5	
23	205.0	0.5	0.5	
23.2	207.0	0.5	0.5	
24	209.0	0.5	0.5	
>24	209.51	0.0	3.99	
Marker Name	TPOX
<6	224.48	7.48	0.0	
6	224.99	0.5	0.5	
6.2	226.99	0.5	0.5	
7	228.99	0.5	0.5	
7.2	230.99	0.5	0.5	
8	232.99	0.5	0.5	
8.2	234.99	0.5	0.5	
9	236.99	0.5	0.5	
9.2	238.99	0.5	0.5	
10	240.99	0.5	0.5	
10.2	242.99	0.5	0.5	
11	244.99	0.5	0.5	
11.2	246.99	0.5	0.5	
12	248.99	0.5	0.5	
12.2	250.99	0.5	0.5	
13	252.99	0.5	0.5	
>13	253.5	0.0	1.49	
Marker Name	D18S51
<7	264.49	3.99	0.0	
7	265.0	0.5	0.5	
7.2	267.0	0.5	0.5	
8	269.0	0.5	0.5	
8.2	271.0	0.5	0.5	
9	273.0	0.5	0.5	
9.2	275.0	0.5	0.5	
10	277.0	0.5	0.5	
10.2	279.0	0.5	0.5	
11	281.0	0.5	0.5	
11.2	283.0	0.5	0.5	
12	285.0	0.5	0.5	
12.2	287.0	0.5	0.5	
13	289.0	0.5	0.5	
13.2	291.0	0.5	0.5	
14	293.0	0.5	0.5	
14.2	295.0	0.5	0.5	
15	297.0	0.5	0.5	
15.2	299.0	0.5	0.5	
16	301.0	0.5	0.5	
16.2	303.0	0.5	0.5	
17	305.0	0.5	0.5	
17.2	307.0	0.5	0.5	
18	309.0	0.5	0.5	
18.2	311.0	0.5	0.5	
19	313.0	0.5	0.5	
19.2	315.0	0.5	0.5	
20	317.0	0.5	0.5	
20.2	319.0	0.5	0.5	
21	321.0	0.5	0.5	
21.2	323.0	0.5	0.5	
22	325.0	0.5	0.5	
22.2	327.0	0.5	0.5	
23	329.0	0.5	0.5	
23.2	331.0	0.5	0.5	
24	333.0	0.5	0.5	
24.2	335.0	0.5	0.5	
25	337.0	0.5	0.5	
25.2	339.0	0.5	0.5	
26	341.0	0.5	0.5	
26.2	343.0	0.5	0.5	
27	345.0	0.5	0.5	
>27	345.51	0.0	7.49	
Marker Name	AMEL
X	107.0	0.5	0.5	
Y	113.0	0.5	0.5	
Marker Name	D5S818
<7	134.49	6.49	0.0	
7	135.0	0.5	0.5	
7.2	137.0	0.5	0.5	
8	139.0	0.5	0.5	
8.2	141.0	0.5	0.5	
9	143.0	0.5	0.5	
9.2	145.0	0.5	0.5	
10	147.0	0.5	0.5	
10.2	149.0	0.5	0.5	
11	151.0	0.5	0.5	
11.2	153.0	0.5	0.5	
12	155.0	0.5	0.5	
12.2	157.0	0.5	0.5	
13	159.0	0.5	0.5	
13.2	161.0	0.5	0.5	
14	163.0	0.5	0.5	
14.2	165.0	0.5	0.5	
15	167.0	0.5	0.5	
15.2	169.0	0.5	0.5	
16	171.0	0.5	0.5	
>16	171.51	0.0	8.49	
Marker Name	FGA
<17	214.49	10.24	0.0	
17	215.0	0.5	0.5	
17.2	217.0	0.5	0.5	
18	219.0	0.5	0.5	
18.2	221.0	0.5	0.5	
19	223.0	0.5	0.5	
19.2	225.0	0.5	0.5	
20	227.0	0.5	0.5	
20.2	229.0	0.5	0.5	
21	231.0	0.5	0.5	
21.2	233.0	0.5	0.5	
22	235.0	0.5	0.5	
22.2	237.0	0.5	0.5	
23	239.0	0.5	0.5	
23.2	241.0	0.5	0.5	
24	243.0	0.5	0.5	
24.2	245.0	0.5	0.5	
25	247.0	0.5	0.5	
25.2	249.0	0.5	0.5	
26	251.0	0.5	0.5	
26.2	253.0	0.5	0.5	
27	255.0	0.5	0.5	
27.2	257.0	0.5	0.5	
28	259.0	0.5	0.5	
28.2	261.0	0.5	0.5	
29	263.0	0.5	0.5	
29.2	265.0	0.5	0.5	
30	267.0	0.5	0.5	
30.2	269.0	0.5	0.5	
31	271.0	0.5	0.5	
31.2	273.0	0.5	0.5	
32	275.0	0.5	0.5	
32.2	277.0	0.5	0.5	
33.2	281.0	0.5	0.5	
42.2	317.0	0.5	0.5	
43.2	321.0	0.5	0.5	
44.2	325.0	0.5	0.5	
45.2	329.0	0.5	0.5	
46.2	333.0	0.5	0.5	
47.2	337.0	0.5	0.5	
48.2	341.0	0.5	0.5	
49.2	345.0	0.5	0.5	
50.2	349.0	0.5	0.5	
51.2	353.0	0.5	0.5	
>51.2	353.51	0.0	6.49	
Panel Name	GlobalFiler_Panel_v1
Marker Name	D3S1358
8	92.5	0.5	0.5	virtual
9	96.5	0.5	0.5	
10	100.5	0.5	0.5	
11	104.5	0.5	0.5	
12	108.5	0.5	0.5	
13	112.5	0.5	0.5	
14	116.5	0.5	0.5	
15	120.5	0.5	0.5	
15.2	122.5	0.5	0.5	virtual
16	124.5	0.5	0.5	
16.2	126.5	0.5	0.5	virtual
17	128.5	0.5	0.5	
17.1	129.5	0.4	0.45	virtual
17.2	130.5	0.45	0.5	virtual
18	132.5	0.5	0.5	
18.2	134.5	0.5	0.5	virtual
19	136.5	0.5	0.5	
20	140.5	0.5	0.5	
20.1	141.5	0.4	0.5	virtual
21	144.5	0.5	0.5	virtual
Marker Name	vWA
10	153.0	0.5	0.5	virtual
11	157.0	0.5	0.5	
12	161.0	0.5	0.5	
13	165.0	0.5	0.5	
14	169.0	0.5	0.5	
15	173.0	0.5	0.5	
15.2	175.0	0.5	0.5	virtual
16	177.0	0.5	0.5	
17	181.0	0.5	0.5	
18	185.0	0.5	0.5	
18.2	187.0	0.5	0.5	virtual
19	189.0	0.5	0.5	
20	193.0	0.5	0.5	
21	197.0	0.5	0.5	
22	201.0	0.5	0.5	
23	205.0	0.5	0.5	
24	209.0	0.5	0.5	
25	213.0	0.5	0.5	virtual
Marker Name	D16S539
4	223.5	0.5	0.5	virtual
5	227.5	0.5	0.5	
6	231.5	0.5	0.5	virtual
7	235.5	0.5	0.5	virtual
8	239.5	0.5	0.5	
8.3	242.5	0.5	0.4	virtual
9	243.5	0.5	0.5	
9.3	246.5	0.5	0.4	virtual
10	247.5	0.5	0.5	
11	251.5	0.5	0.5	
11.3	254.5	0.5	0.4	virtual
12	255.5	0.5	0.5	
12.1	256.5	0.4	0.45	virtual
12.2	257.5	0.45	0.5	virtual
13	259.5	0.5	0.5	
13.3	262.5	0.5	0.4	virtual
14	263.5	0.5	0.5	
15	267.5	0.5	0.5	
16	271.5	0.5	0.5	virtual
Marker Name	CSF1PO
5	279.0	0.5	0.5	virtual
6	283.0	0.5	0.5	
7	287.0	0.5	0.5	
7.3	290.0	0.5	0.4	virtual
8	291.0	0.5	0.5	
8.1	292.0	0.4	0.5	virtual
9	295.0	0.5	0.5	
9.1	296.0	0.4	0.5	virtual
10	299.0	0.5	0.5	
10.1	300.0	0.4	0.45	virtual
10.2	301.0	0.45	0.45	virtual
10.3	302.0	0.45	0.4	virtual
11	303.0	0.5	0.5	
11.1	304.0	0.4	0.5	virtual
11.3	306.0	0.5	0.4	virtual
12	307.0	0.5	0.5	
12.1	308.0	0.4	0.5	virtual
12.3	310.0	0.5	0.4	virtual
13	311.0	0.5	0.5	
14	315.0	0.5	0.5	
15	319.0	0.5	0.5	
16	323.0	0.5	0.5	virtual
Marker Name	TPOX
4	334.5	0.5	0.5	virtual
5	338.5	0.5	0.5	
6	342.5	0.5	0.5	
7	346.5	0.5	0.5	
7.1	347.5	0.4	0.5	virtual
7.3	349.5	0.5	0.4	virtual
8	350.5	0.5	0.5	
9	354.5	0.5	0.5	
10	358.5	0.5	0.5	
10.1	359.5	0.4	0.5	virtual
10.3	361.5	0.5	0.4	virtual
11	362.5	0.5	0.5	
12	366.5	0.5	0.5	
13	370.5	0.5	0.5	
14	374.5	0.5	0.5	
15	378.5	0.5	0.5	
16	382.5	0.5	0.5	virtual
Marker Name	Yindel
1	81.0	0.5	0.5	
2	86.0	0.5	0.5	
Marker Name	AMEL
X	98.5	0.5	0.5	
Y	104.5	0.5	0.5	
Marker Name	D8S1179
4	110.5	0.5	0.5	virtual
5	114.5	0.5	0.5	
6	118.5	0.5	0.5	
7	122.5	0.5	0.5	
8	126.5	0.5	0.5	
9	130.5	0.5	0.5	
10	134.5	0.5	0.5	
10.2	136.5	0.5	0.5	virtual
11	138.5	0.5	0.5	
12	142.5	0.5	0.5	
12.3	145.5	0.5	0.4	virtual
13	146.5	0.5	0.5	
13.3	149.5	0.5	0.4	virtual
14	150.5	0.5	0.5	
15	154.5	0.5	0.5	
15.3	157.5	0.5	0.4	virtual
16	158.5	0.5	0.5	
17	162.5	0.5	0.5	
18	166.5	0.5	0.5	
19	170.5	0.5	0.5	
20	174.5	0.5	0.5	virtual
Marker Name	D21S11
23.2	181.5	0.5	0.5	virtual
24	183.5	0.5	0.5	
24.2	185.5	0.5	0.5	
24.3	186.5	0.4	0.4	virtual
25	187.5	0.5	0.5	
25.2	189.5	0.5	0.45	virtual
25.3	190.5	0.45	0.4	virtual
26	191.5	0.5	0.5	
26.2	193.5	0.5	0.5	virtual
27	195.5	0.5	0.5	
27.1	196.5	0.4	0.45	virtual
27.2	197.5	0.45	0.5	virtual
28	199.5	0.5	0.5	
28.1	200.5	0.4	0.4	virtual
28.2	201.5	0.5	0.5	
28.3	202.5	0.4	0.4	virtual
29	203.5	0.5	0.5	
29.1	204.5	0.4	0.4	virtual
29.2	205.5	0.5	0.5	
29.3	206.5	0.4	0.4	virtual
30	207.5	0.5	0.5	
30.1	208.5	0.4	0.4	virtual
30.2	209.5	0.5	0.5	
30.3	210.5	0.4	0.4	virtual
31	211.5	0.5	0.5	
31.1	212.5	0.4	0.4	virtual
31.2	213.5	0.5	0.5	
31.3	214.5	0.4	0.4	virtual
32	215.5	0.5	0.5	
32.1	216.5	0.4	0.4	virtual
32.2	217.5	0.5	0.5	
32.3	218.5	0.4	0.4	virtual
33	219.5	0.5	0.5	
33.1	220.5	0.4	0.4	virtual
33.2	221.5	0.5	0.5	
33.3	222.5	0.4	0.4	virtual
34	223.5	0.5	0.5	
34.1	224.5	0.4	0.4	virtual
34.2	225.5	0.5	0.5	
35	227.5	0.5	0.5	
35.1	228.5	0.4	0.4	virtual
35.2	229.5	0.5	0.5	
36	231.5	0.5	0.5	
36.1	232.5	0.4	0.45	virtual
36.2	233.5	0.45	0.5	virtual
37	235.5	0.5	0.5	
37.2	237.5	0.5	0.5	virtual
38	239.5	0.5	0.5	
38.2	241.5	0.5	0.5	virtual
39	243.5	0.5	0.5	virtual
Marker Name	D18S51
6	257.5	0.5	0.5	virtual
7	261.5	0.5	0.5	
8	265.5	0.5	0.5	virtual
9	269.5	0.5	0.5	
9.2	271.5	0.5	0.5	virtual
10	273.5	0.5	0.5	
10.2	275.5	0.5	0.5	
11	277.5	0.5	0.5	
11.2	279.5	0.5	0.5	virtual
12	281.5	0.5	0.5	
12.2	283.5	0.5	0.45	virtual
12.3	284.5	0.45	0.4	virtual
13	285.5	0.5	0.5	
13.1	286.5	0.4	0.4	virtual
13.2	287.5	0.5	0.5	
13.3	288.5	0.4	0.4	virtual
14	289.5	0.5	0.5	
14.2	291.5	0.5	0.5	
15	293.5	0.5	0.5	
15.2	295.5	0.5	0.45	virtual
15.3	296.5	0.45	0.4	virtual
16	297.5	0.5	0.5	
16.1	298.5	0.4	0.45	virtual
16.2	299.5	0.45	0.5	virtual
17	301.5	0.5	0.5	
17.2	303.5	0.5	0.45	virtual
17.3	304.5	0.45	0.4	virtual
18	305.5	0.5	0.5	
18.1	306.5	0.4	0.45	virtual
18.2	307.5	0.45	0.5	virtual
19	309.5	0.5	0.5	
19.2	311.5	0.5	0.5	virtual
20	313.5	0.5	0.5	
20.2	315.5	0.5	0.5	virtual
21	317.5	0.5	0.5	
21.2	319.5	0.5	0.5	virtual
22	321.5	0.5	0.5	
22.2	323.5	0.5	0.5	virtual
23	325.5	0.5	0.5	
23.2	327.5	0.5	0.5	virtual
24	329.5	0.5	0.5	
25	333.5	0.5	0.5	
26	337.5	0.5	0.5	
27	341.5	0.5	0.5	
28	345.5	0.5	0.5	virtual
Marker Name	DYS391
6	361.5	0.5	0.5	virtual
7	365.5	0.5	0.5	
8	369.5	0.5	0.5	
9	373.5	0.5	0.5	
10	377.5	0.5	0.5	
11	381.5	0.5	0.5	
12	385.5	0.5	0.5	
13	389.5	0.5	0.5	
14	393.5	0.5	0.5	virtual
Marker Name	D2S441
8	76.5	0.5	0.5	
9	80.5	0.5	0.5	
9.1	81.5	0.4	0.5	virtual
10	84.5	0.5	0.5	
11	88.5	0.5	0.5	
11.3	91.5	0.5	0.45	
12	92.5	0.45	0.5	
12.3	95.5	0.5	0.4	virtual
13	96.5	0.5	0.5	
13.3	99.5	0.5	0.4	virtual
14	100.5	0.5	0.5	
14.3	103.5	0.5	0.4	virtual
15	104.5	0.5	0.5	
16	108.5	0.5	0.5	
17	112.5	0.5	0.5	
Marker Name	D19S433
5.2	116.5	0.5	0.5	virtual
6	118.5	0.5	0.5	
6.2	120.5	0.5	0.5	virtual
7	122.5	0.5	0.5	
8	126.5	0.5	0.5	
9	130.5	0.5	0.5	
9.2	132.5	0.5	0.5	virtual
10	134.5	0.5	0.5	
10.2	136.5	0.5	0.5	virtual
11	138.5	0.5	0.5	
11.2	140.5	0.5	0.5	virtual
12	142.5	0.5	0.5	
12.1	143.5	0.4	0.4	virtual
12.2	144.5	0.5	0.5	
13	146.5	0.5	0.5	
13.1	147.5	0.4	0.4	virtual
13.2	148.5	0.5	0.5	
14	150.5	0.5	0.5	
14.2	152.5	0.5	0.5	
14.3	153.5	0.4	0.4	virtual
15	154.5	0.5	0.5	
15.2	156.5	0.5	0.5	
16	158.5	0.5	0.5	
16.2	160.5	0.5	0.5	
17	162.5	0.5	0.5	
17.2	164.5	0.5	0.5	
18	166.5	0.5	0.5	virtual
18.2	168.5	0.5	0.5	
19	170.5	0.5	0.5	virtual
19.2	172.5	0.5	0.5	
Marker Name	TH01
3	175.0	0.5	0.5	virtual
4	179.0	0.5	0.5	
5	183.0	0.5	0.5	
5.3	186.0	0.5	0.4	virtual
6	187.0	0.5	0.5	
6.3	190.0	0.5	0.4	virtual
7	191.0	0.5	0.5	
7.3	194.0	0.5	0.4	virtual
8	195.0	0.5	0.5	
8.3	198.0	0.5	0.4	virtual
9	199.0	0.5	0.5	
9.3	202.0	0.5	0.45	
10	203.0	0.45	0.5	
10.3	206.0	0.5	0.4	virtual
11	207.0	0.5	0.5	
12	211.0	0.5	0.5	virtual
13	215.0	0.5	0.5	virtual
13.3	218.0	0.5	0.5	
Marker Name	FGA
12.2	221.5	0.5	0.5	virtual
13	223.5	0.5	0.5	
14	227.5	0.5	0.5	
15	231.5	0.5	0.5	
16	235.5	0.5	0.5	
16.1	236.5	0.4	0.45	virtual
16.2	237.5	0.45	0.5	virtual
17	239.5	0.5	0.5	
17.2	241.5	0.5	0.5	virtual
18	243.5	0.5	0.5	
18.2	245.5	0.5	0.5	virtual
19	247.5	0.5	0.5	
19.2	249.5	0.5	0.45	virtual
19.3	250.5	0.45	0.4	virtual
20	251.5	0.5	0.5	
20.1	252.5	0.4	0.45	virtual
20.2	253.5	0.45	0.45	virtual
20.3	254.5	0.45	0.4	virtual
21	255.5	0.5	0.5	
21.2	257.5	0.5	0.45	virtual
21.3	258.5	0.45	0.4	virtual
22	259.5	0.5	0.5	
22.1	260.5	0.4	0.45	virtual
22.2	261.5	0.45	0.45	virtual
22.3	262.5	0.45	0.4	virtual
23	263.5	0.5	0.5	
23.1	264.5	0.4	0.45	virtual
23.2	265.5	0.45	0.45	virtual
23.3	266.5	0.45	0.4	virtual
24	267.5	0.5	0.5	
24.1	268.5	0.4	0.45	virtual
24.2	269.5	0.45	0.45	virtual
24.3	270.5	0.45	0.4	virtual
25	271.5	0.5	0.5	
25.1	272.5	0.4	0.45	virtual
25.2	273.5	0.45	0.45	virtual
25.3	274.5	0.45	0.4	virtual
26	275.5	0.5	0.5	
26.1	276.5	0.4	0.4	virtual
26.2	277.5	0.5	0.5	
27	279.5	0.5	0.5	
27.2	281.5	0.5	0.5	virtual
28	283.5	0.5	0.5	
28.2	285.5	0.5	0.5	virtual
29	287.5	0.5	0.5	
29.2	289.5	0.5	0.5	virtual
30	291.5	0.5	0.5	
30.2	293.5	0.5	0.5	
31	295.5	0.5	0.5	virtual
31.2	297.5	0.5	0.5	
32	299.5	0.5	0.5	virtual
32.2	301.5	0.5	0.5	
33.2	305.5	0.5	0.5	
34.2	309.5	0.5	0.5	virtual
41.2	338.0	0.5	0.5	virtual
42.2	342.0	0.5	0.5	
43.2	346.0	0.5	0.5	
44.2	350.0	0.5	0.5	
45.2	354.0	0.5	0.5	
46.2	358.0	0.5	0.5	
47.2	362.0	0.5	0.5	
48.2	366.0	0.5	0.5	
49.2	370.0	0.5	0.5	virtual
50.2	374.0	0.5	0.5	
51.2	378.0	0.5	0.5	
Marker Name	D22S1045
7	85.5	0.5	0.5	virtual
8	88.5	0.5	0.5	
9	91.5	0.5	0.5	
10	94.5	0.5	0.5	
11	97.5	0.5	0.5	
12	100.5	0.5	0.5	
13	103.5	0.5	0.5	
14	106.5	0.5	0.5	
15	109.5	0.5	0.5	
16	112.5	0.5	0.5	
17	115.5	0.5	0.5	
18	118.5	0.5	0.5	
19	121.5	0.5	0.5	
20	124.5	0.5	0.5	virtual
Marker Name	D5S818
6	135.5	0.5	0.5	virtual
7	139.5	0.5	0.5	
8	143.5	0.5	0.5	
9	147.5	0.5	0.5	
10	151.5	0.5	0.5	
10.1	152.5	0.4	0.5	virtual
11	155.5	0.5	0.5	
11.1	156.5	0.4	0.5	virtual
12	159.5	0.5	0.5	
12.1	160.5	0.4	0.5	virtual
12.3	162.5	0.5	0.4	virtual
13	163.5	0.5	0.5	
14	167.5	0.5	0.5	
15	171.5	0.5	0.5	
16	175.5	0.5	0.5	
17	179.5	0.5	0.5	
18	183.5	0.5	0.5	
19	187.5	0.5	0.5	virtual
Marker Name	D13S317
5	199.0	0.5	0.5	
6	203.0	0.5	0.5	
7	207.0	0.5	0.5	
7.1	208.0	0.4	0.5	virtual
8	211.0	0.5	0.5	
8.1	212.0	0.4	0.5	virtual
9	215.0	0.5	0.5	
10	219.0	0.5	0.5	
11	223.0	0.5	0.5	
11.3	226.0	0.5	0.4	virtual
12	227.0	0.5	0.5	
12.3	230.0	0.5	0.4	virtual
13	231.0	0.5	0.5	
13.3	234.0	0.5	0.4	virtual
14	235.0	0.5	0.5	
15	239.0	0.5	0.5	
16	243.0	0.5	0.5	
17	247.0	0.5	0.5	virtual
Marker Name	D7S820
5	258.5	0.5	0.5	virtual
5.2	260.5	0.5	0.5	virtual
6	262.5	0.5	0.5	
6.3	265.5	0.5	0.4	virtual
7	266.5	0.5	0.5	
7.1	267.5	0.4	0.5	virtual
7.3	269.5	0.5	0.4	virtual
8	270.5	0.5	0.5	
8.1	271.5	0.4	0.45	virtual
8.2	272.5	0.45	0.45	virtual
8.3	273.5	0.45	0.4	virtual
9	274.5	0.5	0.5	
9.1	275.5	0.4	0.45	virtual
9.2	276.5	0.45	0.45	virtual
9.3	277.5	0.45	0.4	virtual
10	278.5	0.5	0.5	
10.1	279.5	0.4	0.5	virtual
10.3	281.5	0.5	0.4	virtual
11	282.5	0.5	0.5	
11.1	283.5	0.4	0.5	virtual
11.3	285.5	0.5	0.4	virtual
12	286.5	0.5	0.5	
12.1	287.5	0.4	0.5	virtual
12.3	289.5	0.5	0.4	virtual
13	290.5	0.5	0.5	
13.1	291.5	0.4	0.5	virtual
14	294.5	0.5	0.5	
14.1	295.5	0.4	0.5	virtual
15	298.5	0.5	0.5	
16	302.5	0.5	0.5	virtual
Marker Name	SE33
4.2	308.0	0.5	0.5	
5	310.0	0.5	0.5	virtual
6	314.0	0.5	0.5	virtual
6.3	317.0	0.5	0.5	
7	318.0	0.4	0.5	virtual
8	322.0	0.5	0.5	
8.2	324.0	0.5	0.5	virtual
9	326.0	0.5	0.5	
9.2	328.0	0.5	0.5	virtual
10	330.0	0.5	0.5	virtual
10.2	332.0	0.5	0.5	virtual
11	334.0	0.5	0.5	
11.2	336.0	0.5	0.5	virtual
12	338.0	0.5	0.5	
12.2	340.0	0.5	0.5	virtual
13	342.0	0.5	0.5	
13.2	344.0	0.5	0.5	virtual
14	346.0	0.5	0.5	
14.2	348.0	0.5	0.45	virtual
14.3	349.0	0.45	0.4	virtual
15	350.0	0.5	0.5	
15.2	352.0	0.5	0.45	virtual
15.3	353.0	0.45	0.4	virtual
16	354.0	0.5	0.5	
16.2	356.0	0.5	0.45	virtual
16.3	357.0	0.45	0.4	virtual
17	358.0	0.5	0.5	
17.2	360.0	0.5	0.5	virtual
18	362.0	0.5	0.5	
18.2	364.0	0.5	0.5	virtual
19	366.0	0.5	0.5	
19.2	368.0	0.5	0.45	virtual
19.3	369.0	0.45	0.4	virtual
20	370.0	0.5	0.5	
20.2	372.0	0.5	0.5	
21	374.0	0.5	0.5	
21.1	375.0	0.4	0.4	virtual
21.2	376.0	0.5	0.5	
22	378.0	0.5	0.5	virtual
22.2	380.0	0.5	0.5	
23	382.0	0.5	0.5	virtual
23.2	384.0	0.5	0.5	
24	386.0	0.5	0.5	virtual
24.2	388.0	0.5	0.5	
25	390.0	0.5	0.5	virtual
25.2	392.0	0.5	0.5	
26	394.0	0.5	0.5	virtual
26.2	396.0	0.5	0.5	
27	398.0	0.5	0.5	virtual
27.2	400.0	0.5	0.5	
28	402.0	0.5	0.5	virtual
28.2	404.0	0.5	0.5	
29	406.0	0.5	0.5	virtual
29.2	408.0	0.5	0.5	
30	410.0	0.5	0.5	virtual
30.2	412.0	0.5	0.5	
31	414.0	0.5	0.5	virtual
31.2	416.0	0.5	0.5	
32	418.0	0.5	0.5	virtual
32.2	420.0	0.5	0.5	
33	422.0	0.5	0.5	virtual
33.2	424.0	0.5	0.5	
34	426.0	0.5	0.5	virtual
34.2	428.0	0.5	0.5	
35	430.0	0.5	0.5	
35.2	432.0	0.5	0.5	
36	434.0	0.5	0.5	
36.2	436.0	0.5	0.5	virtual
37	438.0	0.5	0.5	
37.2	440.0	0.5	0.5	virtual
38	442.0	0.5	0.5	virtual
Marker Name	D10S1248
7	82.0	0.5	0.5	virtual
8	86.0	0.5	0.5	
9	90.0	0.5	0.5	
10	94.0	0.5	0.5	
11	98.0	0.5	0.5	
12	102.0	0.5	0.5	
13	106.0	0.5	0.5	
14	110.0	0.5	0.5	
15	114.0	0.5	0.5	
16	118.0	0.5	0.5	
17	122.0	0.5	0.5	
18	126.0	0.5	0.5	
19	130.0	0.5	0.5	
Marker Name	D1S1656
8	156.0	0.5	0.5	virtual
9	160.0	0.5	0.5	
10	164.0	0.5	0.5	
11	168.0	0.5	0.5	
12	172.0	0.5	0.5	
13	176.0	0.5	0.5	
13.3	179.0	0.5	0.4	virtual
14	180.0	0.5	0.5	
14.3	183.0	0.5	0.45	
15	184.0	0.45	0.5	
15.3	187.0	0.5	0.45	
16	188.0	0.45	0.5	
16.3	191.0	0.5	0.45	
17	192.0	0.45	0.5	
17.1	193.0	0.4	0.5	virtual
17.3	195.0	0.5	0.5	
18	196.0	0.4	0.5	virtual
18.3	199.0	0.5	0.5	
19	200.0	0.4	0.5	virtual
19.3	203.0	0.5	0.5	
20	204.0	0.4	0.5	virtual
20.3	207.0	0.5	0.5	
21	208.0	0.4	0.5	virtual
Marker Name	D12S391
13	212.5	0.5	0.5	virtual
14	216.5	0.5	0.5	
15	220.5	0.5	0.5	
16	224.5	0.5	0.5	
17	228.5	0.5	0.5	
17.1	229.5	0.4	0.5	virtual
17.3	231.5	0.5	0.4	virtual
18	232.5	0.5	0.5	
18.1	233.5	0.4	0.5	virtual
18.3	235.5	0.5	0.4	virtual
19	236.5	0.5	0.5	
19.1	237.5	0.4	0.5	virtual
19.3	239.5	0.5	0.45	
20	240.5	0.45	0.5	
20.1	241.5	0.4	0.5	virtual
20.3	243.5	0.5	0.4	virtual
21	244.5	0.5	0.5	
22	248.5	0.5	0.5	
23	252.5	0.5	0.5	
24	256.5	0.5	0.5	
24.3	259.5	0.5	0.4	virtual
25	260.5	0.5	0.5	
26	264.5	0.5	0.5	
27	268.5	0.5	0.5	
Marker Name	D2S1338
10	277.5	0.5	0.5	virtual
11	281.5	0.5	0.5	
12	285.5	0.5	0.5	
13	289.5	0.5	0.5	
14	293.5	0.5	0.5	
15	297.5	0.5	0.5	
16	301.5	0.5	0.5	
17	305.5	0.5	0.5	
18	309.5	0.5	0.5	
18.3	312.5	0.5	0.4	virtual
19	313.5	0.5	0.5	
19.3	316.5	0.5	0.4	virtual
20	317.5	0.5	0.5	
21	321.5	0.5	0.5	
22	325.5	0.5	0.5	
23	329.5	0.5	0.5	
23.2	331.5	0.5	0.45	virtual
23.3	332.5	0.45	0.4	virtual
24	333.5	0.5	0.5	
24.2	335.5	0.5	0.5	virtual
25	337.5	0.5	0.5	
26	341.5	0.5	0.5	
27	345.5	0.5	0.5	
28	349.5	0.5	0.5	
29	353.5	0.5	0.5	virtual
Panel Name	GlobalFiler_Express_v1.3X
Marker Name	D3S1358
8	92.5	0.5	0.5	virtual
9	96.5	0.5	0.5	
10	100.5	0.5	0.5	
11	104.5	0.5	0.5	
12	108.5	0.5	0.5	
13	112.5	0.5	0.5	
14	116.5	0.5	0.5	
15	120.5	0.5	0.5	
15.2	122.5	0.5	0.5	virtual
16	124.5	0.5	0.5	
16.2	126.5	0.5	0.5	virtual
17	128.5	0.5	0.5	
17.1	129.5	0.4	0.45	virtual
17.2	130.5	0.45	0.5	virtual
18	132.5	0.5	0.5	
18.2	134.5	0.5	0.5	virtual
19	136.5	0.5	0.5	
20	140.5	0.5	0.5	
20.1	141.5	0.4	0.5	virtual
21	144.5	0.5	0.5	virtual
Marker Name	vWA
10	153.0	0.5	0.5	virtual
11	157.0	0.5	0.5	
12	161.0	0.5	0.5	
13	165.0	0.5	0.5	
14	169.0	0.5	0.5	
15	173.0	0.5	0.5	
15.2	175.0	0.5	0.5	virtual
16	177.0	0.5	0.5	
17	181.0	0.5	0.5	
18	185.0	0.5	0.5	
18.2	187.0	0.5	0.5	virtual
19	189.0	0.5	0.5	
20	193.0	0.5	0.5	
21	197.0	0.5	0.5	
22	201.0	0.5	0.5	
23	205.0	0.5	0.5	
24	209.0	0.5	0.5	
25	213.0	0.5	0.5	virtual
Marker Name	D16S539
4	223.5	0.5	0.5	virtual
5	227.5	0.5	0.5	
6	231.5	0.5	0.5	virtual
7	235.5	0.5	0.5	virtual
8	239.5	0.5	0.5	
8.3	242.5	0.5	0.4	virtual
9	243.5	0.5	0.5	
9.3	246.5	0.5	0.4	virtual
10	247.5	0.5	0.5	
11	251.5	0.5	0.5	
11.3	254.5	0.5	0.4	virtual
12	255.5	0.5	0.5	
12.1	256.5	0.4	0.45	virtual
12.2	257.5	0.45	0.5	virtual
13	259.5	0.5	0.5	
13.3	262.5	0.5	0.4	virtual
14	263.5	0.5	0.5	
15	267.5	0.5	0.5	
16	271.5	0.5	0.5	virtual
Marker Name	CSF1PO
5	279.0	0.5	0.5	virtual
6	283.0	0.5	0.5	
7	287.0	0.5	0.5	
7.3	290.0	0.5	0.4	virtual
8	291.0	0.5	0.5	
8.1	292.0	0.4	0.5	virtual
9	295.0	0.5	0.5	
9.1	296.0	0.4	0.5	virtual
10	299.0	0.5	0.5	
10.1	300.0	0.4	0.45	virtual
10.2	301.0	0.45	0.45	virtual
10.3	302.0	0.45	0.4	virtual
11	303.0	0.5	0.5	
11.1	304.0	0.4	0.5	virtual
11.3	306.0	0.5	0.4	virtual
12	307.0	0.5	0.5	
12.1	308.0	0.4	0.5	virtual
12.3	310.0	0.5	0.4	virtual
13	311.0	0.5	0.5	
14	315.0	0.5	0.5	
15	319.0	0.5	0.5	
16	323.0	0.5	0.5	virtual
Marker Name	TPOX
4	334.5	0.5	0.5	virtual
5	338.5	0.5	0.5	
6	342.5	0.5	0.5	
7	346.5	0.5	0.5	
7.1	347.5	0.4	0.5	virtual
7.3	349.5	0.5	0.4	virtual
8	350.5	0.5	0.5	
9	354.5	0.5	0.5	
10	358.5	0.5	0.5	
10.1	359.5	0.4	0.5	virtual
10.3	361.5	0.5	0.4	virtual
11	362.5	0.5	0.5	
12	366.5	0.5	0.5	
13	370.5	0.5	0.5	
14	374.5	0.5	0.5	
15	378.5	0.5	0.5	
16	382.5	0.5	0.5	virtual
Marker Name	Yindel
1	81.0	0.5	0.5	
2	86.0	0.5	0.5	
Marker Name	AMEL
X	98.5	0.5	0.5	
Y	104.5	0.5	0.5	
Marker Name	D8S1179
4	110.5	0.5	0.5	virtual
5	114.5	0.5	0.5	
6	118.5	0.5	0.5	
7	122.5	0.5	0.5	
8	126.5	0.5	0.5	
9	130.5	0.5	0.5	
10	134.5	0.5	0.5	
10.2	136.5	0.5	0.5	virtual
11	138.5	0.5	0.5	
12	142.5	0.5	0.5	
12.3	145.5	0.5	0.4	virtual
13	146.5	0.5	0.5	
13.3	149.5	0.5	0.4	virtual
14	150.5	0.5	0.5	
15	154.5	0.5	0.5	
15.3	157.5	0.5	0.4	virtual
16	158.5	0.5	0.5	
17	162.5	0.5	0.5	
18	166.5	0.5	0.5	
19	170.5	0.5	0.5	
20	174.5	0.5	0.5	virtual
Marker Name	D21S11
23.2	181.5	0.5	0.5	virtual
24	183.5	0.5	0.5	
24.2	185.5	0.5	0.5	
24.3	186.5	0.4	0.4	virtual
25	187.5	0.5	0.5	
25.2	189.5	0.5	0.45	virtual
25.3	190.5	0.45	0.4	virtual
26	191.5	0.5	0.5	
26.2	193.5	0.5	0.5	virtual
27	195.5	0.5	0.5	
27.1	196.5	0.4	0.45	virtual
27.2	197.5	0.45	0.5	virtual
28	199.5	0.5	0.5	
28.1	200.5	0.4	0.4	virtual
28.2	201.5	0.5	0.5	
28.3	202.5	0.4	0.4	virtual
29	203.5	0.5	0.5	
29.1	204.5	0.4	0.4	virtual
29.2	205.5	0.5	0.5	
29.3	206.5	0.4	0.4	virtual
30	207.5	0.5	0.5	
30.1	208.5	0.4	0.4	virtual
30.2	209.5	0.5	0.5	
30.3	210.5	0.4	0.4	virtual
31	211.5	0.5	0.5	
31.1	212.5	0.4	0.4	virtual
31.2	213.5	0.5	0.5	
31.3	214.5	0.4	0.4	virtual
32	215.5	0.5	0.5	
32.1	216.5	0.4	0.4	virtual
32.2	217.5	0.5	0.5	
32.3	218.5	0.4	0.4	virtual
33	219.5	0.5	0.5	
33.1	220.5	0.4	0.4	virtual
33.2	221.5	0.5	0.5	
33.3	222.5	0.4	0.4	virtual
34	223.5	0.5	0.5	
34.1	224.5	0.4	0.4	virtual
34.2	225.5	0.5	0.5	
35	227.5	0.5	0.5	
35.1	228.5	0.4	0.4	virtual
35.2	229.5	0.5	0.5	
36	231.5	0.5	0.5	
36.1	232.5	0.4	0.45	virtual
36.2	233.5	0.45	0.5	virtual
37	235.5	0.5	0.5	
37.2	237.5	0.5	0.5	virtual
38	239.5	0.5	0.5	
38.2	241.5	0.5	0.5	virtual
39	243.5	0.5	0.5	virtual
Marker Name	D18S51
6	257.5	0.5	0.5	virtual
7	261.5	0.5	0.5	
8	265.5	0.5	0.5	virtual
9	269.5	0.5	0.5	
9.2	271.5	0.5	0.5	virtual
10	273.5	0.5	0.5	
10.2	275.5	0.5	0.5	
11	277.5	0.5	0.5	
11.2	279.5	0.5	0.5	virtual
12	281.5	0.5	0.5	
12.2	283.5	0.5	0.45	virtual
12.3	284.5	0.45	0.4	virtual
13	285.5	0.5	0.5	
13.1	286.5	0.4	0.4	virtual
13.2	287.5	0.5	0.5	
13.3	288.5	0.4	0.4	virtual
14	289.5	0.5	0.5	
14.2	291.5	0.5	0.5	
15	293.5	0.5	0.5	
15.2	295.5	0.5	0.45	virtual
15.3	296.5	0.45	0.4	virtual
16	297.5	0.5	0.5	
16.1	298.5	0.4	0.45	virtual
16.2	299.5	0.45	0.5	virtual
17	301.5	0.5	0.5	
17.2	303.5	0.5	0.45	virtual
17.3	304.5	0.45	0.4	virtual
18	305.5	0.5	0.5	
18.1	306.5	0.4	0.45	virtual
18.2	307.5	0.45	0.5	virtual
19	309.5	0.5	0.5	
19.2	311.5	0.5	0.5	virtual
20	313.5	0.5	0.5	
20.2	315.5	0.5	0.5	virtual
21	317.5	0.5	0.5	
21.2	319.5	0.5	0.5	virtual
22	321.5	0.5	0.5	
22.2	323.5	0.5	0.5	virtual
23	325.5	0.5	0.5	
23.2	327.5	0.5	0.5	virtual
24	329.5	0.5	0.5	
25	333.5	0.5	0.5	
26	337.5	0.5	0.5	
27	341.5	0.5	0.5	
28	345.5	0.5	0.5	virtual
Marker Name	DYS391
6	361.5	0.5	0.5	virtual
7	365.5	0.5	0.5	
8	369.5	0.5	0.5	
9	373.5	0.5	0.5	
10	377.5	0.5	0.5	
11	381.5	0.5	0.5	
12	385.5	0.5	0.5	
13	389.5	0.5	0.5	
14	393.5	0.5	0.5	virtual
Marker Name	D2S441
8	76.5	0.5	0.5	
9	80.5	0.5	0.5	
9.1	81.5	0.4	0.5	virtual
10	84.5	0.5	0.5	
11	88.5	0.5	0.5	
11.3	91.5	0.5	0.45	
12	92.5	0.45	0.5	
12.3	95.5	0.5	0.4	virtual
13	96.5	0.5	0.5	
13.3	99.5	0.5	0.4	virtual
14	100.5	0.5	0.5	
14.3	103.5	0.5	0.4	virtual
15	104.5	0.5	0.5	
16	108.5	0.5	0.5	
17	112.5	0.5	0.5	
Marker Name	D19S433
5.2	116.5	0.5	0.5	virtual
6	118.5	0.5	0.5	
6.2	120.5	0.5	0.5	virtual
7	122.5	0.5	0.5	
8	126.5	0.5	0.5	
9	130.5	0.5	0.5	
9.2	132.5	0.5	0.5	virtual
10	134.5	0.5	0.5	
10.2	136.5	0.5	0.5	virtual
11	138.5	0.5	0.5	
11.2	140.5	0.5	0.5	virtual
12	142.5	0.5	0.5	
12.1	143.5	0.4	0.4	virtual
12.2	144.5	0.5	0.5	
13	146.5	0.5	0.5	
13.1	147.5	0.4	0.4	virtual
13.2	148.5	0.5	0.5	
14	150.5	0.5	0.5	
14.2	152.5	0.5	0.5	
14.3	153.5	0.4	0.4	virtual
15	154.5	0.5	0.5	
15.2	156.5	0.5	0.5	
16	158.5	0.5	0.5	
16.2	160.5	0.5	0.5	
17	162.5	0.5	0.5	
17.2	164.5	0.5	0.5	
18	166.5	0.5	0.5	virtual
18.2	168.5	0.5	0.5	
19	170.5	0.5	0.5	virtual
19.2	172.5	0.5	0.5	
Marker Name	TH01
3	175.0	0.5	0.5	virtual
4	179.0	0.5	0.5	
5	183.0	0.5	0.5	
5.3	186.0	0.5	0.4	virtual
6	187.0	0.5	0.5	
6.3	190.0	0.5	0.4	virtual
7	191.0	0.5	0.5	
7.3	194.0	0.5	0.4	virtual
8	195.0	0.5	0.5	
8.3	198.0	0.5	0.4	virtual
9	199.0	0.5	0.5	
9.3	202.0	0.5	0.45	
10	203.0	0.45	0.5	
10.3	206.0	0.5	0.4	virtual
11	207.0	0.5	0.5	
12	211.0	0.5	0.5	virtual
13	215.0	0.5	0.5	virtual
13.3	218.0	0.5	0.5	
Marker Name	FGA
12.2	221.5	0.5	0.5	virtual
13	223.5	0.5	0.5	
14	227.5	0.5	0.5	
15	231.5	0.5	0.5	
16	235.5	0.5	0.5	
16.1	236.5	0.4	0.45	virtual
16.2	237.5	0.45	0.5	virtual
17	239.5	0.5	0.5	
17.2	241.5	0.5	0.5	virtual
18	243.5	0.5	0.5	
18.2	245.5	0.5	0.5	virtual
19	247.5	0.5	0.5	
19.2	249.5	0.5	0.45	virtual
19.3	250.5	0.45	0.4	virtual
20	251.5	0.5	0.5	
20.1	252.5	0.4	0.45	virtual
20.2	253.5	0.45	0.45	virtual
20.3	254.5	0.45	0.4	virtual
21	255.5	0.5	0.5	
21.2	257.5	0.5	0.45	virtual
21.3	258.5	0.45	0.4	virtual
22	259.5	0.5	0.5	
22.1	260.5	0.4	0.45	virtual
22.2	261.5	0.45	0.45	virtual
22.3	262.5	0.45	0.4	virtual
23	263.5	0.5	0.5	
23.1	264.5	0.4	0.45	virtual
23.2	265.5	0.45	0.45	virtual
23.3	266.5	0.45	0.4	virtual
24	267.5	0.5	0.5	
24.1	268.5	0.4	0.45	virtual
24.2	269.5	0.45	0.45	virtual
24.3	270.5	0.45	0.4	virtual
25	271.5	0.5	0.5	
25.1	272.5	0.4	0.45	virtual
25.2	273.5	0.45	0.45	virtual
25.3	274.5	0.45	0.4	virtual
26	275.5	0.5	0.5	
26.1	276.5	0.4	0.4	virtual
26.2	277.5	0.5	0.5	
27	279.5	0.5	0.5	
27.2	281.5	0.5	0.5	virtual
28	283.5	0.5	0.5	
28.2	285.5	0.5	0.5	virtual
29	287.5	0.5	0.5	
29.2	289.5	0.5	0.5	virtual
30	291.5	0.5	0.5	
30.2	293.5	0.5	0.5	
31	295.5	0.5	0.5	virtual
31.2	297.5	0.5	0.5	
32	299.5	0.5	0.5	virtual
32.2	301.5	0.5	0.5	
33.2	305.5	0.5	0.5	
34.2	309.5	0.5	0.5	virtual
41.2	338.0	0.5	0.5	virtual
42.2	342.0	0.5	0.5	
43.2	346.0	0.5	0.5	
44.2	350.0	0.5	0.5	
45.2	354.0	0.5	0.5	
46.2	358.0	0.5	0.5	
47.2	362.0	0.5	0.5	
48.2	366.0	0.5	0.5	
49.2	370.0	0.5	0.5	virtual
50.2	374.0	0.5	0.5	
51.2	378.0	0.5	0.5	
Marker Name	D22S1045
7	85.5	0.5	0.5	virtual
8	88.5	0.5	0.5	
9	91.5	0.5	0.5	
10	94.5	0.5	0.5	
11	97.5	0.5	0.5	
12	100.5	0.5	0.5	
13	103.5	0.5	0.5	
14	106.5	0.5	0.5	
15	109.5	0.5	0.5	
16	112.5	0.5	0.5	
17	115.5	0.5	0.5	
18	118.5	0.5	0.5	
19	121.5	0.5	0.5	
20	124.5	0.5	0.5	virtual
Marker Name	D5S818
6	135.5	0.5	0.5	virtual
7	139.5	0.5	0.5	
8	143.5	0.5	0.5	
9	147.5	0.5	0.5	
10	151.5	0.5	0.5	
10.1	152.5	0.4	0.5	virtual
11	155.5	0.5	0.5	
11.1	156.5	0.4	0.5	virtual
12	159.5	0.5	0.5	
12.1	160.5	0.4	0.5	virtual
12.3	162.5	0.5	0.4	virtual
13	163.5	0.5	0.5	
14	167.5	0.5	0.5	
15	171.5	0.5	0.5	
16	175.5	0.5	0.5	
17	179.5	0.5	0.5	
18	183.5	0.5	0.5	
19	187.5	0.5	0.5	virtual
Marker Name	D13S317
5	199.0	0.5	0.5	
6	203.0	0.5	0.5	
7	207.0	0.5	0.5	
7.1	208.0	0.4	0.5	virtual
8	211.0	0.5	0.5	
8.1	212.0	0.4	0.5	virtual
9	215.0	0.5	0.5	
10	219.0	0.5	0.5	
11	223.0	0.5	0.5	
11.3	226.0	0.5	0.4	virtual
12	227.0	0.5	0.5	
12.3	230.0	0.5	0.4	virtual
13	231.0	0.5	0.5	
13.3	234.0	0.5	0.4	virtual
14	235.0	0.5	0.5	
15	239.0	0.5	0.5	
16	243.0	0.5	0.5	
17	247.0	0.5	0.5	virtual
Marker Name	D7S820
5	258.5	0.5	0.5	virtual
5.2	260.5	0.5	0.5	virtual
6	262.5	0.5	0.5	
6.3	265.5	0.5	0.4	virtual
7	266.5	0.5	0.5	
7.1	267.5	0.4	0.5	virtual
7.3	269.5	0.5	0.4	virtual
8	270.5	0.5	0.5	
8.1	271.5	0.4	0.45	virtual
8.2	272.5	0.45	0.45	virtual
8.3	273.5	0.45	0.4	virtual
9	274.5	0.5	0.5	
9.1	275.5	0.4	0.45	virtual
9.2	276.5	0.45	0.45	virtual
9.3	277.5	0.45	0.4	virtual
10	278.5	0.5	0.5	
10.1	279.5	0.4	0.5	virtual
10.3	281.5	0.5	0.4	virtual
11	282.5	0.5	0.5	
11.1	283.5	0.4	0.5	virtual
11.3	285.5	0.5	0.4	virtual
12	286.5	0.5	0.5	
12.1	287.5	0.4	0.5	virtual
12.3	289.5	0.5	0.4	virtual
13	290.5	0.5	0.5	
13.1	291.5	0.4	0.5	virtual
14	294.5	0.5	0.5	
14.1	295.5	0.4	0.5	virtual
15	298.5	0.5	0.5	
16	302.5	0.5	0.5	virtual
Marker Name	SE33
4.2	308.0	0.5	0.5	
5	310.0	0.5	0.5	virtual
6	314.0	0.5	0.5	virtual
6.3	317.0	0.5	0.5	
7	318.0	0.4	0.5	virtual
8	322.0	0.5	0.5	
8.2	324.0	0.5	0.5	virtual
9	326.0	0.5	0.5	
9.2	328.0	0.5	0.5	virtual
10	330.0	0.5	0.5	virtual
10.2	332.0	0.5	0.5	virtual
11	334.0	0.5	0.5	
11.2	336.0	0.5	0.5	virtual
12	338.0	0.5	0.5	
12.2	340.0	0.5	0.5	virtual
13	342.0	0.5	0.5	
13.2	344.0	0.5	0.5	virtual
14	346.0	0.5	0.5	
14.2	348.0	0.5	0.45	virtual
14.3	349.0	0.45	0.4	virtual
15	350.0	0.5	0.5	
15.2	352.0	0.5	0.45	virtual
15.3	353.0	0.45	0.4	virtual
16	354.0	0.5	0.5	
16.2	356.0	0.5	0.45	virtual
16.3	357.0	0.45	0.4	virtual
17	358.0	0.5	0.5	
17.2	360.0	0.5	0.5	virtual
18	362.0	0.5	0.5	
18.2	364.0	0.5	0.5	virtual
19	366.0	0.5	0.5	
19.2	368.0	0.5	0.45	virtual
19.3	369.0	0.45	0.4	virtual
20	370.0	0.5	0.5	
20.2	372.0	0.5	0.5	
21	374.0	0.5	0.5	
21.1	375.0	0.4	0.4	virtual
21.2	376.0	0.5	0.5	
22	378.0	0.5	0.5	virtual
22.2	380.0	0.5	0.5	
23	382.0	0.5	0.5	virtual
23.2	384.0	0.5	0.5	
24	386.0	0.5	0.5	virtual
24.2	388.0	0.5	0.5	
25	390.0	0.5	0.5	virtual
25.2	392.0	0.5	0.5	
26	394.0	0.5	0.5	virtual
26.2	396.0	0.5	0.5	
27	398.0	0.5	0.5	virtual
27.2	400.0	0.5	0.5	
28	402.0	0.5	0.5	virtual
28.2	404.0	0.5	0.5	
29	406.0	0.5	0.5	virtual
29.2	408.0	0.5	0.5	
30	410.0	0.5	0.5	virtual
30.2	412.0	0.5	0.5	
31	414.0	0.5	0.5	virtual
31.2	416.0	0.5	0.5	
32	418.0	0.5	0.5	virtual
32.2	420.0	0.5	0.5	
33	422.0	0.5	0.5	virtual
33.2	424.0	0.5	0.5	
34	426.0	0.5	0.5	virtual
34.2	428.0	0.5	0.5	
35	430.0	0.5	0.5	
35.2	432.0	0.5	0.5	
36	434.0	0.5	0.5	
36.2	436.0	0.5	0.5	virtual
37	438.0	0.5	0.5	
37.2	440.0	0.5	0.5	virtual
38	442.0	0.5	0.5	virtual
Marker Name	D10S1248
7	82.0	0.5	0.5	virtual
8	86.0	0.5	0.5	
9	90.0	0.5	0.5	
10	94.0	0.5	0.5	
11	98.0	0.5	0.5	
12	102.0	0.5	0.5	
13	106.0	0.5	0.5	
14	110.0	0.5	0.5	
15	114.0	0.5	0.5	
16	118.0	0.5	0.5	
17	122.0	0.5	0.5	
18	126.0	0.5	0.5	
19	130.0	0.5	0.5	
Marker Name	D1S1656
8	156.0	0.5	0.5	virtual
9	160.0	0.5	0.5	
10	164.0	0.5	0.5	
11	168.0	0.5	0.5	
12	172.0	0.5	0.5	
13	176.0	0.5	0.5	
13.3	179.0	0.5	0.4	virtual
14	180.0	0.5	0.5	
14.3	183.0	0.5	0.45	
15	184.0	0.45	0.5	
15.3	187.0	0.5	0.45	
16	188.0	0.45	0.5	
16.3	191.0	0.5	0.45	
17	192.0	0.45	0.5	
17.1	193.0	0.4	0.5	virtual
17.3	195.0	0.5	0.5	
18	196.0	0.4	0.5	virtual
18.3	199.0	0.5	0.5	
19	200.0	0.4	0.5	virtual
19.3	203.0	0.5	0.5	
20	204.0	0.4	0.5	virtual
20.3	207.0	0.5	0.5	
21	208.0	0.4	0.5	virtual
Marker Name	D12S391
13	212.5	0.5	0.5	virtual
14	216.5	0.5	0.5	
15	220.5	0.5	0.5	
16	224.5	0.5	0.5	
17	228.5	0.5	0.5	
17.1	229.5	0.4	0.5	virtual
17.3	231.5	0.5	0.4	virtual
18	232.5	0.5	0.5	
18.1	233.5	0.4	0.5	virtual
18.3	235.5	0.5	0.4	virtual
19	236.5	0.5	0.5	
19.1	237.5	0.4	0.5	virtual
19.3	239.5	0.5	0.45	
20	240.5	0.45	0.5	
20.1	241.5	0.4	0.5	virtual
20.3	243.5	0.5	0.4	virtual
21	244.5	0.5	0.5	
22	248.5	0.5	0.5	
23	252.5	0.5	0.5	
24	256.5	0.5	0.5	
24.3	259.5	0.5	0.4	virtual
25	260.5	0.5	0.5	
26	264.5	0.5	0.5	
27	268.5	0.5	0.5	
Marker Name	D2S1338
10	277.5	0.5	0.5	virtual
11	281.5	0.5	0.5	
12	285.5	0.5	0.5	
13	289.5	0.5	0.5	
14	293.5	0.5	0.5	
15	297.5	0.5	0.5	
16	301.5	0.5	0.5	
17	305.5	0.5	0.5	
18	309.5	0.5	0.5	
18.3	312.5	0.5	0.4	virtual
19	313.5	0.5	0.5	
19.3	316.5	0.5	0.4	virtual
20	317.5	0.5	0.5	
21	321.5	0.5	0.5	
22	325.5	0.5	0.5	
23	329.5	0.5	0.5	
23.2	331.5	0.5	0.45	virtual
23.3	332.5	0.45	0.4	virtual
24	333.5	0.5	0.5	
24.2	335.5	0.5	0.5	virtual
25	337.5	0.5	0.5	
26	341.5	0.5	0.5	
27	345.5	0.5	0.5	
28	349.5	0.5	0.5	
29	353.5	0.5	0.5	virtual
Panel Name	COfiler_CODIS_v1.4X
Marker Name	D3S1358
<12	113.49	15.49	0.0	
12	114.0	0.5	0.5	
12.2	116.0	0.5	0.5	
13	118.0	0.5	0.5	
13.2	120.0	0.5	0.5	
14	122.0	0.5	0.5	
14.2	124.0	0.5	0.5	
15	126.0	0.5	0.5	
15.2	128.0	0.5	0.5	
16	130.0	0.5	0.5	
16.2	132.0	0.5	0.5	
17	134.0	0.5	0.5	
17.2	136.0	0.5	0.5	
18	138.0	0.5	0.5	
18.2	140.0	0.5	0.5	
19	142.0	0.5	0.5	
>19	142.51	0.0	5.49	
Marker Name	D16S539
<5	233.49	4.49	0.0	
5	234.0	0.5	0.5	
5.2	236.0	0.5	0.5	
6	238.0	0.5	0.5	
6.2	240.0	0.5	0.5	
7	242.0	0.5	0.5	
7.2	244.0	0.5	0.5	
8	246.0	0.5	0.5	
8.2	248.0	0.5	0.5	
9	250.0	0.5	0.5	
9.2	252.0	0.5	0.5	
10	254.0	0.5	0.5	
10.2	256.0	0.5	0.5	
11	258.0	0.5	0.5	
11.2	260.0	0.5	0.5	
12	262.0	0.5	0.5	
12.2	264.0	0.5	0.5	
13	266.0	0.5	0.5	
13.2	268.0	0.5	0.5	
14	270.0	0.5	0.5	
14.2	272.0	0.5	0.5	
15	274.0	0.5	0.5	
>15	274.51	0.0	4.49	
Marker Name	AMEL
X	107.0	0.5	0.5	
Y	113.0	0.5	0.5	
Marker Name	TH01
<5	168.49	9.49	0.0	
5	169.0	0.5	0.5	
5.3	172.0	0.5	0.4	
6	173.0	0.4	0.5	
6.3	176.0	0.5	0.4	
7	177.0	0.4	0.5	
7.3	180.0	0.5	0.4	
8	181.0	0.4	0.5	
8.3	184.0	0.5	0.4	
9	185.0	0.4	0.5	
9.3	188.0	0.5	0.4	
10	189.0	0.4	0.5	
>10	189.51	0.0	15.49	
Marker Name	TPOX
<6	217.49	5.49	0.0	
6	218.0	0.5	0.5	
6.2	220.0	0.5	0.5	
7	222.0	0.5	0.5	
7.2	224.0	0.5	0.5	
8	226.0	0.5	0.5	
8.2	228.0	0.5	0.5	
9	230.0	0.5	0.5	
9.2	232.0	0.5	0.5	
10	234.0	0.5	0.5	
10.2	236.0	0.5	0.5	
11	238.0	0.5	0.5	
11.2	240.0	0.5	0.5	
12	242.0	0.5	0.5	
12.2	244.0	0.5	0.5	
13	246.0	0.5	0.5	
>13	246.51	0.0	7.49	
Marker Name	CSF1PO
<6	280.49	5.49	0.0	
6	281.0	0.5	0.5	
6.2	283.0	0.5	0.5	
7	285.0	0.5	0.5	
7.2	287.0	0.5	0.5	
8	289.0	0.5	0.5	
8.2	291.0	0.5	0.5	
9	293.0	0.5	0.5	
9.2	295.0	0.5	0.5	
10	297.0	0.5	0.5	
10.2	299.0	0.5	0.5	
11	301.0	0.5	0.5	
11.2	303.0	0.5	0.5	
12	305.0	0.5	0.5	
12.2	307.0	0.5	0.5	
13	309.0	0.5	0.5	
13.2	311.0	0.5	0.5	
14	313.0	0.5	0.5	
14.2	315.0	0.5	0.5	
15	317.0	0.5	0.5	
>15	317.51	0.0	5.49	
Marker Name	D7S820
<6	257.49	6.49	0.0	
6	258.0	0.5	0.5	
6.2	260.0	0.5	0.5	
7	262.0	0.5	0.5	
7.2	264.0	0.5	0.5	
8	266.0	0.5	0.5	
8.2	268.0	0.5	0.5	
9	270.0	0.5	0.5	
9.2	272.0	0.5	0.5	
10	274.0	0.5	0.5	
10.2	276.0	0.5	0.5	
11	278.0	0.5	0.5	
11.2	280.0	0.5	0.5	
12	282.0	0.5	0.5	
12.2	284.0	0.5	0.5	
13	286.0	0.5	0.5	
13.2	288.0	0.5	0.5	
14	290.0	0.5	0.5	
14.2	292.0	0.5	0.5	
15	294.0	0.5	0.5	
>15	294.51	0.0	3.99	
Panel Name	NGM_SElect_Express_v1.3X
Marker Name	D10S1248
7	73.0	0.5	0.5	virtual
8	77.0	0.5	0.5	
9	81.0	0.5	0.5	
10	85.0	0.5	0.5	
11	89.0	0.5	0.5	
12	93.0	0.5	0.5	
13	97.0	0.5	0.5	
14	101.0	0.5	0.5	
15	105.0	0.5	0.5	
16	109.0	0.5	0.5	
17	113.0	0.5	0.5	
18	117.0	0.5	0.5	
19	121.0	0.5	0.5	virtual
Marker Name	vWA
10	150.0	0.5	0.5	virtual
11	154.0	0.5	0.5	
12	158.0	0.5	0.5	
13	162.0	0.5	0.5	
14	166.0	0.5	0.5	
15	170.0	0.5	0.5	
15.2	172.0	0.5	0.5	virtual
16	174.0	0.5	0.5	
17	178.0	0.5	0.5	
18	182.0	0.5	0.5	
18.2	184.0	0.5	0.5	virtual
19	186.0	0.5	0.5	
20	190.0	0.5	0.5	
21	194.0	0.5	0.5	
22	198.0	0.5	0.5	
23	202.0	0.5	0.5	
24	206.0	0.5	0.5	
25	210.0	0.5	0.5	virtual
Marker Name	D16S539
5	228.5	0.5	0.5	
6	232.5	0.5	0.5	virtual
7	236.5	0.5	0.5	virtual
8	240.5	0.5	0.5	
9	244.5	0.5	0.5	
10	248.5	0.5	0.5	
11	252.5	0.5	0.5	
12	256.5	0.5	0.5	
12.2	258.5	0.5	0.5	virtual
13	260.5	0.5	0.5	
14	264.5	0.5	0.5	
15	268.5	0.5	0.5	
16	272.5	0.5	0.5	virtual
Marker Name	D2S1338
14	285.5	0.5	0.5	virtual
15	289.5	0.5	0.5	
16	293.5	0.5	0.5	
17	297.5	0.5	0.5	
18	301.5	0.5	0.5	
19	305.5	0.5	0.5	
20	309.5	0.5	0.5	
21	313.5	0.5	0.5	
22	317.5	0.5	0.5	
23	321.5	0.5	0.5	
24	325.5	0.5	0.5	
25	329.5	0.5	0.5	
26	333.5	0.5	0.5	
27	337.5	0.5	0.5	
28	341.5	0.5	0.5	
29	345.5	0.5	0.5	virtual
Marker Name	AMEL
X	101.0	0.5	0.5	
Y	107.0	0.5	0.5	
Marker Name	D8S1179
7	121.0	0.5	0.5	virtual
8	125.0	0.5	0.5	
9	129.0	0.5	0.5	
10	133.0	0.5	0.5	
11	137.0	0.5	0.5	
12	141.0	0.5	0.5	
13	145.0	0.5	0.5	
14	149.0	0.5	0.5	
15	153.0	0.5	0.5	
16	157.0	0.5	0.5	
17	161.0	0.5	0.5	
18	165.0	0.5	0.5	
19	169.0	0.5	0.5	
20	173.0	0.5	0.5	virtual
Marker Name	D21S11
23.2	183.0	0.5	0.5	virtual
24	185.0	0.5	0.5	
24.2	187.0	0.5	0.5	
25	189.0	0.5	0.5	
25.2	191.0	0.5	0.5	virtual
26	193.0	0.5	0.5	
26.2	195.0	0.5	0.5	virtual
27	197.0	0.5	0.5	
27.2	199.0	0.5	0.5	virtual
28	201.0	0.5	0.5	
28.2	203.0	0.5	0.5	
29	205.0	0.5	0.5	
29.2	207.0	0.5	0.5	
30	209.0	0.5	0.5	
30.2	211.0	0.5	0.5	
31	213.0	0.5	0.5	
31.2	215.0	0.5	0.5	
32	217.0	0.5	0.5	
32.2	219.0	0.5	0.5	
33	221.0	0.5	0.5	
33.2	223.0	0.5	0.5	
34	225.0	0.5	0.5	
34.2	227.0	0.5	0.5	
35	229.0	0.5	0.5	
35.2	231.0	0.5	0.5	
36	233.0	0.5	0.5	
36.2	235.0	0.5	0.5	virtual
37	237.0	0.5	0.5	
37.2	239.0	0.5	0.5	virtual
38	241.0	0.5	0.5	
38.2	243.0	0.5	0.5	virtual
39	245.0	0.5	0.5	virtual
Marker Name	D18S51
7	263.0	0.5	0.5	
8	267.0	0.5	0.5	virtual
9	271.0	0.5	0.5	
9.2	273.0	0.5	0.5	virtual
10	275.0	0.5	0.5	
10.2	277.0	0.5	0.5	
11	279.0	0.5	0.5	
11.2	281.0	0.5	0.5	virtual
12	283.0	0.5	0.5	
12.2	285.0	0.5	0.5	virtual
13	287.0	0.5	0.5	
13.2	289.0	0.5	0.5	
14	291.0	0.5	0.5	
14.2	293.0	0.5	0.5	
15	295.0	0.5	0.5	
15.2	297.0	0.5	0.5	virtual
16	299.0	0.5	0.5	
16.2	301.0	0.5	0.5	virtual
17	303.0	0.5	0.5	
17.2	305.0	0.5	0.5	virtual
18	307.0	0.5	0.5	
18.2	309.0	0.5	0.5	virtual
19	311.0	0.5	0.5	
19.2	313.0	0.5	0.5	virtual
20	315.0	0.5	0.5	
20.2	317.0	0.5	0.5	virtual
21	319.0	0.5	0.5	
21.2	321.0	0.5	0.5	virtual
22	323.0	0.5	0.5	
22.2	325.0	0.5	0.5	virtual
23	327.0	0.5	0.5	
23.2	329.0	0.5	0.5	virtual
24	331.0	0.5	0.5	
25	335.0	0.5	0.5	
26	339.0	0.5	0.5	
27	343.0	0.5	0.5	
Marker Name	D22S1045
8	80.0	0.5	0.5	
9	83.0	0.5	0.5	
10	86.0	0.5	0.5	
11	89.0	0.5	0.5	
12	92.0	0.5	0.5	
13	95.0	0.5	0.5	
14	98.0	0.5	0.5	
15	101.0	0.5	0.5	
16	104.0	0.5	0.5	
17	107.0	0.5	0.5	
18	110.0	0.5	0.5	
19	113.0	0.5	0.5	
Marker Name	D19S433
9	127.3	0.5	0.5	
9.2	129.3	0.5	0.5	virtual
10	131.3	0.5	0.5	
10.2	133.3	0.5	0.5	virtual
11	135.3	0.5	0.5	
11.2	137.3	0.5	0.5	virtual
12	139.3	0.5	0.5	
12.2	141.3	0.5	0.5	
13	143.3	0.5	0.5	
13.2	145.3	0.5	0.5	
14	147.3	0.5	0.5	
14.2	149.3	0.5	0.5	
15	151.3	0.5	0.5	
15.2	153.3	0.5	0.5	
16	155.3	0.5	0.5	
16.2	157.3	0.5	0.5	
17	159.3	0.5	0.5	
17.2	161.3	0.5	0.5	
18	163.3	0.5	0.5	virtual
18.2	165.3	0.5	0.5	virtual
Marker Name	TH01
3	177.0	0.5	0.5	virtual
4	181.0	0.5	0.5	
5	185.0	0.5	0.5	
5.3	188.0	0.5	0.49	virtual
6	189.0	0.49	0.5	
6.3	192.0	0.5	0.49	virtual
7	193.0	0.49	0.5	
7.3	196.0	0.5	0.49	virtual
8	197.0	0.49	0.5	
8.3	200.0	0.5	0.49	virtual
9	201.0	0.49	0.5	
9.3	204.0	0.5	0.49	
10	205.0	0.49	0.5	
10.3	208.0	0.5	0.49	virtual
11	209.0	0.49	0.5	
12	213.0	0.5	0.5	virtual
13	217.0	0.5	0.5	virtual
13.3	220.0	0.5	0.5	
Marker Name	FGA
16	226.0	0.5	0.5	virtual
16.2	228.0	0.5	0.5	virtual
17	230.0	0.5	0.5	
17.2	232.0	0.5	0.5	virtual
18	234.0	0.5	0.5	
18.2	236.0	0.5	0.5	virtual
19	238.0	0.5	0.5	
19.2	240.0	0.5	0.5	virtual
20	242.0	0.5	0.5	
20.2	244.0	0.5	0.5	virtual
21	246.0	0.5	0.5	
21.2	248.0	0.5	0.5	virtual
22	250.0	0.5	0.5	
22.2	252.0	0.5	0.5	virtual
23	254.0	0.5	0.5	
23.2	256.0	0.5	0.5	virtual
24	258.0	0.5	0.5	
24.2	260.0	0.5	0.5	virtual
25	262.0	0.5	0.5	
25.2	264.0	0.5	0.5	virtual
26	266.0	0.5	0.5	
26.2	268.0	0.5	0.5	
27	270.0	0.5	0.5	
27.2	272.0	0.5	0.5	virtual
28	274.0	0.5	0.5	
28.2	276.0	0.5	0.5	virtual
29	278.0	0.5	0.5	
29.2	280.0	0.5	0.5	virtual
30	282.0	0.5	0.5	
30.2	284.0	0.5	0.5	
31	286.0	0.5	0.5	virtual
31.2	288.0	0.5	0.5	
32	290.0	0.5	0.5	virtual
32.2	292.0	0.5	0.5	
33.2	296.0	0.5	0.5	
34.2	300.0	0.5	0.5	virtual
42.2	332.0	0.5	0.5	
43.2	336.0	0.5	0.5	
44.2	340.0	0.5	0.5	
45.2	344.0	0.5	0.5	
46.2	348.0	0.5	0.5	
47.2	352.0	0.5	0.5	
48.2	356.0	0.5	0.5	
49.2	360.0	0.5	0.5	virtual
50.2	364.0	0.5	0.5	
51.2	368.0	0.5	0.5	
Marker Name	D2S441
9	80.0	0.5	0.5	
10	84.0	0.5	0.5	
11	88.0	0.5	0.5	
11.3	91.0	0.5	0.49	
12	92.0	0.49	0.5	
12.3	95.0	0.5	0.49	virtual
13	96.0	0.49	0.5	
13.3	99.0	0.5	0.49	virtual
14	100.0	0.49	0.5	
14.3	103.0	0.5	0.49	virtual
15	104.0	0.49	0.5	
16	108.0	0.5	0.5	
17	112.0	0.5	0.5	virtual
Marker Name	D3S1358
11	131.0	0.5	0.5	virtual
12	135.0	0.5	0.5	
13	139.0	0.5	0.5	
14	143.0	0.5	0.5	
15	147.0	0.5	0.5	
15.2	149.0	0.5	0.5	virtual
16	151.0	0.5	0.5	
16.2	153.0	0.5	0.5	virtual
17	155.0	0.5	0.5	
17.2	157.0	0.5	0.5	virtual
18	159.0	0.5	0.5	
18.2	161.0	0.5	0.5	virtual
19	163.0	0.5	0.5	
20	167.0	0.5	0.5	virtual
Marker Name	D1S1656
9	175.0	0.5	0.5	
10	179.0	0.5	0.5	
11	183.0	0.5	0.5	
12	187.0	0.5	0.5	
13	191.0	0.5	0.5	
14	195.0	0.5	0.5	
14.3	198.0	0.5	0.49	
15	199.0	0.49	0.5	
15.3	202.0	0.5	0.49	
16	203.0	0.49	0.5	
16.3	206.0	0.5	0.49	
17	207.0	0.49	0.5	
17.3	210.0	0.5	0.49	
18	211.0	0.49	0.5	virtual
18.3	214.0	0.5	0.5	
19.3	218.0	0.5	0.5	
20.3	222.0	0.5	0.5	
Marker Name	D12S391
14	229.0	0.5	0.5	
15	233.0	0.5	0.5	
16	237.0	0.5	0.5	
17	241.0	0.5	0.5	
17.3	244.0	0.5	0.49	virtual
18	245.0	0.49	0.5	
18.3	248.0	0.5	0.49	virtual
19	249.0	0.49	0.5	
19.1	250.0	0.49	0.5	virtual
19.3	252.0	0.5	0.49	
20	253.0	0.49	0.5	
20.3	256.0	0.5	0.49	virtual
21	257.0	0.49	0.5	
22	261.0	0.5	0.5	
23	265.0	0.5	0.5	
24	269.0	0.5	0.5	
25	273.0	0.5	0.5	
26	277.0	0.5	0.5	
27	281.0	0.5	0.5	
Marker Name	SE33
4.2	300.5	0.5	0.5	
5	302.5	0.5	0.5	virtual
6	306.5	0.5	0.5	virtual
6.3	309.5	0.5	0.4	
7	310.5	0.4	0.5	virtual
8	314.5	0.5	0.5	
8.2	316.5	0.5	0.5	virtual
9	318.5	0.5	0.5	
9.2	320.5	0.5	0.5	virtual
10	322.5	0.5	0.5	virtual
10.2	324.5	0.5	0.5	virtual
11	326.5	0.5	0.5	
11.2	328.5	0.5	0.5	virtual
12	330.5	0.5	0.5	
12.2	332.5	0.5	0.5	virtual
13	334.5	0.5	0.5	
13.2	336.5	0.5	0.5	virtual
14	338.5	0.5	0.5	
14.2	340.5	0.5	0.5	virtual
15	342.5	0.5	0.5	
15.2	344.5	0.5	0.5	virtual
16	346.5	0.5	0.5	
16.2	348.5	0.5	0.5	virtual
17	350.5	0.5	0.5	
17.2	352.5	0.5	0.5	virtual
18	354.5	0.5	0.5	
18.2	356.5	0.5	0.5	virtual
19	358.5	0.5	0.5	
19.2	360.5	0.5	0.5	virtual
20	362.5	0.5	0.5	
20.2	364.5	0.5	0.5	
21	366.5	0.5	0.5	
21.1	367.5	0.48	0.48	virtual
21.2	368.5	0.5	0.5	
22	370.5	0.5	0.5	virtual
22.2	372.5	0.5	0.5	
23	374.5	0.5	0.5	virtual
23.2	376.5	0.5	0.5	
24	378.5	0.5	0.5	virtual
24.2	380.5	0.5	0.5	
25	382.5	0.5	0.5	virtual
25.2	384.5	0.5	0.5	
26	386.5	0.5	0.5	virtual
26.2	388.5	0.5	0.5	
27	390.5	0.5	0.5	virtual
27.2	392.5	0.5	0.5	
28	394.5	0.5	0.5	virtual
28.2	396.5	0.5	0.5	
29	398.5	0.5	0.5	virtual
29.2	400.5	0.5	0.5	
30	402.5	0.5	0.5	virtual
30.2	404.5	0.5	0.5	
31	406.5	0.5	0.5	virtual
31.2	408.5	0.5	0.5	
32	410.5	0.5	0.5	virtual
32.2	412.5	0.5	0.5	
33	414.5	0.5	0.5	virtual
33.2	416.5	0.5	0.5	
34	418.5	0.5	0.5	virtual
34.2	420.5	0.5	0.5	
35	422.5	0.5	0.5	
35.2	424.5	0.5	0.5	
36	426.5	0.5	0.5	
36.2	428.5	0.5	0.5	virtual
37	430.5	0.5	0.5	
37.2	432.5	0.5	0.5	virtual
38	434.5	0.5	0.5	virtual
