D1S1656,,,,,,,,,,,,,,,,,,,,,,,,,,,,,,,,,
Allele,Entire Database,Africa,America,Asia,Europe,AUSTRIA,BELGIUM,BOSNIA AND HERZEGOWINA,CROATIA,CZECH REPUBLIC,DENMARK,DOMINICAN REPUBLIC,FINLAND,FRANCE,GERMANY,GREECE,HUNGARY,IRELAND,ITALY,KENYA,MONTENEGRO,NETHERLANDS,NORWAY,POLAND,SAUDI ARABIA,SLOVAKIA,SLOVENIA,SOUTH AFRICA,SPAIN,SWEDEN,SWITZERLAND,THAILAND,VIETNAM
,17479,1243,1000,4523,10713,222,206,171,500,200,200,1000,230,208,785,208,224,304,929,510,200,2084,202,206,523,247,907,733,455,425,1600,3000,1000
8,"0,00105841","0,00321802",,"0,00298474","0,0000933445","0,00225225",,,,,,,,,,,,,,,,,,,"0,000956023",,"0,000551268","0,00545703",,,,"0,00416667","0,0005"
9,"0,000343269","0,000402253",,"0,000994915","0,0000933445",,,,"0,001",,,,,,,,,,,,,,,,,,,"0,000682128","0,0010989",,,"0,00116667","0,001"
10,"0,00317524","0,00482703","0,01","0,00364802","0,00214692",,,,"0,006",,,"0,01","0,00217391",,"0,00127389","0,00480769","0,00223214",,"0,00215285","0,00294118","0,0025","0,00167946",,,"0,00191205","0,00607287","0,00385888","0,00613915","0,0021978","0,00705882","0,00125","0,00383333","0,004"
11,"0,0768351","0,0675784","0,0585","0,0695335","0,0827033","0,0878378","0,0898058","0,119883","0,092","0,0925","0,1","0,0585","0,113043","0,0697115","0,105096","0,115385","0,100446","0,0822368","0,0769645","0,0470588","0,1025","0,074856","0,0544554","0,0849515","0,042065","0,0870445","0,0931643","0,0818554","0,0538462","0,0764706","0,068125","0,0711667","0,079"
12,"0,101722","0,07321","0,099","0,0475348","0,128162","0,114865","0,123786","0,160819","0,142","0,165","0,095","0,099","0,141304","0,137019","0,108917","0,108173","0,125","0,120066","0,133477","0,0617647","0,1225","0,1238","0,121287","0,092233","0,130975","0,149798","0,143881","0,0811733","0,146154","0,132941","0,123438","0,034","0,0445"
13,"0,0780937","0,0937249","0,0885","0,0993809","0,0663213","0,0585586","0,0364078","0,0467836","0,067","0,0775","0,06","0,0885","0,0391304","0,0961538","0,0738854","0,0961538","0,0625","0,0575658","0,0796555","0,114706","0,0875","0,0573417","0,0470297","0,0752427","0,0994264","0,117409","0,070011","0,0791269","0,0637363","0,0517647","0,064375","0,103833","0,086"
"13,3","0,000143029","0,000804505",,,"0,000140017","0,00225225","0,00242718",,"0,001",,,,,,,,,,,,,,,,,,,"0,00136426",,,,,
14,"0,103553","0,18745","0,1915","0,102145","0,0862037","0,0968468","0,0849515","0,0906433","0,087","0,0675","0,0675","0,1915","0,147826","0,0745192","0,0878981","0,0649038","0,0915179","0,0740132","0,0936491","0,215686","0,0925","0,087572","0,0965347","0,0800971","0,125239","0,0647773","0,0898567","0,167804","0,0989011","0,08","0,076875","0,105","0,0815"
"14,3","0,00317524","0,0168946","0,007",,"0,00256697",,"0,00242718",,,"0,0025",,"0,007",,"0,00240385","0,00318471",,"0,00446429","0,0115132","0,00107643","0,0186275",,"0,00167946",,"0,00485437",,"0,00202429","0,00330761","0,0156889","0,0010989","0,00117647","0,005625",,
15,"0,173122","0,181416","0,143","0,263542","0,136796","0,13964","0,140777","0,154971","0,15","0,1275","0,125","0,143","0,141304","0,117788","0,13949","0,134615","0,142857","0,144737","0,149085","0,188235","0,13","0,131238","0,128713","0,114078","0,135755","0,121457","0,125689","0,176671","0,169231","0,102353","0,144375","0,275333","0,295"
"15,2","0,0000572115","0,000402253","0,0005",,,,,,,,,"0,0005",,,,,,,,,,,,,,,,"0,000682128",,,,,
"15,3","0,0462269","0,0253419","0,0455","0,00773823","0,0649678","0,0788288","0,0728155","0,0584795","0,06","0,035","0,065","0,0455","0,05","0,0625","0,0656051","0,0432692","0,046875","0,0575658","0,0597417","0,022549","0,0475","0,074856","0,0717822","0,0412621","0,0334608","0,0425101","0,0523705","0,0272851","0,067033","0,0811765","0,0771875","0,0045","0,004"
16,"0,146519","0,1428","0,136","0,2086","0,121721","0,103604","0,13835","0,131579","0,116","0,0975","0,115","0,136","0,0608696","0,137019","0,107643","0,177885","0,109375","0,106908","0,144241","0,148039","0,145","0,118762","0,123762","0,133495","0,251434","0,121457","0,123484","0,139154","0,115385","0,103529","0,129375","0,208333","0,187"
"16,1","0,0000858173",,,,"0,000140017",,,,,,,,,,,,,,,,,"0,000239923",,,,,,,,,"0,000625",,
"16,3","0,0449969","0,0752212","0,0715","0,0145921","0,0518529","0,0495495","0,0558252","0,0175439","0,042","0,0425","0,06","0,0715","0,0391304","0,0552885","0,0522293","0,0600962","0,0290179","0,0608553","0,0527449","0,0960784","0,0575","0,0549424","0,0717822","0,0679612","0,0535373","0,0364372","0,045204","0,0607094","0,056044","0,0588235","0,0534375","0,00866667","0,012"
17,"0,0571257","0,0418343","0,04","0,0822463","0,0498927","0,0495495","0,0533981","0,0497076","0,053","0,06","0,055","0,04","0,0130435","0,0625","0,0503185","0,0336538","0,0513393","0,0542763","0,040366","0,0264706","0,0475","0,0578215","0,0321782","0,0509709","0,0736138","0,0607287","0,0512679","0,0525239","0,0373626","0,0482353","0,0503125","0,0855","0,077"
"17,1","0,00020024",,,,"0,000326706",,,,,,,,,,"0,000636943",,,"0,00164474",,,,"0,00071977",,,,,,,"0,0010989","0,00117647",,,
"17,3","0,105469","0,0518906","0,0815","0,0584789","0,133763","0,153153","0,128641","0,125731","0,119","0,16","0,1775","0,0815","0,156522","0,115385","0,128662","0,09375","0,140625","0,169408","0,104413","0,0362745","0,0925","0,141795","0,163366","0,177184","0,0219885","0,123482","0,13065","0,0627558","0,114286","0,148235","0,135","0,0561667","0,0845"
18,"0,00635048","0,00522928","0,0015","0,0127128","0,00424718","0,0045045","0,00970874",,"0,002","0,005","0,005","0,0015","0,00217391","0,00240385","0,00382166","0,00240385","0,00446429","0,00493421","0,00376749","0,00392157","0,0075","0,00383877","0,0049505","0,00970874","0,00286807","0,00404858","0,00330761","0,00613915","0,0010989","0,00941176","0,005","0,0135","0,0155"
"18,3","0,0423937","0,0209171","0,0225","0,0202299","0,0561001","0,0427928","0,0533981","0,0321637","0,05","0,0575","0,07","0,0225","0,0695652","0,0600962","0,0585987","0,0552885","0,0714286","0,0493421","0,0516685","0,0117647","0,0475","0,0537428","0,0717822","0,0533981","0,0200765","0,0607287","0,0496141","0,0272851","0,0648352","0,0847059","0,054375","0,0201667","0,0205"
19,"0,00094399","0,00120676",,"0,00276365","0,000233361","0,00225225",,,,,,,,,,,,,"0,00107643","0,000980392",,"0,000479846",,,"0,000956023",,,"0,00136426",,,,"0,00216667","0,0055"
"19,3","0,00792379","0,00522928","0,0035","0,00265311","0,0108746","0,0112613","0,00728155","0,0116959","0,012","0,0075","0,005","0,0035","0,0217391","0,00721154","0,011465","0,00961538","0,015625","0,00493421","0,00592034","0,00490196","0,015","0,0136756","0,0123762","0,0145631","0,00573614","0,00202429","0,0137817","0,00545703","0,00659341","0,0129412","0,0096875","0,00233333","0,002"
20,"0,0000572115",,,"0,000221092",,,,,,,,,,,,,,,,,,,,,,,,,,,,"0,000166667","0,0005"
"20,3","0,000429086","0,000402253",,,"0,000653412","0,00225225",,,,"0,0025",,,"0,00217391",,"0,00127389",,"0,00223214",,,,"0,0025","0,000959693",,,,,,"0,000682128",,,"0,0009375",,
D2S1338,,,,,,,,,,,,,,,,,,,,,,,,,,,,,,,,,
Allele,Entire Database,Africa,America,Asia,Europe,AUSTRIA,BELGIUM,BOSNIA AND HERZEGOWINA,CROATIA,CZECH REPUBLIC,DENMARK,DOMINICAN REPUBLIC,FINLAND,FRANCE,GERMANY,GREECE,HUNGARY,IRELAND,ITALY,KENYA,MONTENEGRO,NETHERLANDS,NORWAY,POLAND,SAUDI ARABIA,SLOVAKIA,SLOVENIA,SOUTH AFRICA,SPAIN,SWEDEN,SWITZERLAND,THAILAND,VIETNAM
,17475,1243,1000,4523,10709,221,206,171,500,200,200,1000,230,208,785,208,224,304,929,510,200,2084,201,206,523,247,906,733,454,425,1600,3000,1000
12,"0,0000572246",,,,"0,0000933794",,,,,"0,0025",,,,,,,,,,,,"0,000239923",,,,,,,,,,,
13,"0,000143062",,"0,0005",,"0,000186759","0,00226244",,,,,,"0,0005",,,,,"0,00223214",,,,,,,,,,"0,000551876",,,,"0,0003125",,
14,"0,00037196","0,000402253","0,0005","0,000773823","0,000186759",,,,,,,"0,0005",,,,,,,,,,"0,000239923",,,"0,00382409",,,"0,000682128",,,"0,0009375","0,000333333","0,0005"
15,"0,000658083","0,000804505","0,002","0,000110546","0,000747035",,,,"0,003","0,0025",,"0,002",,,"0,000636943",,,,"0,00161464","0,00196078","0,0025","0,000479846",,"0,00485437",,,"0,00165563",,,,,"0,000166667",
16,"0,040515","0,0506838","0,0565","0,0257572","0,0440751","0,0452489","0,038835","0,0321637","0,055","0,05","0,04","0,0565","0,0478261","0,0456731","0,043949","0,0552885","0,046875","0,0427632","0,0495156","0,0480392","0,0525","0,0381478","0,0323383","0,0436893","0,0774379","0,034413","0,0568433","0,0525239","0,061674","0,0317647","0,0375","0,017","0,025"
17,"0,18392","0,121883","0,1795","0,114857","0,220702","0,228507","0,186893","0,266082","0,24","0,19","0,2","0,1795","0,171739","0,247596","0,204459","0,259615","0,207589","0,225329","0,245963","0,129412","0,225","0,193858","0,20398","0,199029","0,224665","0,218623","0,242274","0,116644","0,25","0,198824","0,237187","0,1005","0,1005"
18,"0,0816309","0,076428","0,0575","0,0845678","0,0832477","0,0791855","0,0703883","0,0701754","0,086","0,0975","0,1125","0,0575","0,0652174","0,0625","0,0917197","0,112981","0,078125","0,0953947","0,088267","0,0607843","0,0825","0,0837332","0,0895522","0,114078","0,0984704","0,0951417","0,0783664","0,0873124","0,0605727","0,0988235","0,07125","0,0833333","0,081"
19,"0,138484","0,152856","0,1405","0,199978","0,110655","0,113122","0,131068","0,119883","0,097","0,1075","0,1075","0,1405","0,156522","0,0865385","0,103185","0,09375","0,0892857","0,125","0,119483","0,154902","0,1075","0,116603","0,106965","0,106796","0,127151","0,0991903","0,0921634","0,151432","0,112335","0,111765","0,114375","0,209667","0,209"
20,"0,133877","0,106597","0,1025","0,122927","0,144598","0,124434","0,169903","0,154971","0,151","0,1375","0,17","0,1025","0,145652","0,161058","0,144586","0,127404","0,149554","0,126645","0,141012","0,107843","0,125","0,151631","0,149254","0,143204","0,239006","0,11336","0,134106","0,10573","0,161894","0,155294","0,139375","0,1095","0,1025"
21,"0,0430329","0,0997586","0,09","0,0463188","0,0306751","0,0361991","0,026699","0,0292398","0,03","0,0375","0,0125","0,09","0,0434783","0,0360577","0,0267516","0,0192308","0,0401786","0,0279605","0,0371367","0,119608","0,0375","0,0304702","0,0447761","0,0461165","0,0468451","0,0242915","0,0237307","0,0859482","0,0330396","0,0211765","0,0309375","0,0445","0,0515"
22,"0,0425751","0,127514","0,077","0,0449923","0,0284807","0,0294118","0,026699","0,0321637","0,017","0,025","0,035","0,077","0,00869565","0,03125","0,0273885","0,0192308","0,0200893","0,0296053","0,0279871","0,14902","0,0225","0,0314299","0,0373134","0,0218447","0,0143403","0,0222672","0,0342163","0,112551","0,0231278","0,0364706","0,030625","0,0515","0,0415"
23,"0,120258","0,0981496","0,1095","0,168693","0,103371","0,106335","0,109223","0,108187","0,091","0,115","0,1025","0,1095","0,0717391","0,115385","0,113376","0,110577","0,116071","0,101974","0,109257","0,0803922","0,1575","0,09381","0,129353","0,0898058","0,0678776","0,121457","0,102649","0,110505","0,0870044","0,0929412","0,105625","0,185167","0,172"
"23,2","0,000114449",,"0,002",,,,,,,,,"0,002",,,,,,,,,,,,,,,,,,,,,
24,"0,110558","0,07321","0,0815","0,132876","0,10818","0,115385","0,11165","0,0701754","0,102","0,1025","0,095","0,0815","0,106522","0,117788","0,11465","0,115385","0,109375","0,0921053","0,0904198","0,0735294","0,07","0,122841","0,0820896","0,116505","0,0640535","0,107287","0,108168","0,0729877","0,0991189","0,112941","0,1125","0,139833","0,148"
25,"0,0848355","0,0651649","0,076","0,0499668","0,102671","0,104072","0,109223","0,108187","0,113","0,11","0,0925","0,076","0,119565","0,0769231","0,107643","0,0673077","0,116071","0,111842","0,0705059","0,0411765","0,1025","0,112284","0,0920398","0,0946602","0,0296367","0,139676","0,107616","0,0818554","0,0936123","0,112941","0,0975","0,0503333","0,0595"
26,"0,0165951","0,0229284","0,0195","0,00674331","0,0197497","0,0158371","0,0169903","0,00877193","0,015","0,02","0,0325","0,0195","0,0608696","0,0144231","0,0197452","0,0192308","0,0223214","0,0197368","0,0166846","0,0264706","0,0125","0,0215931","0,0273632","0,0169903","0,00573614","0,0222672","0,0137969","0,0204638","0,0165198","0,0223529","0,0190625","0,00683333","0,007"
27,"0,0020887","0,00362027","0,005","0,00132655","0,00196097",,"0,00242718",,,"0,0025",,"0,005",,"0,00480769","0,00127389",,"0,00223214","0,00164474","0,00161464","0,00686275","0,0025","0,00167946","0,00497512","0,00242718","0,000956023","0,00202429","0,00331126","0,00136426","0,00110132","0,00470588","0,0025","0,00116667","0,002"
28,"0,000257511",,,"0,000110546","0,000373518",,,,,,,,"0,00217391",,"0,000636943",,,,,,,"0,000959693",,,,,"0,000551876",,,,"0,0003125","0,000166667",
29,"0,0000286123",,,,"0,0000466897",,,,,,,,,,,,,,"0,000538213",,,,,,,,,,,,,,
D2S441,,,,,,,,,,,,,,,,,,,,,,,,,,,,,,,,,
Allele,Entire Database,Africa,America,Asia,Europe,AUSTRIA,BELGIUM,BOSNIA AND HERZEGOWINA,CROATIA,CZECH REPUBLIC,DENMARK,DOMINICAN REPUBLIC,FINLAND,FRANCE,GERMANY,GREECE,HUNGARY,IRELAND,ITALY,KENYA,MONTENEGRO,NETHERLANDS,NORWAY,POLAND,SAUDI ARABIA,SLOVAKIA,SLOVENIA,SOUTH AFRICA,SPAIN,SWEDEN,SWITZERLAND,THAILAND,VIETNAM
,17479,1243,1000,4523,10713,222,206,171,500,200,200,1000,230,208,785,208,224,304,929,510,200,2084,202,206,523,247,907,733,455,425,1600,3000,1000
8,"0,000600721",,,"0,000221092","0,000886773",,,,"0,001",,,,"0,00217391",,"0,00254777","0,00240385",,,"0,000538213",,,"0,000479846","0,00247525",,,,"0,00110254",,"0,0010989","0,00352941","0,000625","0,000333333",
"8,1","0,0000286058",,,"0,000110546",,,,,,,,,,,,,,,,,,,,,,,,,,,,,"0,0005"
9,"0,00168774","0,000804505","0,002","0,00254256","0,00140017",,"0,00242718","0,00292398","0,001","0,0025","0,0025","0,002","0,00217391","0,00240385","0,000636943",,,"0,00328947","0,00484392","0,00196078","0,0025","0,000239923",,"0,00242718","0,0105163",,"0,000551268",,"0,0021978",,"0,0015625","0,00133333","0,002"
"9,1","0,00246009","0,000804505","0,0005","0,00917533",,,,,,,,"0,0005",,,,,,,,,,,,,,,,"0,00136426",,,,"0,00966667","0,0125"
10,"0,184021","0,104988","0,149","0,207937","0,186362","0,162162","0,177184","0,210526","0,204","0,15","0,1875","0,149","0,21087","0,230769","0,191083","0,134615","0,227679","0,226974","0,160388","0,0460784","0,1625","0,18882","0,205446","0,201456","0,124283","0,180162","0,206725","0,145975","0,154945","0,187059","0,1775","0,213833","0,234"
"10,1","0,000228846",,,"0,000884369",,,,,,,,,,,,,,,,,,,,,,,,,,,,"0,001","0,001"
"10,3","0,0000858173","0,000402253",,,"0,0000933445",,,,,,,,,,,"0,00240385",,,,,,,,,,"0,00202429",,"0,000682128",,,,,
11,"0,329023","0,334272","0,3575","0,302786","0,336834","0,369369","0,354369","0,277778","0,278","0,3325","0,345","0,3575","0,358696","0,28125","0,363057","0,382212","0,276786","0,340461","0,34338","0,313725","0,3375","0,34309","0,361386","0,31068","0,357553","0,348178","0,307056","0,348568","0,298901","0,374118","0,351562","0,289167","0,315"
"11,1","0,0000858173","0,000804505",,"0,000110546",,,,,,,,,,,,,,,,"0,00196078",,,,,,,,,,,,"0,000166667",
"11,3","0,0789519","0,0450523","0,0475","0,141499","0,0594138","0,0540541","0,0485437","0,0672515","0,062","0,06","0,0475","0,0475","0,0804348","0,0697115","0,0420382","0,0697115","0,0446429","0,0526316","0,0866523","0,0441176","0,0525","0,0424664","0,039604","0,0679612","0,0774379","0,0607287","0,0633958","0,0457026","0,107692","0,0505882","0,0621875","0,163667","0,1085"
12,"0,0752903","0,125905","0,109","0,135198","0,0409783","0,0382883","0,0533981","0,0438596","0,036","0,0275","0,035","0,109","0,0217391","0,0264423","0,0414013","0,0504808","0,0290179","0,0328947","0,0446717","0,15","0,0325","0,0475048","0,0445545","0,026699","0,0803059","0,0323887","0,0457552","0,109141","0,0395604","0,0376471","0,0415625","0,132667","0,1715"
"12,3","0,00260312","0,0100563","0,004","0,00265311","0,00158686",,"0,00242718","0,00292398","0,001",,,"0,004",,,"0,00254777",,"0,00223214",,"0,000538213","0,00392157","0,0025","0,00167946",,"0,00485437",,"0,00404858","0,0016538","0,0143247","0,00549451","0,00117647","0,00125","0,003","0,003"
13,"0,0263459","0,0374095","0,0355","0,0151448","0,0289368","0,027027","0,0315534","0,0233918","0,024","0,0225","0,04","0,0355","0,0456522","0,0504808","0,0254777","0,0336538","0,0200893","0,0361842","0,0263724","0,0441176","0,0275","0,0256718","0,039604","0,0364078","0,00956023","0,0283401","0,0292172","0,0327422","0,0395604","0,0282353","0,026875","0,018","0,0095"
"13,3","0,000657932","0,00281577","0,0025","0,000331638","0,000373378",,,,"0,001",,,"0,0025",,,,,,,,,,"0,000479846",,"0,0121359","0,000956023",,,"0,0047749",,,,"0,000166667","0,0005"
14,"0,257223","0,279163","0,2555","0,163608","0,294362","0,29955","0,281553","0,315789","0,338","0,3475","0,3","0,2555","0,256522","0,298077","0,284076","0,276442","0,339286","0,248355","0,288482","0,32549","0,3325","0,293666","0,274752","0,286408","0,300191","0,301619","0,306505","0,24693","0,303297","0,271765","0,285313","0,151","0,13"
"14,1","0,0000572115",,,"0,000110546","0,0000466723",,,,,,,,,,,,,,,,,"0,000239923",,,,,,,,,,,"0,0005"
"14,3","0,000143029","0,00160901",,,"0,0000466723",,,,,,,,,,"0,000636943",,,,,"0,000980392",,,,,,,,"0,00204638",,,,,
15,"0,0369872","0,0514883","0,033","0,0160292","0,0445253","0,0472973","0,0461165","0,0526316","0,05","0,0525","0,0425","0,033","0,0217391","0,0336538","0,044586","0,0384615","0,0602679","0,0559211","0,0425188","0,0607843","0,0425","0,0496641","0,029703","0,0485437","0,0334608","0,0384615","0,0347299","0,0450205","0,0406593","0,0411765","0,04625","0,0148333","0,0105"
"15,3","0,0000286058",,,,"0,0000466723",,,,,,,,,"0,00240385",,,,,,,,,,,,,,,,,,,
16,"0,0034613","0,00442478","0,004","0,00165819","0,00406049","0,00225225","0,00242718","0,00292398","0,004","0,005",,"0,004",,"0,00480769","0,00191083","0,00961538",,"0,00328947","0,00161464","0,00686275","0,0075","0,00599808","0,00247525","0,00242718","0,00573614","0,00404858","0,00330761","0,00272851","0,00549451","0,00470588","0,0053125","0,00116667","0,001"
17,"0,0000286058",,,,"0,0000466723",,,,,,,,,,,,,,,,,,,,,,,,"0,0010989",,,,
D2S1360,,,,,,,,,,,,,,,,,,,,,,,,,,,,,,,,,
Allele,Entire Database,Europe,ITALY,SWITZERLAND,,,,,,,,,,,,,,,,,,,,,,,,,,,,,
,2125,2125,929,1196,,,,,,,,,,,,,,,,,,,,,,,,,,,,,
18,"0,000705882","0,000705882","0,000538213","0,00083612",,,,,,,,,,,,,,,,,,,,,,,,,,,,,
19,"0,00588235","0,00588235","0,00592034","0,00585284",,,,,,,,,,,,,,,,,,,,,,,,,,,,,
20,"0,0931765","0,0931765","0,0764263","0,106187",,,,,,,,,,,,,,,,,,,,,,,,,,,,,
21,"0,0701176","0,0701176","0,0629709","0,0756689",,,,,,,,,,,,,,,,,,,,,,,,,,,,,
"21,1","0,000235294","0,000235294","0,000538213",,,,,,,,,,,,,,,,,,,,,,,,,,,,,,
22,"0,3","0,3","0,307858","0,293896",,,,,,,,,,,,,,,,,,,,,,,,,,,,,
23,"0,155294","0,155294","0,153929","0,156355",,,,,,,,,,,,,,,,,,,,,,,,,,,,,
24,"0,0821176","0,0821176","0,0861141","0,0790134",,,,,,,,,,,,,,,,,,,,,,,,,,,,,
25,"0,0927059","0,0927059","0,101184","0,0861204",,,,,,,,,,,,,,,,,,,,,,,,,,,,,
26,"0,0854118","0,0854118","0,0855759","0,0852843",,,,,,,,,,,,,,,,,,,,,,,,,,,,,
27,"0,0642353","0,0642353","0,0678149","0,0614548",,,,,,,,,,,,,,,,,,,,,,,,,,,,,
28,"0,0291765","0,0291765","0,0285253","0,0296823",,,,,,,,,,,,,,,,,,,,,,,,,,,,,
29,"0,012","0,012","0,0123789","0,0117057",,,,,,,,,,,,,,,,,,,,,,,,,,,,,
30,"0,00705882","0,00705882","0,0080732","0,0062709",,,,,,,,,,,,,,,,,,,,,,,,,,,,,
"30,1","0,000235294","0,000235294",,"0,00041806",,,,,,,,,,,,,,,,,,,,,,,,,,,,,
31,"0,00117647","0,00117647","0,00161464","0,00083612",,,,,,,,,,,,,,,,,,,,,,,,,,,,,
32,"0,000470588","0,000470588","0,000538213","0,00041806",,,,,,,,,,,,,,,,,,,,,,,,,,,,,
D3S1358,,,,,,,,,,,,,,,,,,,,,,,,,,,,,,,,,
Allele,Entire Database,Africa,America,Asia,Europe,AUSTRIA,BELGIUM,BOSNIA AND HERZEGOWINA,CROATIA,CZECH REPUBLIC,DENMARK,DOMINICAN REPUBLIC,FINLAND,FRANCE,GERMANY,GREECE,HUNGARY,IRELAND,ITALY,KENYA,MONTENEGRO,NETHERLANDS,NORWAY,POLAND,SAUDI ARABIA,SLOVAKIA,SLOVENIA,SOUTH AFRICA,SPAIN,SWEDEN,SWITZERLAND,THAILAND,VIETNAM
,17477,1243,1000,4523,10711,222,206,171,500,200,200,1000,230,208,785,208,224,304,929,510,200,2084,202,206,523,247,907,733,453,425,1600,3000,1000
9,"0,000143045",,"0,0025",,,,,,,,,"0,0025",,,,,,,,,,,,,,,,,,,,,
10,"0,0000858271",,,,"0,000140043",,,,,,,,,,,,,"0,00164474","0,000538213",,,"0,000239923",,,,,,,,,,,
11,"0,000972707","0,000402253","0,0005","0,000221092","0,00140043","0,0045045",,,"0,001",,"0,0075","0,0005","0,00217391","0,00240385","0,00254777",,,,"0,000538213","0,000980392",,"0,00191939",,,,,,,"0,00110375","0,00588235","0,0009375",,"0,001"
12,"0,000743835","0,00160901","0,004","0,00055273","0,000420129",,"0,00728155",,,,,"0,004",,,"0,000636943",,,"0,00164474",,"0,00196078",,,,,,,"0,000551268","0,00136426","0,00331126",,,"0,000666667","0,0005"
13,"0,00357613","0,00241352","0,006","0,0043113","0,00317431",,"0,00728155","0,00292398",,"0,0025",,"0,006","0,00652174","0,00480769","0,00573248",,"0,00669643",,"0,00322928","0,00294118",,"0,00599808","0,00247525","0,00485437","0,00669216",,"0,00110254","0,00204638","0,00331126","0,00352941","0,00125","0,00466667","0,002"
14,"0,0901184","0,0868866","0,0875","0,0421181","0,111007","0,0990991","0,101942","0,0935673","0,101","0,105","0,0975","0,0875","0,0934783","0,115385","0,119108","0,0673077","0,0870536","0,159539","0,0958019","0,0656863","0,1175","0,122841","0,131188","0,152913","0,0602294","0,0890688","0,0931643","0,101637","0,109272","0,105882","0,119063","0,04","0,039"
15,"0,26964","0,316573","0,3005","0,286757","0,254085","0,261261","0,237864","0,266082","0,254","0,255","0,28","0,3005","0,319565","0,257212","0,264331","0,21875","0,247768","0,279605","0,227126","0,32549","0,2575","0,246641","0,24505","0,276699","0,239006","0,265182","0,248071","0,310368","0,235099","0,272941","0,261562","0,293167","0,2925"
"15,2","0,0000572181",,"0,0005","0,000110546",,,,,,,,"0,0005",,,,,,,,,,,,,"0,000956023",,,,,,,,
16,"0,279253","0,30008","0,288","0,343909","0,248716","0,272523","0,237864","0,207602","0,259","0,2575","0,2225","0,288","0,25","0,266827","0,240127","0,245192","0,245536","0,246711","0,251884","0,311765","0,2925","0,241603","0,262376","0,220874","0,313576","0,271255","0,257993","0,291951","0,264901","0,241176","0,245625","0,342167","0,365"
"16,2","0,0000572181","0,000402253",,"0,000110546",,,,,,,,,,,,,,,,"0,000980392",,,,,"0,000956023",,,,,,,,
17,"0,219918","0,213194","0,2135","0,241101","0,212352","0,198198","0,240291","0,204678","0,201","0,2225","0,255","0,2135","0,206522","0,182692","0,199363","0,257212","0,227679","0,189145","0,245963","0,239216","0,1675","0,216411","0,212871","0,18932","0,26673","0,194332","0,210584","0,195089","0,192053","0,229412","0,204687","0,238","0,237"
"17,1","0,000028609",,,,"0,000046681",,,,,,,,,,"0,000636943",,,,,,,,,,,,,,,,,,
"17,2","0,0000858271","0,000804505","0,0005",,,,,,,,,"0,0005",,,,,,,,"0,00196078",,,,,,,,,,,,,
18,"0,124449","0,0740145","0,09","0,0725182","0,155448","0,15991","0,167476","0,21345","0,161","0,1475","0,125","0,09","0,117391","0,158654","0,15414","0,189904","0,162946","0,113487","0,159311","0,0470588","0,15","0,154271","0,131188","0,148058","0,105163","0,168016","0,168688","0,0927694","0,1766","0,130588","0,153438","0,072","0,057"
19,"0,0100704","0,00281577","0,006","0,00784877","0,0122304","0,0045045",,"0,0116959","0,022","0,0075","0,0075","0,006","0,00434783","0,00721154","0,0127389","0,0192308","0,0200893","0,00657895","0,01507","0,00196078","0,0125","0,00935701","0,0123762","0,00728155","0,00669216","0,0121457","0,0187431","0,00341064","0,0143488","0,00941176","0,0128125","0,009","0,005"
20,"0,000801053","0,000804505","0,0005","0,000442184","0,000980301",,,,"0,001","0,0025","0,005","0,0005",,"0,00480769","0,000636943","0,00240385","0,00223214","0,00164474","0,000538213",,"0,0025","0,00071977","0,00247525",,,,"0,00110254","0,00136426",,"0,00117647","0,000625","0,000333333","0,001"
D3S1744,,,,,,,,,,,,,,,,,,,,,,,,,,,,,,,,,
Allele,Entire Database,Asia,Europe,ITALY,SAUDI ARABIA,SWITZERLAND,,,,,,,,,,,,,,,,,,,,,,,,,,,
,2625,500,2125,929,500,1196,,,,,,,,,,,,,,,,,,,,,,,,,,,
10,"0,000190476",,"0,000235294",,,"0,00041806",,,,,,,,,,,,,,,,,,,,,,,,,,,
12,"0,000380952","0,001","0,000235294",,"0,001","0,00041806",,,,,,,,,,,,,,,,,,,,,,,,,,,
13,"0,004","0,008","0,00305882","0,00322928","0,008","0,00292642",,,,,,,,,,,,,,,,,,,,,,,,,,,
14,"0,108","0,117","0,105882","0,103875","0,117","0,107441",,,,,,,,,,,,,,,,,,,,,,,,,,,
15,"0,0672381","0,079","0,0644706","0,0688913","0,079","0,0610368",,,,,,,,,,,,,,,,,,,,,,,,,,,
16,"0,114857","0,133","0,110588","0,110872","0,133","0,110368",,,,,,,,,,,,,,,,,,,,,,,,,,,
17,"0,313524","0,34","0,307294","0,301399","0,34","0,311873",,,,,,,,,,,,,,,,,,,,,,,,,,,
18,"0,185905","0,167","0,190353","0,200215","0,167","0,182692",,,,,,,,,,,,,,,,,,,,,,,,,,,
19,"0,144762","0,096","0,156235","0,149085","0,096","0,161789",,,,,,,,,,,,,,,,,,,,,,,,,,,
20,"0,0512381","0,045","0,0527059","0,0548977","0,045","0,0510033",,,,,,,,,,,,,,,,,,,,,,,,,,,
21,"0,00857143","0,012","0,00776471","0,00645856","0,012","0,00877926",,,,,,,,,,,,,,,,,,,,,,,,,,,
22,"0,00133333","0,002","0,00117647","0,00107643","0,002","0,00125418",,,,,,,,,,,,,,,,,,,,,,,,,,,
D4S2366,,,,,,,,,,,,,,,,,,,,,,,,,,,,,,,,,
Allele,Entire Database,Asia,Europe,ITALY,SAUDI ARABIA,SWITZERLAND,,,,,,,,,,,,,,,,,,,,,,,,,,,
,2625,500,2125,929,500,1196,,,,,,,,,,,,,,,,,,,,,,,,,,,
9,"0,306476","0,299","0,308235","0,2831","0,299","0,327759",,,,,,,,,,,,,,,,,,,,,,,,,,,
10,"0,14381","0,107","0,152471","0,138321","0,107","0,163462",,,,,,,,,,,,,,,,,,,,,,,,,,,
11,"0,095619","0,172","0,0776471","0,0850377","0,172","0,0719064",,,,,,,,,,,,,,,,,,,,,,,,,,,
"11,2","0,000380952",,"0,000470588","0,00107643",,,,,,,,,,,,,,,,,,,,,,,,,,,,,
12,"0,19581","0,243","0,184706","0,181916","0,243","0,186873",,,,,,,,,,,,,,,,,,,,,,,,,,,
"12,2","0,000571429",,"0,000705882",,,"0,00125418",,,,,,,,,,,,,,,,,,,,,,,,,,,
13,"0,158286","0,106","0,170588","0,193757","0,106","0,152592",,,,,,,,,,,,,,,,,,,,,,,,,,,
14,"0,0935238","0,066","0,1","0,114101","0,066","0,0890468",,,,,,,,,,,,,,,,,,,,,,,,,,,
15,"0,00514286","0,005","0,00517647","0,00269107","0,005","0,00710702",,,,,,,,,,,,,,,,,,,,,,,,,,,
16,"0,000380952","0,002",,,"0,002",,,,,,,,,,,,,,,,,,,,,,,,,,,,
D5S818,,,,,,,,,,,,,,,,,,,,,,,,,,,,,,,,,
Allele,Entire Database,Africa,America,Asia,Europe,CROATIA,DOMINICAN REPUBLIC,GERMANY,ITALY,KENYA,NETHERLANDS,SAUDI ARABIA,SLOVENIA,SOUTH AFRICA,SWITZERLAND,THAILAND,VIETNAM,,,,,,,,,,,,,,,,
,12796,1243,1000,4523,6030,500,1000,619,929,510,2084,523,700,733,1198,3000,1000,,,,,,,,,,,,,,,,
7,"0,0112926","0,000804505","0,0125","0,0274154","0,00116086","0,001","0,0125","0,00323102",,,"0,000479846",,"0,00142857","0,00136426","0,00208681","0,0275","0,0415",,,,,,,,,,,,,,,,
8,"0,00922163","0,0454545","0,028","0,00254256","0,00364842","0,004","0,028","0,00403877","0,00592034","0,0676471","0,00359885","0,0105163","0,00214286","0,0300136","0,00250417","0,00133333","0,002",,,,,,,,,,,,,,,,
9,"0,043959","0,0309735","0,027","0,0591422","0,0380597","0,044","0,027","0,0387722","0,0457481","0,0284314","0,0304702","0,0755258","0,0528571","0,0327422","0,0338063","0,0525","0,0705",,,,,,,,,,,,,,,,
10,"0,118904","0,0808528","0,057","0,218881","0,0620232","0,059","0,057","0,0638126","0,0791173","0,0598039","0,0506238","0,123327","0,0864286","0,095498","0,0546745","0,229333","0,2375",,,,,,,,,,,,,,,,
11,"0,304939","0,24457","0,2715","0,282998","0,339386","0,346","0,2715","0,339257","0,314316","0,173529","0,352207","0,26195","0,308571","0,293997","0,351836","0,288667","0,277",,,,,,,,,,,,,,,,
12,"0,324867","0,364039","0,362","0,241322","0,3733","0,353","0,362","0,376414","0,360065","0,391176","0,37644","0,34608","0,385","0,345157","0,37813","0,229","0,2235",,,,,,,,,,,,,,,,
"12,1","0,0000781494","0,000402253",,"0,000110546",,,,,,"0,000980392",,,,,,,"0,0005",,,,,,,,,,,,,,,,
13,"0,173296","0,214401","0,2225","0,154986","0,170398","0,18","0,2225","0,160743","0,182992","0,255882","0,174904","0,171128","0,154286","0,185539","0,163189","0,157667","0,1385",,,,,,,,,,,,,,,,
14,"0,0114489","0,0168946","0,0135","0,0103913","0,0107794","0,013","0,0135","0,0129241","0,0107643","0,0196078","0,00959693","0,0105163","0,00857143","0,0150068","0,0121035","0,011","0,0085",,,,,,,,,,,,,,,,
15,"0,00179744","0,00160901","0,004","0,00221092","0,00116086",,"0,004","0,000807754","0,00107643","0,00294118","0,00143954","0,000956023","0,000714286","0,000682128","0,00166945","0,003","0,0005",,,,,,,,,,,,,,,,
16,"0,000195374",,"0,002",,"0,0000829187",,"0,002",,,,"0,000239923",,,,,,,,,,,,,,,,,,,,,,
D5S2500,,,,,,,,,,,,,,,,,,,,,,,,,,,,,,,,,
Allele,Entire Database,Europe,ITALY,SWITZERLAND,,,,,,,,,,,,,,,,,,,,,,,,,,,,,
,2125,2125,929,1196,,,,,,,,,,,,,,,,,,,,,,,,,,,,,
8,"0,000235294","0,000235294",,"0,00041806",,,,,,,,,,,,,,,,,,,,,,,,,,,,,
9,"0,00376471","0,00376471","0,00592034","0,0020903",,,,,,,,,,,,,,,,,,,,,,,,,,,,,
10,"0,0978824","0,0978824","0,101722","0,0948997",,,,,,,,,,,,,,,,,,,,,,,,,,,,,
11,"0,271529","0,271529","0,275027","0,268813",,,,,,,,,,,,,,,,,,,,,,,,,,,,,
12,"0,174824","0,174824","0,172228","0,176839",,,,,,,,,,,,,,,,,,,,,,,,,,,,,
13,"0,0567059","0,0567059","0,050592","0,0614548",,,,,,,,,,,,,,,,,,,,,,,,,,,,,
"13,2","0,000235294","0,000235294",,"0,00041806",,,,,,,,,,,,,,,,,,,,,,,,,,,,,
14,"0,0548235","0,0548235","0,0527449","0,0564381",,,,,,,,,,,,,,,,,,,,,,,,,,,,,
15,"0,228235","0,228235","0,214747","0,238712",,,,,,,,,,,,,,,,,,,,,,,,,,,,,
16,"0,0898824","0,0898824","0,100646","0,0815217",,,,,,,,,,,,,,,,,,,,,,,,,,,,,
17,"0,0188235","0,0188235","0,0236814","0,0150502",,,,,,,,,,,,,,,,,,,,,,,,,,,,,
18,"0,00305882","0,00305882","0,00269107","0,00334448",,,,,,,,,,,,,,,,,,,,,,,,,,,,,
D5S2800,,,,,,,,,,,,,,,,,,,,,,,,,,,,,,,,,
Allele,Entire Database,Asia,SAUDI ARABIA,,,,,,,,,,,,,,,,,,,,,,,,,,,,,,
,500,500,500,,,,,,,,,,,,,,,,,,,,,,,,,,,,,,
13,"0,021","0,021","0,021",,,,,,,,,,,,,,,,,,,,,,,,,,,,,,
14,"0,238","0,238","0,238",,,,,,,,,,,,,,,,,,,,,,,,,,,,,,
15,"0,003","0,003","0,003",,,,,,,,,,,,,,,,,,,,,,,,,,,,,,
16,"0,001","0,001","0,001",,,,,,,,,,,,,,,,,,,,,,,,,,,,,,
17,"0,239","0,239","0,239",,,,,,,,,,,,,,,,,,,,,,,,,,,,,,
18,"0,28","0,28","0,28",,,,,,,,,,,,,,,,,,,,,,,,,,,,,,
19,"0,006","0,006","0,006",,,,,,,,,,,,,,,,,,,,,,,,,,,,,,
20,"0,025","0,025","0,025",,,,,,,,,,,,,,,,,,,,,,,,,,,,,,
22,"0,003","0,003","0,003",,,,,,,,,,,,,,,,,,,,,,,,,,,,,,
23,"0,165","0,165","0,165",,,,,,,,,,,,,,,,,,,,,,,,,,,,,,
24,"0,019","0,019","0,019",,,,,,,,,,,,,,,,,,,,,,,,,,,,,,
D6S474,,,,,,,,,,,,,,,,,,,,,,,,,,,,,,,,,
Allele,Entire Database,Asia,Europe,ITALY,SAUDI ARABIA,SWITZERLAND,,,,,,,,,,,,,,,,,,,,,,,,,,,
,2625,500,2125,929,500,1196,,,,,,,,,,,,,,,,,,,,,,,,,,,
9,"0,000190476","0,001",,,"0,001",,,,,,,,,,,,,,,,,,,,,,,,,,,,
11,"0,000380952",,"0,000470588","0,000538213",,"0,00041806",,,,,,,,,,,,,,,,,,,,,,,,,,,
12,"0,00209524","0,002","0,00211765","0,00322928","0,002","0,00125418",,,,,,,,,,,,,,,,,,,,,,,,,,,
13,"0,272571","0,345","0,255529","0,263186","0,345","0,249582",,,,,,,,,,,,,,,,,,,,,,,,,,,
14,"0,209143","0,244","0,200941","0,189989","0,244","0,209448",,,,,,,,,,,,,,,,,,,,,,,,,,,
"14,1","0,000190476",,"0,000235294",,,"0,00041806",,,,,,,,,,,,,,,,,,,,,,,,,,,
15,"0,144381","0,214","0,128","0,137244","0,214","0,120819",,,,,,,,,,,,,,,,,,,,,,,,,,,
16,"0,271429","0,143","0,301647","0,293864","0,143","0,307692",,,,,,,,,,,,,,,,,,,,,,,,,,,
17,"0,0914286","0,039","0,103765","0,104952","0,039","0,102843",,,,,,,,,,,,,,,,,,,,,,,,,,,
18,"0,008","0,012","0,00705882","0,00699677","0,012","0,00710702",,,,,,,,,,,,,,,,,,,,,,,,,,,
19,"0,000190476",,"0,000235294",,,"0,00041806",,,,,,,,,,,,,,,,,,,,,,,,,,,
D6S1043,,,,,,,,,,,,,,,,,,,,,,,,,,,,,,,,,
Allele,,,,,,,,,,,,,,,,,,,,,,,,,,,,,,,,,
,,,,,,,,,,,,,,,,,,,,,,,,,,,,,,,,,
,,,,,,,,,,,,,,,,,,,,,,,,,,,,,,,,,
D7S820,,,,,,,,,,,,,,,,,,,,,,,,,,,,,,,,,
Allele,Entire Database,Africa,America,Asia,Europe,CROATIA,DOMINICAN REPUBLIC,GERMANY,ITALY,KENYA,NETHERLANDS,SAUDI ARABIA,SLOVENIA,SOUTH AFRICA,SWITZERLAND,THAILAND,VIETNAM,,,,,,,,,,,,,,,,
,12796,1243,1000,4523,6030,500,1000,619,929,510,2084,523,700,733,1198,3000,1000,,,,,,,,,,,,,,,,
6,"0,000195374",,"0,0015","0,000110546","0,0000829187",,"0,0015",,,,,,"0,000714286",,,"0,000166667",,,,,,,,,,,,,,,,,
"6,3","0,0000390747",,,,"0,0000829187",,,,,,,,,,"0,000417362",,,,,,,,,,,,,,,,,,
7,"0,0138324","0,00965406","0,014","0,00751713","0,019403","0,017","0,014","0,0201939","0,0199139","0,00588235","0,0191939","0,0124283","0,0214286","0,0122783","0,0187813","0,0065","0,008",,,,,,,,,,,,,,,,
"7,1","0,0000390747","0,000402253",,,,,,,,"0,000980392",,,,,,,,,,,,,,,,,,,,,,,
"7,3","0,0000390747","0,000402253",,,,,,,,,,,,"0,000682128",,,,,,,,,,,,,,,,,,,
8,"0,172046","0,179807","0,2025","0,16604","0,1699","0,169","0,2025","0,167205","0,171152","0,203922","0,165547","0,165392","0,163571","0,163029","0,18197","0,1665","0,165",,,,,,,,,,,,,,,,
9,"0,12246","0,130732","0,105","0,0749503","0,159287","0,167","0,105","0,155897","0,109257","0,128431","0,179942","0,110899","0,173571","0,132333","0,152337","0,0718333","0,0655",,,,,,,,,,,,,,,,
"9,1","0,00140669",,,"0,00386911","0,0000829187",,,,,,,,,,"0,000417362","0,00233333","0,0105",,,,,,,,,,,,,,,,
"9,2","0,0000390747",,,"0,000110546",,,,,,,,,,,,,"0,0005",,,,,,,,,,,,,,,,
"9,3","0,0000390747",,,"0,000110546",,,,,,,,,,,,"0,000166667",,,,,,,,,,,,,,,,,
10,"0,247851","0,311344","0,299","0,194451","0,266335","0,286","0,299","0,265751","0,280409","0,362745","0,259357","0,361377","0,272143","0,27558","0,25626","0,176833","0,16",,,,,,,,,,,,,,,,
"10,1","0,000234448","0,000402253","0,0005","0,000442184",,,"0,0005",,,"0,000980392",,,,,,"0,000333333","0,001",,,,,,,,,,,,,,,,
"10,3","0,000117224","0,000402253",,"0,000110546","0,0000829187",,,,,,"0,000239923",,,"0,000682128",,"0,000166667",,,,,,,,,,,,,,,,,
11,"0,253673","0,20716","0,21","0,341809","0,204395","0,187","0,21","0,226979","0,226588","0,185294","0,192418","0,1826","0,197857","0,222374","0,207429","0,366333","0,3515",,,,,,,,,,,,,,,,
"11,1","0,000195374",,,"0,00055273",,,,,,,,,,,,"0,000333333","0,0015",,,,,,,,,,,,,,,,
"11,3","0,0000781494",,,"0,000110546","0,0000829187",,,,,,"0,000239923",,,,,"0,000166667",,,,,,,,,,,,,,,,,
12,"0,152313","0,131134","0,14","0,179306","0,138474","0,15","0,14","0,126817","0,158773","0,0970588","0,127639","0,146272","0,137857","0,154843","0,143155","0,177","0,2035",,,,,,,,,,,,,,,,
"12,3","0,0000390747",,,"0,000110546",,,,,,,,,,,,"0,000166667",,,,,,,,,,,,,,,,,
13,"0,0299703","0,0269509","0,0225","0,0253151","0,0353234","0,021","0,0225","0,0298869","0,0301399","0,0147059","0,0455854","0,0200765","0,0278571","0,0354707","0,0346411","0,025","0,029",,,,,,,,,,,,,,,,
14,"0,00515786","0,00120676","0,005","0,00486403","0,00621891","0,003","0,005","0,00726979","0,00376749",,"0,00911708","0,000956023","0,005","0,00204638","0,00459098","0,00583333","0,004",,,,,,,,,,,,,,,,
15,"0,000234448","0,000402253",,"0,000221092","0,000248756",,,,,,"0,00071977",,,"0,000682128",,"0,000333333",,,,,,,,,,,,,,,,,
D7S3048,,,,,,,,,,,,,,,,,,,,,,,,,,,,,,,,,
Allele,Entire Database,Asia,SAUDI ARABIA,,,,,,,,,,,,,,,,,,,,,,,,,,,,,,
,500,500,500,,,,,,,,,,,,,,,,,,,,,,,,,,,,,,
16,"0,003","0,003","0,003",,,,,,,,,,,,,,,,,,,,,,,,,,,,,,
17,"0,068","0,068","0,068",,,,,,,,,,,,,,,,,,,,,,,,,,,,,,
18,"0,091","0,091","0,091",,,,,,,,,,,,,,,,,,,,,,,,,,,,,,
19,"0,061","0,061","0,061",,,,,,,,,,,,,,,,,,,,,,,,,,,,,,
20,"0,075","0,075","0,075",,,,,,,,,,,,,,,,,,,,,,,,,,,,,,
21,"0,106","0,106","0,106",,,,,,,,,,,,,,,,,,,,,,,,,,,,,,
22,"0,086","0,086","0,086",,,,,,,,,,,,,,,,,,,,,,,,,,,,,,
23,"0,186","0,186","0,186",,,,,,,,,,,,,,,,,,,,,,,,,,,,,,
24,"0,181","0,181","0,181",,,,,,,,,,,,,,,,,,,,,,,,,,,,,,
25,"0,098","0,098","0,098",,,,,,,,,,,,,,,,,,,,,,,,,,,,,,
26,"0,037","0,037","0,037",,,,,,,,,,,,,,,,,,,,,,,,,,,,,,
27,"0,006","0,006","0,006",,,,,,,,,,,,,,,,,,,,,,,,,,,,,,
28,"0,001","0,001","0,001",,,,,,,,,,,,,,,,,,,,,,,,,,,,,,
30,"0,001","0,001","0,001",,,,,,,,,,,,,,,,,,,,,,,,,,,,,,
D7S1517,,,,,,,,,,,,,,,,,,,,,,,,,,,,,,,,,
Allele,Entire Database,Europe,ITALY,SWITZERLAND,,,,,,,,,,,,,,,,,,,,,,,,,,,,,
,2125,2125,929,1196,,,,,,,,,,,,,,,,,,,,,,,,,,,,,
14,"0,000235294","0,000235294","0,000538213",,,,,,,,,,,,,,,,,,,,,,,,,,,,,,
15,"0,000235294","0,000235294","0,000538213",,,,,,,,,,,,,,,,,,,,,,,,,,,,,,
16,"0,00258824","0,00258824","0,00269107","0,00250836",,,,,,,,,,,,,,,,,,,,,,,,,,,,,
17,"0,00329412","0,00329412","0,00269107","0,00376254",,,,,,,,,,,,,,,,,,,,,,,,,,,,,
18,"0,0310588","0,0310588","0,0236814","0,0367893",,,,,,,,,,,,,,,,,,,,,,,,,,,,,
19,"0,105176","0,105176","0,0974166","0,111204",,,,,,,,,,,,,,,,,,,,,,,,,,,,,
20,"0,112235","0,112235","0,118945","0,107023",,,,,,,,,,,,,,,,,,,,,,,,,,,,,
21,"0,106353","0,106353","0,11141","0,102425",,,,,,,,,,,,,,,,,,,,,,,,,,,,,
22,"0,0924706","0,0924706","0,100646","0,0861204",,,,,,,,,,,,,,,,,,,,,,,,,,,,,
23,"0,104941","0,104941","0,107643","0,102843",,,,,,,,,,,,,,,,,,,,,,,,,,,,,
24,"0,154353","0,154353","0,15662","0,152592",,,,,,,,,,,,,,,,,,,,,,,,,,,,,
"24,1","0,000235294","0,000235294","0,000538213",,,,,,,,,,,,,,,,,,,,,,,,,,,,,,
25,"0,217176","0,217176","0,208827","0,223662",,,,,,,,,,,,,,,,,,,,,,,,,,,,,
"25,1","0,000235294","0,000235294",,"0,00041806",,,,,,,,,,,,,,,,,,,,,,,,,,,,,
26,"0,0543529","0,0543529","0,0500538","0,0576923",,,,,,,,,,,,,,,,,,,,,,,,,,,,,
27,"0,0108235","0,0108235","0,0129171","0,00919732",,,,,,,,,,,,,,,,,,,,,,,,,,,,,
28,"0,00235294","0,00235294","0,00269107","0,0020903",,,,,,,,,,,,,,,,,,,,,,,,,,,,,
29,"0,00188235","0,00188235","0,00215285","0,00167224",,,,,,,,,,,,,,,,,,,,,,,,,,,,,
D8S1132,,,,,,,,,,,,,,,,,,,,,,,,,,,,,,,,,
Allele,Entire Database,Asia,Europe,ITALY,SAUDI ARABIA,SWITZERLAND,,,,,,,,,,,,,,,,,,,,,,,,,,,
,2625,500,2125,929,500,1196,,,,,,,,,,,,,,,,,,,,,,,,,,,
"12,1","0,000190476",,"0,000235294","0,000538213",,,,,,,,,,,,,,,,,,,,,,,,,,,,,
"13,1","0,000571429","0,001","0,000470588","0,00107643","0,001",,,,,,,,,,,,,,,,,,,,,,,,,,,,
14,"0,000190476",,"0,000235294",,,"0,00041806",,,,,,,,,,,,,,,,,,,,,,,,,,,
"14,1","0,000380952",,"0,000470588","0,00107643",,,,,,,,,,,,,,,,,,,,,,,,,,,,,
15,"0,000952381","0,003","0,000470588","0,00107643","0,003",,,,,,,,,,,,,,,,,,,,,,,,,,,,
16,"0,0118095","0,016","0,0108235","0,00968784","0,016","0,0117057",,,,,,,,,,,,,,,,,,,,,,,,,,,
17,"0,118286","0,138","0,113647","0,110334","0,138","0,116221",,,,,,,,,,,,,,,,,,,,,,,,,,,
18,"0,22419","0,211","0,227294","0,244349","0,211","0,214047",,,,,,,,,,,,,,,,,,,,,,,,,,,
19,"0,163238","0,2","0,154588","0,154467","0,2","0,154682",,,,,,,,,,,,,,,,,,,,,,,,,,,
20,"0,140762","0,124","0,144706","0,148547","0,124","0,141722",,,,,,,,,,,,,,,,,,,,,,,,,,,
21,"0,112571","0,105","0,114353","0,107643","0,105","0,119565",,,,,,,,,,,,,,,,,,,,,,,,,,,
"21,1","0,000380952",,"0,000470588",,,"0,00083612",,,,,,,,,,,,,,,,,,,,,,,,,,,
22,"0,113524","0,106","0,115294","0,113025","0,106","0,117057",,,,,,,,,,,,,,,,,,,,,,,,,,,
23,"0,0790476","0,069","0,0814118","0,0737352","0,069","0,0873746",,,,,,,,,,,,,,,,,,,,,,,,,,,
"23,2","0,000190476",,"0,000235294",,,"0,00041806",,,,,,,,,,,,,,,,,,,,,,,,,,,
24,"0,0249524","0,023","0,0254118","0,0242196","0,023","0,0263378",,,,,,,,,,,,,,,,,,,,,,,,,,,
25,"0,008","0,004","0,00894118","0,00914962","0,004","0,00877926",,,,,,,,,,,,,,,,,,,,,,,,,,,
26,"0,000761905",,"0,000941176","0,00107643",,"0,00083612",,,,,,,,,,,,,,,,,,,,,,,,,,,
D8S1179,,,,,,,,,,,,,,,,,,,,,,,,,,,,,,,,,
Allele,Entire Database,Africa,America,Asia,Europe,AUSTRIA,BELGIUM,BOSNIA AND HERZEGOWINA,CROATIA,CZECH REPUBLIC,DENMARK,DOMINICAN REPUBLIC,FINLAND,FRANCE,GERMANY,GREECE,HUNGARY,IRELAND,ITALY,KENYA,MONTENEGRO,NETHERLANDS,NORWAY,POLAND,SAUDI ARABIA,SLOVAKIA,SLOVENIA,SOUTH AFRICA,SPAIN,SWEDEN,SWITZERLAND,THAILAND,VIETNAM
,17478,1243,1000,4523,10712,222,206,171,500,200,200,1000,230,208,785,208,224,304,929,510,200,2084,202,206,523,246,907,733,455,425,1600,3000,1000
6,"0,0000286074",,,"0,000110546",,,,,,,,,,,,,,,,,,,,,,,,,,,,"0,000166667",
7,"0,0000286074",,,"0,000110546",,,,,,,,,,,,,,,,,,,,,,,,,,,,,"0,0005"
8,"0,010785","0,00482703","0,0055","0,0014371","0,0159167","0,018018","0,00728155","0,00584795","0,017","0,0075","0,015","0,0055","0,0173913","0,0240385","0,0197452","0,0144231","0,0111607","0,0131579","0,0242196",,"0,0025","0,0191939","0,0148515","0,00485437","0,00191205","0,0101626","0,0126792","0,00818554","0,0208791","0,0105882","0,01375","0,001","0,0025"
9,"0,00906854","0,00482703","0,006","0,00176874","0,0129294","0,018018","0,0121359","0,00877193","0,007","0,005","0,01","0,006","0,00869565","0,00961538","0,010828","0,0192308","0,015625","0,00986842","0,0145318","0,00392157","0,0275","0,0167946","0,00742574","0,0121359","0,00669216","0,0101626","0,00771775","0,00545703","0,00989011","0,00823529","0,0159375","0,001","0,0015"
10,"0,0899416","0,0522928","0,055","0,135972","0,0781367","0,0945946","0,0873786","0,0584795","0,062","0,055","0,0975","0,055","0,0826087","0,0841346","0,0878981","0,0480769","0,0758929","0,118421","0,0769645","0,0156863","0,07","0,0890115","0,0668317","0,065534","0,0382409","0,0447154","0,0573319","0,0777626","0,0714286","0,0894118","0,0790625","0,146167","0,1565"
11,"0,088311","0,0595334","0,072","0,123259","0,0784167","0,101351","0,0970874","0,0321637","0,048","0,1","0,08","0,072","0,132609","0,0889423","0,066242","0,0649038","0,0803571","0,0805921","0,0694295","0,054902","0,0825","0,0774952","0,0519802","0,0728155","0,136711","0,0995935","0,0810364","0,0627558","0,0901099","0,0823529","0,083125","0,116333","0,137"
12,"0,135141","0,128319","0,1165","0,126575","0,14129","0,162162","0,150485","0,187135","0,164","0,1525","0,13","0,1165","0,132609","0,134615","0,150318","0,108173","0,178571","0,128289","0,118407","0,145098","0,1175","0,159549","0,128713","0,160194","0,188337","0,144309","0,15215","0,116644","0,127473","0,130588","0,11625","0,116333","0,125"
"12,1","0,0000286074",,,,"0,0000466766",,,,,,,,,,,,,,,,,"0,000239923",,,,,,,,,,,
13,"0,273401","0,213998","0,257","0,171899","0,324683","0,290541","0,313107","0,342105","0,329","0,35","0,345","0,257","0,352174","0,314904","0,33758","0,355769","0,292411","0,309211","0,314316","0,158824","0,325","0,319338","0,39604","0,334951","0,184512","0,341463","0,338479","0,252387","0,287912","0,357647","0,310312","0,172","0,165"
14,"0,208004","0,274739","0,272","0,165709","0,212145","0,191441","0,169903","0,216374","0,237","0,2125","0,2075","0,272","0,184783","0,204327","0,197452","0,216346","0,236607","0,213816","0,205597","0,311765","0,2125","0,195058","0,215347","0,235437","0,192161","0,254065","0,213892","0,248977","0,254945","0,225882","0,22","0,1665","0,1495"
15,"0,135771","0,18745","0,1655","0,185165","0,106143","0,103604","0,123786","0,114035","0,111","0,0975","0,085","0,1655","0,0565217","0,103365","0,0993631","0,134615","0,0825893","0,0986842","0,136706","0,223529","0,14","0,0918906","0,10396","0,0995146","0,200765","0,0752033","0,109702","0,162347","0,108791","0,0705882","0,126562","0,188833","0,166"
"15,3","0,0000286074",,,"0,000110546",,,,,,,,,,,,,,,,,,,,,,,,,,,,"0,000166667",
16,"0,0418812","0,0623492","0,0425","0,0728499","0,0263723","0,018018","0,0339806","0,0321637","0,023","0,02","0,02","0,0425","0,0152174","0,0360577","0,0261146","0,03125","0,0223214","0,0279605","0,0349839","0,0705882","0,0225","0,0263916","0,0123762","0,0121359","0,043021","0,0162602","0,0248071","0,0566166","0,0252747","0,0223529","0,0315625","0,0765","0,0775"
17,"0,0065797","0,00925181","0,008","0,0128233","0,00350075","0,00225225","0,00485437","0,00292398","0,002",,"0,005","0,008","0,0108696",,"0,0044586","0,00721154","0,00223214",,"0,00484392","0,0117647",,"0,00503839","0,00247525","0,00242718","0,00764818","0,00406504","0,00220507","0,00750341","0,0010989","0,00235294","0,003125","0,0131667","0,0145"
"17,1","0,0000286074","0,000402253",,,,,,,,,,,,,,,,,,"0,000980392",,,,,,,,,,,,,
18,"0,000915437","0,00160901",,"0,00210038","0,00042009",,,,,,"0,005",,"0,00652174",,,,"0,00223214",,,"0,00294118",,,,,,,,"0,000682128","0,0021978",,"0,0003125","0,00183333","0,004"
19,"0,0000572148","0,000402253",,"0,000110546",,,,,,,,,,,,,,,,,,,,,,,,"0,000682128",,,,,"0,0005"
D9S1122,,,,,,,,,,,,,,,,,,,,,,,,,,,,,,,,,
Allele,Entire Database,Asia,SAUDI ARABIA,,,,,,,,,,,,,,,,,,,,,,,,,,,,,,
,500,500,500,,,,,,,,,,,,,,,,,,,,,,,,,,,,,,
7,"0,001","0,001","0,001",,,,,,,,,,,,,,,,,,,,,,,,,,,,,,
9,"0,008","0,008","0,008",,,,,,,,,,,,,,,,,,,,,,,,,,,,,,
10,"0,054","0,054","0,054",,,,,,,,,,,,,,,,,,,,,,,,,,,,,,
11,"0,237","0,237","0,237",,,,,,,,,,,,,,,,,,,,,,,,,,,,,,
12,"0,405","0,405","0,405",,,,,,,,,,,,,,,,,,,,,,,,,,,,,,
13,"0,256","0,256","0,256",,,,,,,,,,,,,,,,,,,,,,,,,,,,,,
14,"0,031","0,031","0,031",,,,,,,,,,,,,,,,,,,,,,,,,,,,,,
15,"0,007","0,007","0,007",,,,,,,,,,,,,,,,,,,,,,,,,,,,,,
16,"0,001","0,001","0,001",,,,,,,,,,,,,,,,,,,,,,,,,,,,,,
D10S1248,,,,,,,,,,,,,,,,,,,,,,,,,,,,,,,,,
Allele,Entire Database,Africa,America,Asia,Europe,AUSTRIA,BELGIUM,BOSNIA AND HERZEGOWINA,CROATIA,CZECH REPUBLIC,DENMARK,DOMINICAN REPUBLIC,FINLAND,FRANCE,GERMANY,GREECE,HUNGARY,IRELAND,ITALY,KENYA,MONTENEGRO,NETHERLANDS,NORWAY,POLAND,SAUDI ARABIA,SLOVAKIA,SLOVENIA,SOUTH AFRICA,SPAIN,SWEDEN,SWITZERLAND,THAILAND,VIETNAM
,17478,1243,1000,4523,10712,222,206,171,500,200,200,1000,230,208,785,208,224,304,929,510,200,2084,202,206,523,247,907,733,454,425,1600,3000,1000
7,"0,00011443","0,000402253",,"0,000221092","0,0000466766",,,,,,,,,,,,,,,,,"0,000239923",,,,,,"0,000682128",,,,"0,000333333",
8,"0,000171644",,"0,0005","0,000331638","0,0000933532",,,,,,,"0,0005",,,"0,00127389",,,,,,,,,,,,,,,,,"0,0005",
9,"0,000944044","0,00241352","0,0015","0,00221092","0,000186706",,,,,,,"0,0015",,,,"0,00240385",,,"0,00107643","0,00588235",,,,,"0,0181644",,,,,,"0,0003125","0,000166667",
10,"0,000572148","0,00281577","0,0015","0,00055273","0,000233383",,,,,,,"0,0015",,,,,,,,"0,00196078",,"0,00071977",,,,,"0,00110254","0,00341064",,,,"0,000333333","0,0015"
11,"0,0065797","0,0442478","0,013","0,00386911","0,00275392","0,00225225",,"0,00292398","0,001","0,005",,"0,013","0,00217391","0,00240385","0,00636943",,"0,00223214",,"0,00376749","0,0637255",,"0,00263916","0,0049505","0,00242718","0,00860421",,"0,00330761","0,0306958","0,00330396","0,00705882","0,0015625","0,00383333","0,0015"
12,"0,042482","0,0949316","0,0885","0,046761","0,0302931","0,027027","0,0194175","0,0555556","0,034","0,0325","0,025","0,0885","0,0130435","0,0384615","0,0286624","0,0168269","0,015625","0,0328947","0,0236814","0,133333","0,02","0,0355086","0,029703","0,0242718","0,0372849","0,0303644","0,0248071","0,0682128","0,0440529","0,0270588","0,0334375","0,0431667","0,0625"
13,"0,285101","0,246581","0,2475","0,312072","0,281693","0,292793","0,274272","0,233918","0,245","0,2175","0,315","0,2475","0,317391","0,290865","0,292357","0,199519","0,167411","0,351974","0,261572","0,257843","0,2425","0,315979","0,319307","0,225728","0,167304","0,212551","0,245865","0,238745","0,305066","0,301176","0,296875","0,333833","0,3225"
14,"0,29437","0,288817","0,309","0,251603","0,311706","0,29955","0,342233","0,312865","0,28","0,2925","0,305","0,309","0,326087","0,266827","0,314013","0,362981","0,381696","0,302632","0,325081","0,280392","0,2575","0,307102","0,311881","0,368932","0,362333","0,321862","0,316428","0,294679","0,290749","0,309412","0,310312","0,228833","0,262"
15,"0,213783","0,173371","0,214","0,244528","0,205471","0,225225","0,194175","0,233918","0,238","0,215","0,1925","0,214","0,204348","0,228365","0,202548","0,230769","0,234375","0,134868","0,203445","0,156863","0,2575","0,196497","0,153465","0,225728","0,25717","0,242915","0,210033","0,184857","0,199339","0,207059","0,199375","0,247167","0,23"
16,"0,123241","0,11786","0,0995","0,106677","0,133075","0,130631","0,140777","0,108187","0,154","0,1875","0,1375","0,0995","0,0934783","0,134615","0,120382","0,132212","0,140625","0,146382","0,146932","0,0803922","0,1775","0,117322","0,136139","0,135922","0,105163","0,119433","0,164829","0,143929","0,134361","0,12","0,122813","0,111667","0,0925"
17,"0,0299519","0,0273532","0,024","0,0279682","0,0316468","0,0225225","0,0218447","0,0497076","0,045","0,05","0,02","0,024","0,0413043","0,0360577","0,033121","0,0552885","0,0513393","0,0279605","0,032831","0,0186275","0,0375","0,0203935","0,0321782","0,0145631","0,043021","0,0647773","0,0319735","0,0334243","0,0209251","0,0270588","0,03375","0,0276667","0,021"
18,"0,00251745","0,00120676","0,001","0,00320584","0,00252054",,"0,00728155","0,00292398","0,003",,"0,005","0,001","0,00217391","0,00240385","0,00127389",,"0,00446429","0,00164474","0,00161464","0,000980392","0,005","0,00335893","0,0123762",,"0,000956023","0,00809717","0,0016538","0,00136426","0,00220264","0,00117647","0,00125","0,0025","0,0065"
19,"0,000171644",,,,"0,00028006",,,,,,,,,,,,"0,00223214","0,00164474",,,"0,0025","0,000239923",,"0,00242718",,,,,,,"0,0003125",,
D10S2325,,,,,,,,,,,,,,,,,,,,,,,,,,,,,,,,,
Allele,Entire Database,Europe,ITALY,SWITZERLAND,,,,,,,,,,,,,,,,,,,,,,,,,,,,,
,2125,2125,929,1196,,,,,,,,,,,,,,,,,,,,,,,,,,,,,
5,"0,000235294","0,000235294",,"0,00041806",,,,,,,,,,,,,,,,,,,,,,,,,,,,,
6,"0,00211765","0,00211765","0,00376749","0,00083612",,,,,,,,,,,,,,,,,,,,,,,,,,,,,
7,"0,174824","0,174824","0,178149","0,172241",,,,,,,,,,,,,,,,,,,,,,,,,,,,,
8,"0,056","0,056","0,0511302","0,0597826",,,,,,,,,,,,,,,,,,,,,,,,,,,,,
9,"0,088","0,088","0,083423","0,0915552",,,,,,,,,,,,,,,,,,,,,,,,,,,,,
10,"0,141882","0,141882","0,151776","0,134197",,,,,,,,,,,,,,,,,,,,,,,,,,,,,
"10,2","0,000235294","0,000235294",,"0,00041806",,,,,,,,,,,,,,,,,,,,,,,,,,,,,
11,"0,163294","0,163294","0,177072","0,152592",,,,,,,,,,,,,,,,,,,,,,,,,,,,,
12,"0,166118","0,166118","0,159311","0,171405",,,,,,,,,,,,,,,,,,,,,,,,,,,,,
"12,2","0,000705882","0,000705882",,"0,00125418",,,,,,,,,,,,,,,,,,,,,,,,,,,,,
13,"0,116941","0,116941","0,0995694","0,130435",,,,,,,,,,,,,,,,,,,,,,,,,,,,,
"13,2","0,000235294","0,000235294",,"0,00041806",,,,,,,,,,,,,,,,,,,,,,,,,,,,,
14,"0,0590588","0,0590588","0,0678149","0,0522575",,,,,,,,,,,,,,,,,,,,,,,,,,,,,
15,"0,0232941","0,0232941","0,0204521","0,0255017",,,,,,,,,,,,,,,,,,,,,,,,,,,,,
16,"0,00541176","0,00541176","0,00645856","0,00459866",,,,,,,,,,,,,,,,,,,,,,,,,,,,,
17,"0,000941176","0,000941176","0,000538213","0,00125418",,,,,,,,,,,,,,,,,,,,,,,,,,,,,
18,"0,000470588","0,000470588","0,000538213","0,00041806",,,,,,,,,,,,,,,,,,,,,,,,,,,,,
20,"0,000235294","0,000235294",,"0,00041806",,,,,,,,,,,,,,,,,,,,,,,,,,,,,
D11S2368,,,,,,,,,,,,,,,,,,,,,,,,,,,,,,,,,
Allele,Entire Database,Asia,SAUDI ARABIA,,,,,,,,,,,,,,,,,,,,,,,,,,,,,,
,500,500,500,,,,,,,,,,,,,,,,,,,,,,,,,,,,,,
14,"0,001","0,001","0,001",,,,,,,,,,,,,,,,,,,,,,,,,,,,,,
15,"0,002","0,002","0,002",,,,,,,,,,,,,,,,,,,,,,,,,,,,,,
16,"0,016","0,016","0,016",,,,,,,,,,,,,,,,,,,,,,,,,,,,,,
17,"0,048","0,048","0,048",,,,,,,,,,,,,,,,,,,,,,,,,,,,,,
18,"0,143","0,143","0,143",,,,,,,,,,,,,,,,,,,,,,,,,,,,,,
19,"0,241","0,241","0,241",,,,,,,,,,,,,,,,,,,,,,,,,,,,,,
20,"0,266","0,266","0,266",,,,,,,,,,,,,,,,,,,,,,,,,,,,,,
21,"0,206","0,206","0,206",,,,,,,,,,,,,,,,,,,,,,,,,,,,,,
22,"0,059","0,059","0,059",,,,,,,,,,,,,,,,,,,,,,,,,,,,,,
23,"0,016","0,016","0,016",,,,,,,,,,,,,,,,,,,,,,,,,,,,,,
24,"0,002","0,002","0,002",,,,,,,,,,,,,,,,,,,,,,,,,,,,,,
D12S391,,,,,,,,,,,,,,,,,,,,,,,,,,,,,,,,,
Allele,Entire Database,Africa,America,Asia,Europe,AUSTRIA,BELGIUM,BOSNIA AND HERZEGOWINA,CROATIA,CZECH REPUBLIC,DENMARK,DOMINICAN REPUBLIC,FINLAND,FRANCE,GERMANY,GREECE,HUNGARY,IRELAND,ITALY,KENYA,MONTENEGRO,NETHERLANDS,NORWAY,POLAND,SAUDI ARABIA,SLOVAKIA,SLOVENIA,SOUTH AFRICA,SPAIN,SWEDEN,SWITZERLAND,THAILAND,VIETNAM
,17479,1243,1000,4523,10713,222,206,171,500,200,200,1000,230,208,785,208,224,304,929,510,200,2084,202,206,523,247,907,733,455,425,1600,3000,1000
13,"0,0000286058",,"0,0005",,,,,,,,,"0,0005",,,,,,,,,,,,,,,,,,,,,
14,"0,000457692","0,00241352","0,001","0,000331638","0,000233361",,,"0,00584795",,,,"0,001",,,,,"0,00223214",,,"0,00588235","0,0025","0,000239923",,,"0,00191205",,,,,,,"0,000166667",
15,"0,0373877","0,0711987","0,068","0,0122706","0,0412116","0,027027","0,0558252","0,0467836","0,033","0,035","0,0525","0,068","0,0673913","0,0552885","0,0401274","0,0384615","0,0379464","0,0246711","0,0446717","0,0941176","0,0375","0,0415067","0,0346535","0,0291262","0,0248566","0,0263158","0,0402426","0,0552524","0,043956","0,0517647","0,04125","0,00983333","0,013"
"15,1","0,0000572115",,"0,001",,,,,,,,,"0,001",,,,,,,,,,,,,,,,,,,,,
16,"0,0272041","0,0679807","0,048","0,00541676","0,0297302","0,0337838","0,026699","0,0321637","0,033","0,0125","0,035","0,048","0,0369565","0,0240385","0,0292994","0,0408654","0,0245536","0,0213816","0,022605","0,0970588","0,0325","0,037428","0,0321782","0,0291262","0,0114723","0,0161943","0,0330761","0,047749","0,0362637","0,0188235","0,0253125","0,00483333","0,004"
"16,3","0,0000858173",,,,"0,000140017",,,,,,,,,,"0,000636943",,,,,,,"0,000239923",,,,,"0,000551268",,,,,,
17,"0,10238","0,149236","0,126","0,0834623","0,102726","0,103604","0,0776699","0,0964912","0,083","0,105","0,125","0,126","0,130435","0,115385","0,0974522","0,0793269","0,118304","0,120066","0,103337","0,17451","0,0775","0,100528","0,121287","0,118932","0,109943","0,111336","0,0975744","0,131651","0,0879121","0,109412","0,109375","0,0851667","0,0645"
"17,1","0,000286058","0,000804505","0,004",,,,,,,,,"0,004",,,,,,,,"0,00196078",,,,,,,,,,,,,
"17,3","0,0129298","0,00643604","0,01","0,000663277","0,0191356","0,018018","0,0145631","0,0175439","0,011","0,015","0,02","0,01","0,023913","0,0288462","0,0146497","0,00961538","0,0133929","0,0180921","0,01507","0,000980392","0,0025","0,0227927","0,00742574","0,0121359",,"0,0222672","0,014333","0,0102319","0,0263736","0,0247059","0,02625","0,000666667","0,001"
18,"0,190915","0,235318","0,2375","0,185828","0,183562","0,202703","0,208738","0,184211","0,172","0,1775","0,1875","0,2375","0,241304","0,168269","0,189809","0,182692","0,174107","0,169408","0,18084","0,25098","0,215","0,175384","0,175743","0,17233","0,14914","0,216599","0,189085","0,22442","0,184615","0,189412","0,176875","0,191167","0,189"
"18,1","0,0000286058","0,000402253",,,,,,,,,,,,,,,,,,"0,000980392",,,,,,,,,,,,,
"18,2","0,0000286058",,,,"0,0000466723",,,,"0,001",,,,,,,,,,,,,,,,,,,,,,,,
"18,3","0,0141312","0,00120676","0,0155","0,000884369","0,0210959","0,0202703","0,0218447","0,0233918","0,018","0,0125","0,0175","0,0155","0,00434783","0,0192308","0,0178344","0,03125","0,0133929","0,0279605","0,032831",,"0,03","0,0220729","0,00990099","0,00728155","0,00382409","0,0161943","0,0104741","0,00204638","0,0516484","0,00823529","0,0215625","0,000333333","0,001"
19,"0,135505","0,135961","0,132","0,191687","0,11206","0,126126","0,133495","0,119883","0,134","0,1125","0,1025","0,132","0,158696","0,117788","0,103822","0,105769","0,111607","0,101974","0,114639","0,137255","0,1175","0,103167","0,116337","0,118932","0,132887","0,11336","0,106395","0,135061","0,123077","0,109412","0,10875","0,1975","0,205"
"19,1","0,000486298","0,00402253","0,0035",,,,,,,,,"0,0035",,,,,,,,"0,00490196",,,,,,,,"0,00341064",,,,,
"19,2","0,000143029","0,000402253",,"0,000221092","0,0000933445",,,,,,,,,,,,,,"0,00107643",,,,,,,,,"0,000682128",,,,"0,000333333",
"19,3","0,00715144","0,00160901","0,006","0,000773823","0,0105946","0,0045045","0,0218447","0,0204678","0,01","0,0025","0,01","0,006","0,00434783","0,00961538","0,00764331","0,0192308","0,0111607","0,00657895","0,0134553",,"0,0225","0,00983685","0,0049505","0,0121359","0,00478011","0,00404858","0,00882029","0,00272851","0,0230769","0,00235294","0,01125","0,000166667","0,0005"
20,"0,130499","0,0957361","0,1245","0,168693","0,118968","0,108108","0,0970874","0,116959","0,13","0,1175","0,1275","0,1245","0,0956522","0,110577","0,130573","0,0961538","0,15625","0,121711","0,115716","0,0696078","0,0975","0,120681","0,0965347","0,128641","0,100382","0,123482","0,121279","0,113915","0,10989","0,114118","0,120938","0,175167","0,185"
"20,2","0,0000572115",,,,"0,0000933445",,,,,,,,,,,,,,,,,"0,000239923",,,,"0,00202429",,,,,,,
"20,3","0,000972596",,"0,0005",,"0,00154018","0,00225225",,,"0,004","0,0025","0,0025","0,0005",,,"0,00382166",,,,"0,000538213",,"0,005","0,000479846",,"0,00485437",,,"0,00275634",,,,"0,0025",,
21,"0,114023","0,076428","0,077","0,123701","0,117754","0,130631","0,126214","0,114035","0,111","0,145","0,0975","0,077","0,0543478","0,129808","0,107643","0,115385","0,111607","0,131579","0,127018","0,054902","0,09","0,130998","0,0717822","0,131068","0,0889101","0,107287","0,114664","0,0914052","0,0857143","0,116471","0,125312","0,1275","0,1305"
"21,3","0,000171635",,,,"0,000280034",,,,,"0,0025",,,,,,"0,00240385",,,,,,,,,,"0,00202429","0,000551268",,"0,0010989",,"0,0003125",,
22,"0,100606","0,0502816","0,075","0,106124","0,106506","0,0900901","0,0849515","0,102339","0,132","0,1025","0,0775","0,075","0,0673913","0,09375","0,113376","0,112981","0,109375","0,125","0,104952","0,0313725","0,1125","0,101248","0,126238","0,116505","0,123327","0,111336","0,12624","0,0634379","0,0945055","0,116471","0,099375","0,1035","0,105"
"22,3","0,000114423",,,,"0,000186689",,,,,,,,,"0,00240385",,,"0,00223214",,"0,000538213",,,,,,,,,,,,"0,0003125",,
23,"0,0759197","0,0530973","0,042","0,0717444","0,0834967","0,0990991","0,0582524","0,0818713","0,078","0,1075","0,0725","0,042","0,0869565","0,0889423","0,0910828","0,108173","0,0714286","0,0625","0,0721206","0,0441176","0,095","0,075096","0,118812","0,0533981","0,139579","0,105263","0,0981257","0,0593452","0,0868132","0,0882353","0,0840625","0,063","0,0625"
24,"0,0294353","0,0269509","0,0125","0,0258678","0,0328106","0,018018","0,0509709","0,0263158","0,033","0,0375","0,05","0,0125","0,0195652","0,0120192","0,0363057","0,03125","0,03125","0,0460526","0,0344456","0,0147059","0,03","0,0369482","0,0544554","0,038835","0,0573614","0,0161943","0,022602","0,0354707","0,0252747","0,0376471","0,0309375","0,0226667","0,019"
"24,2","0,0000286058","0,000402253",,,,,,,,,,,,,,,,,,"0,000980392",,,,,,,,,,,,,
25,"0,0142171","0,0116653","0,011","0,0169136","0,013675","0,0157658","0,0194175","0,00584795","0,012","0,0125","0,015","0,011","0,00652174","0,0192308","0,0133758","0,0240385","0,00669643","0,0164474","0,0134553","0,00980392","0,0275","0,015595","0,0222772","0,0194175","0,041109","0,00404858","0,0115766","0,0129604","0,0164835","0,00823529","0,0109375","0,0131667","0,0155"
"25,2","0,0000286058","0,000402253",,,,,,,,,,,,,,,,,,"0,000980392",,,,,,,,,,,,,
26,"0,00357572","0,00563154","0,0035","0,00420075","0,00308037",,"0,00242718","0,00292398","0,005",,"0,005","0,0035",,"0,00480769","0,00191083","0,00240385","0,00223214","0,00328947","0,00269107","0,00392157","0,005","0,00359885","0,00742574","0,00485437","0,00669216","0,00202429","0,0016538","0,00682128","0,0021978","0,00352941","0,00375","0,00383333","0,004"
27,"0,00102981","0,00241352","0,001","0,00121601","0,000793429",,,"0,00292398",,,,"0,001","0,00217391",,"0,000636943",,"0,00223214","0,00328947",,"0,000980392",,"0,00143954",,"0,00242718","0,00382409",,,"0,00341064","0,0010989","0,00117647","0,000625","0,001","0,0005"
28,"0,0000858173",,,,"0,000140017",,,,,,"0,0025",,,,,,,,,,,"0,000239923",,,,,,,,,"0,0003125",,
29,"0,0000286058",,,,"0,0000466723",,,,,,,,,,,,,,,,,"0,000239923",,,,,,,,,,,
D13S317,,,,,,,,,,,,,,,,,,,,,,,,,,,,,,,,,
Allele,Entire Database,Africa,America,Asia,Europe,CROATIA,DOMINICAN REPUBLIC,GERMANY,ITALY,KENYA,NETHERLANDS,SAUDI ARABIA,SLOVENIA,SOUTH AFRICA,SWITZERLAND,THAILAND,VIETNAM,,,,,,,,,,,,,,,,
,12796,1243,1000,4523,6030,500,1000,619,929,510,2084,523,700,733,1198,3000,1000,,,,,,,,,,,,,,,,
6,"0,000195374",,,"0,000442184","0,0000829187",,,,"0,000538213",,,,,,,"0,000666667",,,,,,,,,,,,,,,,,
7,"0,00132854","0,000804505",,"0,00265311","0,00066335",,,"0,000807754",,,"0,00143954","0,000956023",,"0,00136426","0,000417362","0,0035","0,001",,,,,,,,,,,,,,,,
8,"0,17314","0,0792438","0,0715","0,292616","0,119735","0,11","0,0715","0,126817","0,127018","0,0431373","0,109645","0,105163","0,127857","0,104366","0,127295","0,319333","0,3105",,,,,,,,,,,,,,,,
9,"0,0892857","0,0410298","0,057","0,123369","0,0790216","0,088","0,057","0,0799677","0,080732","0,022549","0,0741363","0,0325048","0,0935714","0,0538881","0,0734558","0,1325","0,1435",,,,,,,,,,,,,,,,
10,"0,0802595","0,041432","0,0355","0,124364","0,0626036","0,053","0,0355","0,0613893","0,0635091","0,0303922","0,0659789","0,0621415","0,0585714","0,0491132","0,0630217","0,132667","0,132",,,,,,,,,,,,,,,,
"10,1","0,0000781494",,,,"0,000165837",,,,,,,,,,"0,000834725",,,,,,,,,,,,,,,,,,
11,"0,276805","0,298471","0,254","0,227393","0,313184","0,367","0,254","0,324717","0,296017","0,292157","0,296545","0,255258","0,355","0,302865","0,302588","0,226667","0,215",,,,,,,,,,,,,,,,
"11,3","0,0000390747","0,000402253",,,,,,,,"0,000980392",,,,,,,,,,,,,,,,,,,,,,,
12,"0,2559","0,343121","0,3885","0,16405","0,284826","0,276","0,3885","0,279483","0,291712","0,393137","0,293906","0,3413","0,24","0,308322","0,296327","0,137833","0,15",,,,,,,,,,,,,,,,
13,"0,0879572","0,134352","0,1305","0,0496352","0,100083","0,068","0,1305","0,095315","0,103875","0,152941","0,112044","0,147228","0,0935714","0,121419","0,0959933","0,036","0,0395",,,,,,,,,,,,,,,,
14,"0,0341513","0,0595334","0,063","0,0148132","0,0386401","0,036","0,063","0,0315024","0,0344456","0,0637255","0,0455854","0,0544933","0,0307143","0,0566166","0,0392321","0,01","0,0085",,,,,,,,,,,,,,,,
15,"0,000781494","0,00120676",,"0,000663277","0,000912106","0,002",,,"0,00161464","0,000980392","0,00071977","0,000956023","0,000714286","0,00136426","0,000834725","0,000833333",,,,,,,,,,,,,,,,,
16,"0,0000781494","0,000402253",,,"0,0000829187",,,,"0,000538213",,,,,"0,000682128",,,,,,,,,,,,,,,,,,,
D13S325,,,,,,,,,,,,,,,,,,,,,,,,,,,,,,,,,
Allele,Entire Database,Asia,SAUDI ARABIA,,,,,,,,,,,,,,,,,,,,,,,,,,,,,,
,500,500,500,,,,,,,,,,,,,,,,,,,,,,,,,,,,,,
16,"0,004","0,004","0,004",,,,,,,,,,,,,,,,,,,,,,,,,,,,,,
17,"0,012","0,012","0,012",,,,,,,,,,,,,,,,,,,,,,,,,,,,,,
18,"0,045","0,045","0,045",,,,,,,,,,,,,,,,,,,,,,,,,,,,,,
19,"0,167","0,167","0,167",,,,,,,,,,,,,,,,,,,,,,,,,,,,,,
20,"0,308","0,308","0,308",,,,,,,,,,,,,,,,,,,,,,,,,,,,,,
21,"0,231","0,231","0,231",,,,,,,,,,,,,,,,,,,,,,,,,,,,,,
22,"0,141","0,141","0,141",,,,,,,,,,,,,,,,,,,,,,,,,,,,,,
23,"0,071","0,071","0,071",,,,,,,,,,,,,,,,,,,,,,,,,,,,,,
24,"0,017","0,017","0,017",,,,,,,,,,,,,,,,,,,,,,,,,,,,,,
25,"0,001","0,001","0,001",,,,,,,,,,,,,,,,,,,,,,,,,,,,,,
"26,3","0,002","0,002","0,002",,,,,,,,,,,,,,,,,,,,,,,,,,,,,,
"27,3","0,001","0,001","0,001",,,,,,,,,,,,,,,,,,,,,,,,,,,,,,
D14S1434,,,,,,,,,,,,,,,,,,,,,,,,,,,,,,,,,
Allele,Entire Database,Asia,SAUDI ARABIA,,,,,,,,,,,,,,,,,,,,,,,,,,,,,,
,500,500,500,,,,,,,,,,,,,,,,,,,,,,,,,,,,,,
9,"0,001","0,001","0,001",,,,,,,,,,,,,,,,,,,,,,,,,,,,,,
10,"0,29","0,29","0,29",,,,,,,,,,,,,,,,,,,,,,,,,,,,,,
11,"0,036","0,036","0,036",,,,,,,,,,,,,,,,,,,,,,,,,,,,,,
12,"0,018","0,018","0,018",,,,,,,,,,,,,,,,,,,,,,,,,,,,,,
13,"0,261","0,261","0,261",,,,,,,,,,,,,,,,,,,,,,,,,,,,,,
14,"0,384","0,384","0,384",,,,,,,,,,,,,,,,,,,,,,,,,,,,,,
15,"0,006","0,006","0,006",,,,,,,,,,,,,,,,,,,,,,,,,,,,,,
16,"0,004","0,004","0,004",,,,,,,,,,,,,,,,,,,,,,,,,,,,,,
D15S659,,,,,,,,,,,,,,,,,,,,,,,,,,,,,,,,,
Allele,Entire Database,Asia,SAUDI ARABIA,,,,,,,,,,,,,,,,,,,,,,,,,,,,,,
,500,500,500,,,,,,,,,,,,,,,,,,,,,,,,,,,,,,
6,"0,001","0,001","0,001",,,,,,,,,,,,,,,,,,,,,,,,,,,,,,
7,"0,003","0,003","0,003",,,,,,,,,,,,,,,,,,,,,,,,,,,,,,
9,"0,006","0,006","0,006",,,,,,,,,,,,,,,,,,,,,,,,,,,,,,
10,"0,037","0,037","0,037",,,,,,,,,,,,,,,,,,,,,,,,,,,,,,
11,"0,222","0,222","0,222",,,,,,,,,,,,,,,,,,,,,,,,,,,,,,
12,"0,163","0,163","0,163",,,,,,,,,,,,,,,,,,,,,,,,,,,,,,
13,"0,059","0,059","0,059",,,,,,,,,,,,,,,,,,,,,,,,,,,,,,
14,"0,037","0,037","0,037",,,,,,,,,,,,,,,,,,,,,,,,,,,,,,
15,"0,207","0,207","0,207",,,,,,,,,,,,,,,,,,,,,,,,,,,,,,
16,"0,18","0,18","0,18",,,,,,,,,,,,,,,,,,,,,,,,,,,,,,
17,"0,061","0,061","0,061",,,,,,,,,,,,,,,,,,,,,,,,,,,,,,
18,"0,021","0,021","0,021",,,,,,,,,,,,,,,,,,,,,,,,,,,,,,
19,"0,003","0,003","0,003",,,,,,,,,,,,,,,,,,,,,,,,,,,,,,
D16S539,,,,,,,,,,,,,,,,,,,,,,,,,,,,,,,,,
Allele,Entire Database,Africa,America,Asia,Europe,AUSTRIA,BELGIUM,BOSNIA AND HERZEGOWINA,CROATIA,CZECH REPUBLIC,DENMARK,DOMINICAN REPUBLIC,FINLAND,FRANCE,GERMANY,GREECE,HUNGARY,IRELAND,ITALY,KENYA,MONTENEGRO,NETHERLANDS,NORWAY,POLAND,SAUDI ARABIA,SLOVAKIA,SLOVENIA,SOUTH AFRICA,SPAIN,SWEDEN,SWITZERLAND,THAILAND,VIETNAM
,17478,1243,1000,4523,10712,222,206,171,500,200,200,1000,230,208,785,208,224,304,929,510,200,2084,202,206,523,247,907,733,454,425,1600,3000,1000
5,"0,0000286074",,"0,0005",,,,,,,,,"0,0005",,,,,,,,,,,,,,,,,,,,,
6,"0,0000286074",,,,"0,0000466766",,,,,,,,,,,,,,,,,,"0,00247525",,,,,,,,,,
7,"0,0000286074",,,,"0,0000466766",,,,,,,,,,,,,,,,,"0,000239923",,,,,,,,,,,
8,"0,0177938","0,0341915","0,03","0,0118284","0,0172704","0,00900901","0,026699","0,00292398","0,016","0,0075","0,01","0,03","0,00217391","0,0168269","0,0203822","0,03125","0,0223214","0,0115132","0,025296","0,0313725","0,01","0,0167946","0,00990099","0,00485437","0,0305927","0,00809717","0,014333","0,0361528","0,0209251","0,00941176","0,0240625","0,011","0,0045"
9,"0,145125","0,181014","0,2075","0,185939","0,117905","0,0810811","0,0898058","0,0760234","0,116","0,1","0,1325","0,2075","0,106522","0,122596","0,119745","0,122596","0,100446","0,09375","0,131862","0,210784","0,115","0,129319","0,141089","0,065534","0,112811","0,137652","0,118523","0,1603","0,0991189","0,12","0,12125","0,188","0,218"
10,"0,0792139","0,104586","0,097","0,120164","0,0573189","0,0427928","0,0509709","0,0672515","0,048","0,07","0,0525","0,097","0,073913","0,0384615","0,0464968","0,0697115","0,0491071","0,0723684","0,0543595","0,0990196","0,05","0,0652591","0,0371287","0,0315534","0,128107","0,0728745","0,0584344","0,108458","0,0473568","0,0411765","0,0653125","0,121833","0,111"
11,"0,301293","0,303701","0,2935","0,2935","0,305032","0,292793","0,332524","0,312865","0,284","0,2925","0,3025","0,2935","0,297826","0,317308","0,287261","0,307692","0,296875","0,320724","0,318084","0,289216","0,31","0,321737","0,294554","0,276699","0,359465","0,285425","0,27839","0,313779","0,300661","0,3","0,3125","0,283667","0,2885"
12,"0,277349","0,224859","0,221","0,258125","0,296817","0,34009","0,271845","0,356725","0,329","0,3225","0,2725","0,221","0,332609","0,300481","0,307643","0,293269","0,305804","0,297697","0,2831","0,232353","0,2925","0,264395","0,294554","0,354369","0,212237","0,287449","0,329658","0,219645","0,313877","0,316471","0,281875","0,267","0,2555"
"12,1","0,0000286074",,,,"0,0000466766",,"0,00242718",,,,,,,,,,,,,,,,,,,,,,,,,,
"12,2","0,0000286074",,,,"0,0000466766",,,,,,,,,,,,,,,,,,,,,,,,"0,00110132",,,,
13,"0,154423","0,131134","0,1285","0,112204","0,177371","0,207207","0,199029","0,163743","0,173","0,1825","0,2","0,1285","0,16087","0,1875","0,188535","0,151442","0,183036","0,169408","0,163079","0,128431","0,1825","0,179223","0,178218","0,218447","0,136711","0,180162","0,172547","0,133015","0,190529","0,175294","0,168437","0,111333","0,102"
"13,3","0,0000286074",,,"0,000110546",,,,,,,,,,,,,,,,,,,,,"0,000956023",,,,,,,,
14,"0,0233722","0,0197104","0,0215","0,0171346","0,0266057","0,027027","0,0242718","0,0204678","0,031","0,0225","0,03","0,0215","0,026087","0,0120192","0,0280255","0,0240385","0,0424107","0,0345395","0,022605","0,00784314","0,04","0,0225528","0,039604","0,0436893","0,0172084","0,0283401","0,0242558","0,0279673","0,0231278","0,0352941","0,0259375","0,0165","0,019"
15,"0,00120151","0,000804505","0,0005","0,000994915","0,0014003",,"0,00242718",,"0,003","0,0025",,"0,0005",,"0,00480769","0,00191083",,,,"0,00161464","0,000980392",,"0,000239923","0,00247525","0,00485437","0,00191205",,"0,00385888","0,000682128","0,00330396","0,00235294","0,0003125","0,000666667","0,0015"
16,"0,0000572148",,,,"0,0000933532",,,,,,,,,,,,,,,,,"0,000239923",,,,,,,,,"0,0003125",,
D17S1301,,,,,,,,,,,,,,,,,,,,,,,,,,,,,,,,,
Allele,Entire Database,Asia,SAUDI ARABIA,,,,,,,,,,,,,,,,,,,,,,,,,,,,,,
,500,500,500,,,,,,,,,,,,,,,,,,,,,,,,,,,,,,
9,"0,001","0,001","0,001",,,,,,,,,,,,,,,,,,,,,,,,,,,,,,
10,"0,042","0,042","0,042",,,,,,,,,,,,,,,,,,,,,,,,,,,,,,
11,"0,292","0,292","0,292",,,,,,,,,,,,,,,,,,,,,,,,,,,,,,
12,"0,449","0,449","0,449",,,,,,,,,,,,,,,,,,,,,,,,,,,,,,
13,"0,188","0,188","0,188",,,,,,,,,,,,,,,,,,,,,,,,,,,,,,
14,"0,023","0,023","0,023",,,,,,,,,,,,,,,,,,,,,,,,,,,,,,
15,"0,005","0,005","0,005",,,,,,,,,,,,,,,,,,,,,,,,,,,,,,
D18S51,,,,,,,,,,,,,,,,,,,,,,,,,,,,,,,,,
Allele,Entire Database,Africa,America,Asia,Europe,AUSTRIA,BELGIUM,BOSNIA AND HERZEGOWINA,CROATIA,CZECH REPUBLIC,DENMARK,DOMINICAN REPUBLIC,FINLAND,FRANCE,GERMANY,GREECE,HUNGARY,IRELAND,ITALY,KENYA,MONTENEGRO,NETHERLANDS,NORWAY,POLAND,SAUDI ARABIA,SLOVAKIA,SLOVENIA,SOUTH AFRICA,SPAIN,SWEDEN,SWITZERLAND,THAILAND,VIETNAM
,17476,1243,1000,4523,10710,221,206,171,500,200,200,1000,230,208,785,208,224,304,929,510,200,2084,202,206,523,247,907,733,453,425,1600,3000,1000
9,"0,000572213","0,000804505","0,0005","0,000221092","0,00070028",,"0,00242718","0,00292398",,,,"0,0005",,,,,,"0,00164474","0,000538213",,"0,0075","0,000959693","0,00247525",,,,"0,000551268","0,00136426","0,00220751",,,"0,000166667","0,0005"
10,"0,00655184","0,00683829","0,006","0,00165819","0,00863679","0,00226244","0,0121359","0,00584795","0,006","0,0075",,"0,006","0,00869565","0,00961538","0,0127389","0,0144231","0,00223214","0,0148026","0,0107643","0,00294118","0,0075","0,00791747","0,0123762","0,00728155","0,000956023","0,00809717","0,0137817","0,0095498","0,00441501","0,0105882","0,005625","0,00166667","0,002"
"10,2","0,000314717","0,00402253","0,0005",,,,,,,,,"0,0005",,,,,,,,"0,00196078",,,,,,,,"0,00545703",,,,,
11,"0,0108434","0,00884956","0,013","0,00784877","0,0121382","0,020362","0,00970874","0,00292398","0,015","0,0075","0,01","0,013","0,00217391","0,0120192","0,0121019","0,0168269","0,015625","0,0115132","0,01507","0,00196078","0,005","0,0139155","0,00742574","0,00970874","0,0210325","0,0101215","0,00771775","0,0136426","0,00551876","0,00352941","0,0175","0,00583333","0,007"
12,"0,114157","0,081255","0,0985","0,0683175","0,138796","0,124434","0,148058","0,102339","0,113","0,0925","0,13","0,0985","0,104348","0,144231","0,134395","0,129808","0,107143","0,143092","0,159311","0,054902","0,115","0,15715","0,143564","0,0946602","0,144359","0,0991903","0,120728","0,0995907","0,160044","0,137647","0,1525","0,059","0,0565"
"12,2","0,0000572213",,"0,001",,,,,,,,,"0,001",,,,,,,,,,,,,,,,,,,,,
13,"0,128891","0,0711987","0,0675","0,141941","0,135808","0,142534","0,152913","0,128655","0,129","0,1075","0,1425","0,0675","0,141304","0,129808","0,146497","0,165865","0,149554","0,121711","0,130786","0,0431373","0,1175","0,137956","0,136139","0,11165","0,210325","0,119433","0,112459","0,0907231","0,13245","0,121176","0,155938","0,130833","0,1395"
"13,2","0,000400549","0,00241352","0,004",,,,,,,,,"0,004",,,,,,,,"0,00392157",,,,,,,,"0,00136426",,,,,
14,"0,162108","0,10539","0,1035","0,176542","0,168067","0,156109","0,162621","0,163743","0,169","0,1575","0,18","0,1035","0,226087","0,165865","0,141401","0,168269","0,169643","0,169408","0,182454","0,054902","0,185","0,164827","0,168317","0,148058","0,122371","0,161943","0,168137","0,140518","0,169978","0,198824","0,163438","0,178","0,2005"
"14,1","0,0000286107",,,"0,000110546",,,,,,,,,,,,,,,,,,,,,,,,,,,,"0,000166667",
"14,2","0,000171664","0,000402253","0,0025",,,,,,,,,"0,0025",,,,,,,,"0,000980392",,,,,,,,,,,,,
15,"0,164454","0,138375","0,163","0,223745","0,142577","0,128959","0,145631","0,166667","0,143","0,155","0,1325","0,163","0,178261","0,146635","0,146497","0,112981","0,116071","0,161184","0,148009","0,126471","0,135","0,142514","0,160891","0,167476","0,118547","0,131579","0,138368","0,146658","0,160044","0,138824","0,13","0,246833","0,2095"
"15,1","0,0000286107",,,"0,000110546",,,,,,,,,,,,,,,,,,,,,,,,,,,,,"0,0005"
"15,2","0,000629435","0,00563154","0,002","0,000331638","0,0000466853",,,,,,,"0,002",,,,,,,"0,000538213","0,00490196",,,,,"0,00286807",,,"0,00613915",,,,,
16,"0,14457","0,154465","0,1695","0,161839","0,1338","0,142534","0,101942","0,154971","0,165","0,175","0,1475","0,1695","0,108696","0,139423","0,140127","0,137019","0,113839","0,148026","0,121098","0,17451","0,185","0,123321","0,0990099","0,184466","0,117591","0,192308","0,16097","0,140518","0,13245","0,117647","0,11","0,169","0,1635"
"16,2","0,000371939","0,00241352",,"0,000663277","0,0000466853",,,,,,,,,,,,,,,"0,00588235",,,,,"0,00573614","0,00202429",,,,,,,
"16,3","0,0000286107","0,000402253",,,,,,,,,,,,,,,,,,,,,,,,,,"0,000682128",,,,,
17,"0,104915","0,138777","0,1415","0,0808092","0,10775","0,133484","0,121359","0,0935673","0,099","0,1475","0,1225","0,1415","0,0608696","0,0985577","0,120382","0,0865385","0,118304","0,0970395","0,10226","0,171569","0,0975","0,107486","0,113861","0,109223","0,0936902","0,117409","0,110254","0,115962","0,093819","0,105882","0,110312","0,08","0,0765"
"17,2","0,000200275","0,00201126",,"0,000221092",,,,,,,,,,,,,,,,"0,00490196",,,,,"0,00191205",,,,,,,,
18,"0,0671778","0,104586","0,0835","0,0456555","0,0704015","0,0678733","0,0825243","0,0672515","0,076","0,07","0,0625","0,0835","0,0673913","0,0769231","0,0694268","0,0552885","0,0825893","0,0674342","0,0592034","0,133333","0,0575","0,071737","0,0544554","0,104369","0,0726577","0,0688259","0,0931643","0,0845839","0,0496689","0,0717647","0,0665625","0,042","0,0425"
"18,2","0,0000286107","0,000402253",,,,,,,,,,,,,,,,,,"0,000980392",,,,,,,,,,,,,
19,"0,0459773","0,0997586","0,075","0,0340482","0,0420635","0,0452489","0,0412621","0,0643275","0,041","0,035","0,04","0,075","0,0630435","0,0456731","0,0407643","0,0673077","0,0535714","0,0328947","0,0382131","0,128431","0,035","0,0367083","0,0792079","0,0291262","0,041109","0,0445344","0,0286659","0,079809","0,0452539","0,0470588","0,046875","0,0321667","0,036"
"19,2","0,0000572213",,,,"0,0000933707",,,,"0,002",,,,,,,,,,,,,,,,,,,,,,,,
20,"0,0238327","0,0474658","0,0375","0,0222198","0,0204949","0,0158371","0,0145631","0,0233918","0,017","0,0275","0,0225","0,0375","0,0304348","0,0144231","0,0197452","0,0120192","0,0446429","0,0148026","0,0123789","0,0558824","0,02","0,0196737","0,0049505","0,0218447","0,0258126","0,0283401","0,0214994","0,0416098","0,0253863","0,0223529","0,0240625","0,022","0,021"
"20,1","0,0000286107",,,,"0,0000466853",,,,,,,,,,,,,,"0,000538213",,,,,,,,,,,,,,
21,"0,0123598","0,0148833","0,017","0,0147026","0,0106443","0,0135747","0,00485437","0,0116959","0,016","0,01","0,0025","0,017","0,00869565","0,0144231","0,00828025","0,0192308","0,015625","0,0115132","0,00861141","0,0196078","0,03","0,00911708","0,00742574","0,00242718","0,00764818","0,00809717","0,0121279","0,0115962","0,0121413","0,0152941","0,009375","0,0135","0,022"
"21,2","0,0000572213","0,000402253","0,0005",,,,,,,,,"0,0005",,,,,,,,,,,,,,,,"0,000682128",,,,,
22,"0,0077821","0,00804505","0,011","0,011939","0,00569561","0,00678733",,"0,00877193","0,007","0,0075","0,0075","0,011",,"0,00240385","0,00509554","0,0144231","0,00892857","0,00493421","0,00753498","0,00882353","0,0025","0,00431862","0,00742574","0,00728155","0,00860421","0,00607287","0,00826902","0,00750341","0,00441501","0,00588235","0,0046875","0,012","0,0135"
"22,1","0,0000286107",,,,"0,0000466853",,,,,,,,,,,,,,,,,,,,,,,,,,"0,0003125",,
23,"0,00180247","0,00120676","0,002","0,00342693","0,00116713",,,"0,00292398","0,001",,,"0,002",,,"0,00254777",,,,"0,00215285",,,"0,000959693",,"0,00242718","0,00382409",,"0,0016538","0,00204638",,"0,00235294","0,0015625","0,0035","0,003"
24,"0,00117304",,"0,0005","0,00243201","0,000840336",,,,"0,001",,,"0,0005",,,,,,,,,,"0,00143954","0,00247525",,"0,000956023","0,00202429","0,00110254",,"0,00220751","0,00117647","0,00125","0,002","0,0045"
25,"0,000343328",,,"0,000994915","0,000140056",,,,,,,,,,,,"0,00223214",,"0,000538213",,,,,,,,"0,000551268",,,,,"0,001","0,0015"
26,"0,0000572213",,,"0,000221092",,,,,,,,,,,,,,,,,,,,,,,,,,,,"0,000333333",
D18S1364,,,,,,,,,,,,,,,,,,,,,,,,,,,,,,,,,
Allele,Entire Database,Asia,SAUDI ARABIA,,,,,,,,,,,,,,,,,,,,,,,,,,,,,,
,500,500,500,,,,,,,,,,,,,,,,,,,,,,,,,,,,,,
11,"0,001","0,001","0,001",,,,,,,,,,,,,,,,,,,,,,,,,,,,,,
12,"0,045","0,045","0,045",,,,,,,,,,,,,,,,,,,,,,,,,,,,,,
13,"0,247","0,247","0,247",,,,,,,,,,,,,,,,,,,,,,,,,,,,,,
14,"0,142","0,142","0,142",,,,,,,,,,,,,,,,,,,,,,,,,,,,,,
15,"0,185","0,185","0,185",,,,,,,,,,,,,,,,,,,,,,,,,,,,,,
16,"0,126","0,126","0,126",,,,,,,,,,,,,,,,,,,,,,,,,,,,,,
17,"0,043","0,043","0,043",,,,,,,,,,,,,,,,,,,,,,,,,,,,,,
18,"0,143","0,143","0,143",,,,,,,,,,,,,,,,,,,,,,,,,,,,,,
19,"0,062","0,062","0,062",,,,,,,,,,,,,,,,,,,,,,,,,,,,,,
20,"0,006","0,006","0,006",,,,,,,,,,,,,,,,,,,,,,,,,,,,,,
D19S253,,,,,,,,,,,,,,,,,,,,,,,,,,,,,,,,,
Allele,Entire Database,Asia,SAUDI ARABIA,,,,,,,,,,,,,,,,,,,,,,,,,,,,,,
,500,500,500,,,,,,,,,,,,,,,,,,,,,,,,,,,,,,
6,"0,004","0,004","0,004",,,,,,,,,,,,,,,,,,,,,,,,,,,,,,
7,"0,222","0,222","0,222",,,,,,,,,,,,,,,,,,,,,,,,,,,,,,
8,"0,018","0,018","0,018",,,,,,,,,,,,,,,,,,,,,,,,,,,,,,
9,"0,009","0,009","0,009",,,,,,,,,,,,,,,,,,,,,,,,,,,,,,
10,"0,018","0,018","0,018",,,,,,,,,,,,,,,,,,,,,,,,,,,,,,
11,"0,147","0,147","0,147",,,,,,,,,,,,,,,,,,,,,,,,,,,,,,
12,"0,353","0,353","0,353",,,,,,,,,,,,,,,,,,,,,,,,,,,,,,
13,"0,16","0,16","0,16",,,,,,,,,,,,,,,,,,,,,,,,,,,,,,
14,"0,061","0,061","0,061",,,,,,,,,,,,,,,,,,,,,,,,,,,,,,
15,"0,007","0,007","0,007",,,,,,,,,,,,,,,,,,,,,,,,,,,,,,
16,"0,001","0,001","0,001",,,,,,,,,,,,,,,,,,,,,,,,,,,,,,
D19S433,,,,,,,,,,,,,,,,,,,,,,,,,,,,,,,,,
Allele,Entire Database,Africa,America,Asia,Europe,AUSTRIA,BELGIUM,BOSNIA AND HERZEGOWINA,CROATIA,CZECH REPUBLIC,DENMARK,DOMINICAN REPUBLIC,FINLAND,FRANCE,GERMANY,GREECE,HUNGARY,IRELAND,ITALY,KENYA,MONTENEGRO,NETHERLANDS,NORWAY,POLAND,SAUDI ARABIA,SLOVAKIA,SLOVENIA,SOUTH AFRICA,SPAIN,SWEDEN,SWITZERLAND,THAILAND,VIETNAM
,17478,1243,1000,4523,10712,222,206,171,500,200,200,1000,230,207,785,208,224,304,929,510,200,2084,202,206,523,247,907,733,455,425,1600,3000,1000
"6,2","0,0000858222","0,000804505",,,"0,0000466766",,,,,,,,,,,,,,,,,,,,,,,"0,00136426",,,"0,0003125",,
7,"0,00065797","0,00925181",,,,,,,,,,,,,,,,,,,,,,,,,,"0,0156889",,,,,
8,"0,000143037","0,00201126",,,,,,,,,,,,,,,,,,,,,,,,,,"0,00341064",,,,,
9,"0,0019453","0,00120676",,"0,0071855",,,,,,,,,,,,,,,,"0,00294118",,,,,,,,,,,,"0,0055","0,016"
10,"0,00137315","0,00804505","0,006","0,000331638","0,000606796","0,00225225",,,,,,"0,006",,"0,00241546",,,,"0,00164474","0,00161464","0,0127451",,"0,000479846",,,"0,000956023",,"0,000551268","0,0047749","0,0021978",,"0,000625","0,000333333",
"10,2","0,0000572148","0,000402253",,,"0,0000466766",,,,,,,,,,,,,,,"0,000980392",,,,,,,,,"0,0010989",,,,
11,"0,0092688","0,0462591","0,0385","0,00364802","0,00462099","0,00225225","0,00242718","0,00292398","0,002","0,0025","0,0075","0,0385",,"0,0120773","0,00382166","0,00480769","0,00892857",,"0,00861141","0,0676471","0,005","0,00503839","0,00247525",,"0,0114723",,"0,00551268","0,0313779","0,0043956","0,00235294","0,0053125","0,00216667","0,004"
"11,2","0,000286074","0,000402253","0,002","0,00055273",,,,,,,,"0,002",,,,,,,,"0,000980392",,,,,,,,,,,,"0,000333333","0,0015"
12,"0,079786","0,104988","0,1","0,0600265","0,0833178","0,0765766","0,0946602","0,105263","0,098","0,085","0,0675","0,1","0,0586957","0,103865","0,0636943","0,0889423","0,111607","0,0855263","0,103337","0,111765","0,1025","0,0669386","0,0618812","0,0970874","0,0946463","0,0910931","0,106395","0,100273","0,0912088","0,0717647","0,0778125","0,0581667","0,0475"
"12,1","0,000400503",,,,"0,000653473",,,,,,,,,,"0,00127389",,,"0,00328947",,,,"0,000959693",,,,,,,,,"0,001875",,
"12,2","0,0050349","0,0225261","0,017","0,0071855","0,000980209",,,,"0,002",,,"0,017",,,"0,00191083",,,,"0,00161464","0,0254902",,"0,000239923",,,"0,00860421","0,00404858","0,00220507","0,0204638","0,0021978","0,00117647","0,0009375","0,00766667","0,005"
13,"0,237441","0,25181","0,2645","0,238669","0,23273","0,277027","0,25","0,181287","0,227","0,265","0,1775","0,2645","0,258696","0,2343","0,227389","0,228365","0,234375","0,259868","0,261033","0,219608","0,1975","0,213532","0,195545","0,216019","0,16826","0,293522","0,238699","0,274216","0,242857","0,2","0,24125","0,248833","0,245"
"13,2","0,0252889","0,0450523","0,0495","0,0368119","0,0158701","0,0157658","0,0145631","0,0204678","0,015","0,02","0,03","0,0495","0,023913","0,0193237","0,0127389","0,0120192","0,00892857","0,0131579","0,010226","0,0656863","0,01","0,0182342","0,0148515","0,0169903","0,0458891","0,0222672","0,0203969","0,0306958","0,0142857","0,0235294","0,01125","0,0341667","0,04"
14,"0,310304","0,246983","0,264","0,247181","0,348628","0,326577","0,34466","0,397661","0,35","0,3125","0,3975","0,264","0,336957","0,355072","0,36051","0,310096","0,330357","0,324013","0,306243","0,233333","0,385","0,366123","0,376238","0,347087","0,209369","0,327935","0,34344","0,25648","0,349451","0,372941","0,345625","0,249667","0,2595"
"14,2","0,0426536","0,0607401","0,032","0,0853416","0,023525","0,0135135","0,0145631","0,0555556","0,021","0,0075","0,025","0,032","0,0304348","0,031401","0,0235669","0,0360577","0,0178571","0,0296053","0,0306781","0,0686275","0,02","0,0232726","0,0272277","0,0218447","0,0478011","0,0121457","0,0176406","0,0552524","0,0307692","0,0188235","0,021875","0,09","0,091"
15,"0,137459","0,105792","0,1085","0,0900951","0,163835","0,166667","0,150485","0,119883","0,172","0,1825","0,17","0,1085","0,180435","0,15942","0,163057","0,151442","0,162946","0,174342","0,130248","0,095098","0,12","0,182821","0,183168","0,182039","0,141491","0,151822","0,147189","0,113233","0,137363","0,188235","0,170313","0,0846667","0,0795"
"15,2","0,0746653","0,0559131","0,0635","0,158855","0,0423357","0,0337838","0,0412621","0,0350877","0,035","0,055","0,0375","0,0635","0,0695652","0,0217391","0,0452229","0,0432692","0,0491071","0,0378289","0,0592034","0,0539216","0,0425","0,0422265","0,039604","0,0412621","0,126195","0,0202429","0,0336273","0,0572988","0,0494505","0,0317647","0,0428125","0,165833","0,155"
16,"0,0406797","0,0185036","0,029","0,0217776","0,0523245","0,045045","0,0606796","0,0497076","0,053","0,035","0,065","0,029","0,0304348","0,031401","0,0643312","0,0793269","0,0357143","0,0526316","0,050592","0,0176471","0,08","0,053263","0,0544554","0,0485437","0,0736138","0,0445344","0,0490628","0,0190996","0,0571429","0,0588235","0,048125","0,0171667","0,0085"
"16,2","0,0239158","0,0148833","0,0205","0,0347115","0,0207244","0,0292793","0,0145631","0,0292398","0,02","0,03","0,0125","0,0205","0,00652174","0,0193237","0,0216561","0,0408654","0,0223214","0,00657895","0,0269107","0,0215686","0,025","0,0167946","0,0272277","0,0145631","0,0525813","0,0202429","0,0220507","0,0102319","0,0120879","0,0223529","0,0234375","0,0296667","0,0405"
17,"0,00343289","0,00402253","0,0025","0,00187928","0,00410754","0,00225225","0,00242718",,"0,001",,"0,005","0,0025","0,00217391","0,00483092","0,00509554",,"0,00669643","0,00657895","0,00322928","0,00196078","0,0075","0,00527831","0,0123762","0,00728155","0,00669216",,"0,00220507","0,00545703","0,0043956","0,00470588","0,004375","0,00133333","0,001"
"17,2","0,00366175","0,000402253","0,002","0,00497457","0,00364078","0,0045045","0,00242718",,"0,003","0,005","0,0025","0,002","0,00217391","0,00241546","0,00318471","0,00240385","0,00446429","0,00328947","0,00484392",,"0,0025","0,00335893",,"0,00728155","0,0124283","0,00809717","0,00661521","0,000682128","0,0010989","0,00235294","0,0034375","0,00383333","0,0045"
18,"0,000171644",,,,"0,00028006",,"0,00242718",,,,,,,,"0,000636943","0,00240385",,,,,,"0,000239923",,,,,,,,"0,00117647","0,0003125",,
"18,2","0,0011729",,"0,0005","0,000663277","0,00158701","0,0045045","0,00485437","0,00292398","0,001",,"0,0025","0,0005",,"0,00241546","0,00127389",,"0,00669643","0,00164474","0,00107643",,"0,0025","0,000959693","0,0049505",,,"0,00404858","0,00441014",,,,"0,0003125","0,0005","0,0015"
"19,2","0,00011443",,,"0,000110546","0,00014003",,,,,,,,,,"0,000636943",,,,"0,000538213",,,"0,000239923",,,,,,,,,,"0,000166667",
D20S482,,,,,,,,,,,,,,,,,,,,,,,,,,,,,,,,,
Allele,Entire Database,Asia,SAUDI ARABIA,,,,,,,,,,,,,,,,,,,,,,,,,,,,,,
,500,500,500,,,,,,,,,,,,,,,,,,,,,,,,,,,,,,
9,"0,01","0,01","0,01",,,,,,,,,,,,,,,,,,,,,,,,,,,,,,
10,"0,004","0,004","0,004",,,,,,,,,,,,,,,,,,,,,,,,,,,,,,
11,"0,007","0,007","0,007",,,,,,,,,,,,,,,,,,,,,,,,,,,,,,
12,"0,039","0,039","0,039",,,,,,,,,,,,,,,,,,,,,,,,,,,,,,
13,"0,222","0,222","0,222",,,,,,,,,,,,,,,,,,,,,,,,,,,,,,
14,"0,477","0,477","0,477",,,,,,,,,,,,,,,,,,,,,,,,,,,,,,
15,"0,186","0,186","0,186",,,,,,,,,,,,,,,,,,,,,,,,,,,,,,
16,"0,052","0,052","0,052",,,,,,,,,,,,,,,,,,,,,,,,,,,,,,
17,"0,003","0,003","0,003",,,,,,,,,,,,,,,,,,,,,,,,,,,,,,
D21S11,,,,,,,,,,,,,,,,,,,,,,,,,,,,,,,,,
Allele,Entire Database,Africa,America,Asia,Europe,AUSTRIA,BELGIUM,BOSNIA AND HERZEGOWINA,CROATIA,CZECH REPUBLIC,DENMARK,DOMINICAN REPUBLIC,FINLAND,FRANCE,GERMANY,GREECE,HUNGARY,IRELAND,ITALY,KENYA,MONTENEGRO,NETHERLANDS,NORWAY,POLAND,SAUDI ARABIA,SLOVAKIA,SLOVENIA,SOUTH AFRICA,SPAIN,SWEDEN,SWITZERLAND,THAILAND,VIETNAM
,17478,1243,1000,4523,10712,222,206,171,500,200,200,1000,230,208,785,208,224,304,929,510,200,2084,202,206,523,247,907,733,454,425,1600,3000,1000
"23,3","0,0000572148","0,000804505",,,,,,,,,,,,,,,,,,"0,00196078",,,,,,,,,,,,,
"24,2","0,000429111",,"0,001",,"0,000606796",,,,"0,001",,,"0,001",,"0,00240385","0,000636943",,,,"0,00161464",,,"0,000239923",,,,"0,00202429","0,000551268",,"0,00220264","0,00117647","0,0003125",,
"24,3","0,000486326","0,00563154","0,0015",,,,,,,,,"0,0015",,,,,,,,"0,0127451",,,,,,,,"0,000682128",,,,,
25,"0,000257467",,"0,001","0,000110546","0,00028006","0,00225225",,,,,,"0,001",,,,"0,00240385",,,"0,000538213",,,,"0,00247525",,,,,,"0,00110132","0,00117647",,"0,000166667",
"25,2","0,000257467",,,,"0,00042009",,,,,,,,,,"0,000636943",,,"0,00164474","0,000538213",,,"0,000239923",,,,,,,"0,00220264","0,00117647","0,000625",,
"25,3","0,0000572148","0,000804505",,,,,,,,,,,,,,,,,,"0,00196078",,,,,,,,,,,,,
26,"0,00168784","0,00281577","0,001","0,000442184","0,00214712","0,00225225",,,"0,003",,,"0,001",,,"0,00254777","0,00961538","0,00223214","0,00164474","0,00484392","0,00294118",,"0,00167946","0,00247525","0,00242718",,,"0,00330761","0,00272851",,"0,00117647","0,0021875","0,000166667","0,0015"
"26,2","0,0000572148",,,,"0,0000933532",,,,,,"0,0025",,,,,,,,,,,,,,,,,,,,"0,0003125",,
27,"0,025575","0,0494771","0,023","0,00420075","0,0320668","0,0157658","0,0242718","0,0409357","0,023","0,0125","0,045","0,023","0,0217391","0,03125","0,0356688","0,0192308","0,0491071","0,0361842","0,0285253","0,0539216","0,025","0,0429463","0,0321782","0,0291262","0,0105163","0,01417","0,0242558","0,0463847","0,027533","0,0341176","0,0334375","0,00333333","0,0035"
28,"0,137687","0,221239","0,1645","0,062348","0,1573","0,146396","0,148058","0,166667","0,185","0,1525","0,1575","0,1645","0,11087","0,177885","0,171338","0,108173","0,185268","0,146382","0,132939","0,232353","0,165","0,169386","0,155941","0,194175","0,130975","0,137652","0,159868","0,213506","0,117841","0,185882","0,150625","0,052","0,0575"
"28,1","0,0000286074",,,,"0,0000466766",,,,,,,,,,,,,,,,,,,,,,,,,"0,00117647",,,
"28,2","0,000400503",,,"0,00121601","0,00014003",,,,,,,,,,"0,000636943",,"0,00223214",,,,,"0,000239923",,,,,,,,,,"0,000833333","0,003"
"28,3","0,0000286074",,,,"0,0000466766",,,,,,,,,,,,,,,,,,,,,,,,,,"0,0003125",,
29,"0,221335","0,189863","0,2125","0,251824","0,212939","0,231982","0,247573","0,204678","0,199","0,26","0,1825","0,2125","0,221739","0,182692","0,194904","0,269231","0,194196","0,190789","0,236276","0,212745","0,285","0,201056","0,242574","0,174757","0,269598","0,255061","0,198456","0,173943","0,204846","0,184706","0,225625","0,244","0,266"
"29,2","0,00105847","0,00160901","0,0015","0,000994915","0,000980209",,,"0,00292398","0,002",,,"0,0015",,,,"0,00240385","0,00223214",,"0,00215285",,"0,0075","0,00071977",,,,"0,00202429","0,000551268","0,00272851",,"0,00117647","0,0009375","0,000833333","0,002"
"29,3","0,000228859","0,000804505",,"0,000110546","0,000233383",,,,,,,,,,,,,,,,,"0,000479846",,,,,,"0,00136426","0,00110132","0,00235294",,"0,000166667",
30,"0,237441","0,179807","0,2255","0,243091","0,242858","0,234234","0,240291","0,201754","0,235","0,2","0,215","0,2255","0,293478","0,25","0,232484","0,185096","0,21875","0,273026","0,229279","0,190196","0,1775","0,258877","0,242574","0,218447","0,256214","0,192308","0,226571","0,172578","0,272026","0,256471","0,265625","0,247167","0,224"
"30,1","0,0000286074",,,"0,000110546",,,,,,,,,,,,,,,,,,,,,,,,,,,,"0,000166667",
"30,2","0,0362456","0,0148833","0,028","0,0334955","0,0406553","0,0472973","0,026699","0,0555556","0,051","0,0275","0,05","0,028","0,0543478","0,0336538","0,0484076","0,0456731","0,0491071","0,0296053","0,0322928","0,00490196","0,0375","0,0328695","0,0272277","0,0679612","0,0114723","0,0708502","0,047409","0,0218281","0,0297357","0,0505882","0,038125","0,0421667","0,019"
"30,3","0,000257467",,,"0,000994915",,,,,,,,,,,,,,,,,,,,,,,,,,,,"0,001","0,0015"
31,"0,073378","0,0752212","0,0795","0,0692019","0,0743559","0,0675676","0,0873786","0,0760234","0,067","0,0425","0,1125","0,0795","0,0608696","0,0793269","0,0796178","0,0625","0,0625","0,0641447","0,0624327","0,0715686","0,04","0,0914107","0,0940594","0,0728155","0,0458891","0,0607287","0,0815877","0,0777626","0,0572687","0,0811765","0,0665625","0,0715","0,0745"
"31,1","0,0000286074",,,,"0,0000466766",,,,,,,,,,,,,,"0,000538213",,,,,,,,,,,,,,
"31,2","0,0871381","0,0667739","0,089","0,0821358","0,0914395","0,0945946","0,092233","0,114035","0,105","0,0875","0,1225","0,089","0,0956522","0,0961538","0,0961783","0,0985577","0,0982143","0,118421","0,104952","0,0362745","0,1","0,077975","0,0792079","0,0679612","0,10325","0,0789474","0,0826902","0,0879945","0,118943","0,0741176","0,0871875","0,0773333","0,0855"
"31,3","0,0000286074",,,,"0,0000466766",,,,,,,,,,,,,,,,,,,,,,,,"0,00110132",,,,
32,"0,0166209","0,0148833","0,0145","0,0255361","0,0132562","0,0247748","0,0169903","0,00584795","0,007","0,0075","0,0225","0,0145","0,0152174","0,00721154","0,0140127","0,00961538","0,0111607","0,0164474","0,00914962","0,0137255","0,0075","0,0160749","0,0123762","0,0169903","0,00669216","0,0161943","0,0159868","0,0156889","0,0121145","0,0105882","0,011875","0,0281667","0,0275"
"32,1","0,000171644","0,000402253","0,002","0,000110546",,,,,,,,"0,002",,,,,,,,"0,000980392",,,,,,,,,,,,,"0,0005"
"32,2","0,108165","0,0832663","0,079","0,154875","0,0940534","0,0720721","0,092233","0,0818713","0,091","0,1375","0,07","0,079","0,0978261","0,103365","0,0923567","0,125","0,078125","0,0871711","0,114101","0,0627451","0,12","0,0734165","0,0841584","0,11165","0,111855","0,119433","0,120176","0,0975443","0,112335","0,0811765","0,08625","0,161667","0,157"
33,"0,00234581","0,00442478","0,0035","0,00331638","0,00158701","0,00225225",,"0,00292398","0,001","0,005","0,0025","0,0035",,"0,00240385","0,00254777",,,,"0,00107643","0,00392157",,"0,00287908",,"0,00485437",,,"0,0016538","0,0047749","0,00110132","0,00117647","0,000625","0,00333333","0,005"
"33,1","0,000343289","0,00321802","0,0005","0,000221092","0,0000466766",,,,,"0,0025",,"0,0005",,,,,,,,"0,00196078",,,,,,,,"0,00409277",,,,"0,000333333",
"33,2","0,0377045","0,031778","0,04","0,0565996","0,0301998","0,0585586","0,0242718","0,0438596","0,025","0,06","0,0175","0,04","0,0282609","0,0288462","0,022293","0,0552885","0,0401786","0,0328947","0,0333692","0,0343137","0,0275","0,0261516","0,0222772","0,038835","0,0391969","0,0323887","0,0341786","0,0300136","0,034141","0,0305882","0,0240625","0,0566667","0,0655"
34,"0,00100126","0,00925181","0,0015","0,000442184","0,000233383",,,,,,,"0,0015",,"0,00240385",,,,,"0,000538213","0,0147059",,"0,000239923",,,,,,"0,00545703","0,00110132",,"0,0003125","0,000166667","0,0015"
"34,1","0,000257467","0,00281577",,,"0,0000933532",,,,,,,,,,,,,,,,,"0,000479846",,,,,,"0,0047749",,,,,
"34,2","0,00429111","0,00442478","0,0035","0,00663277","0,00336072",,,"0,00292398","0,005","0,005",,"0,0035",,"0,00240385","0,00509554","0,00480769","0,00669643","0,00164474","0,00430571","0,00294118","0,0075","0,00191939","0,00247525",,"0,00669216","0,0182186","0,00275634","0,00545703","0,00220264",,"0,0040625","0,00733333","0,0045"
35,"0,00274631","0,0168946","0,022","0,00055273","0,000233383",,,,,,,"0,022",,,"0,000636943",,,,"0,000538213","0,0235294",,"0,000479846",,,"0,00478011",,,"0,0122783",,,"0,0003125",,
"35,1","0,000171644","0,00201126",,"0,000110546",,,,,,,,,,,,,,,,,,,,,,,,"0,00341064",,,,"0,000166667",
"35,2","0,000514933","0,000804505","0,0005","0,00110546","0,000233383",,,,,,,"0,0005",,,,"0,00240385",,,,,,"0,000239923",,,"0,000956023",,,"0,00136426","0,00110132",,"0,000625","0,00133333","0,0005"
36,"0,00100126","0,0100563","0,0045","0,000110546",,,,,,,,"0,0045",,,,,,,,"0,0137255",,,,,"0,000956023",,,"0,00750341",,,,,
"36,1","0,0000572148","0,000804505",,,,,,,,,,,,,,,,,,,,,,,,,,"0,00136426",,,,,
37,"0,000286074","0,00321802","0,0005","0,000110546",,,,,,,,"0,0005",,,,,,,,"0,00392157",,,,,"0,000956023",,,"0,00272851",,,,,
"37,1","0,0000286074","0,000402253",,,,,,,,,,,,,,,,,,,,,,,,,,"0,000682128",,,,,
"37,2","0,0000286074","0,000402253",,,,,,,,,,,,,,,,,,,,,,,,,,"0,000682128",,,,,
38,"0,0000858222","0,00120676",,,,,,,,,,,,,,,,,,"0,00196078",,,,,,,,"0,000682128",,,,,
D21S2055,,,,,,,,,,,,,,,,,,,,,,,,,,,,,,,,,
Allele,Entire Database,Asia,Europe,ITALY,SAUDI ARABIA,SWITZERLAND,,,,,,,,,,,,,,,,,,,,,,,,,,,
,2625,500,2125,929,500,1196,,,,,,,,,,,,,,,,,,,,,,,,,,,
"15,1","0,000190476",,"0,000235294","0,000538213",,,,,,,,,,,,,,,,,,,,,,,,,,,,,
"16,1","0,0752381","0,082","0,0736471","0,0850377","0,082","0,0647993",,,,,,,,,,,,,,,,,,,,,,,,,,,
"17,1","0,0198095","0,013","0,0214118","0,022605","0,013","0,0204849",,,,,,,,,,,,,,,,,,,,,,,,,,,
"18,1","0,0152381","0,013","0,0157647","0,00968784","0,013","0,0204849",,,,,,,,,,,,,,,,,,,,,,,,,,,
"19,1","0,204381","0,108","0,227059","0,212594","0,108","0,238294",,,,,,,,,,,,,,,,,,,,,,,,,,,
"20,1","0,0310476","0,01","0,036","0,032831","0,01","0,0384615",,,,,,,,,,,,,,,,,,,,,,,,,,,
"21,1","0,00380952",,"0,00470588","0,00322928",,"0,00585284",,,,,,,,,,,,,,,,,,,,,,,,,,,
22,"0,000571429",,"0,000705882","0,00107643",,"0,00041806",,,,,,,,,,,,,,,,,,,,,,,,,,,
"22,1","0,000190476",,"0,000235294",,,"0,00041806",,,,,,,,,,,,,,,,,,,,,,,,,,,
23,"0,00571429","0,001","0,00682353","0,00538213","0,001","0,00794314",,,,,,,,,,,,,,,,,,,,,,,,,,,
24,"0,0133333","0,026","0,0103529","0,0145318","0,026","0,00710702",,,,,,,,,,,,,,,,,,,,,,,,,,,
25,"0,136762","0,131","0,138118","0,138859","0,131","0,137542",,,,,,,,,,,,,,,,,,,,,,,,,,,
26,"0,136","0,121","0,139529","0,135091","0,121","0,142977",,,,,,,,,,,,,,,,,,,,,,,,,,,
27,"0,0198095","0,014","0,0211765","0,0134553","0,014","0,0271739",,,,,,,,,,,,,,,,,,,,,,,,,,,
"27,3","0,000190476",,"0,000235294",,,"0,00041806",,,,,,,,,,,,,,,,,,,,,,,,,,,
28,"0,00761905","0,012","0,00658824","0,00753498","0,012","0,00585284",,,,,,,,,,,,,,,,,,,,,,,,,,,
"28,1","0,000190476",,"0,000235294","0,000538213",,,,,,,,,,,,,,,,,,,,,,,,,,,,,
"28,3","0,000190476",,"0,000235294",,,"0,00041806",,,,,,,,,,,,,,,,,,,,,,,,,,,
29,"0,0365714","0,056","0,032","0,0376749","0,056","0,027592",,,,,,,,,,,,,,,,,,,,,,,,,,,
30,"0,0308571","0,032","0,0305882","0,0365985","0,032","0,0259197",,,,,,,,,,,,,,,,,,,,,,,,,,,
31,"0,0369524","0,041","0,036","0,0392896","0,041","0,0334448",,,,,,,,,,,,,,,,,,,,,,,,,,,
32,"0,0518095","0,102","0,04","0,0452099","0,102","0,0359532",,,,,,,,,,,,,,,,,,,,,,,,,,,
33,"0,0659048","0,124","0,0522353","0,0522067","0,124","0,0522575",,,,,,,,,,,,,,,,,,,,,,,,,,,
34,"0,0609524","0,07","0,0588235","0,0538213","0,07","0,062709",,,,,,,,,,,,,,,,,,,,,,,,,,,
35,"0,0337143","0,034","0,0336471","0,0355221","0,034","0,0321906",,,,,,,,,,,,,,,,,,,,,,,,,,,
36,"0,0106667","0,008","0,0112941","0,0139935","0,008","0,00919732",,,,,,,,,,,,,,,,,,,,,,,,,,,
37,"0,00190476","0,002","0,00188235","0,00269107","0,002","0,00125418",,,,,,,,,,,,,,,,,,,,,,,,,,,
38,"0,000380952",,"0,000470588",,,"0,00083612",,,,,,,,,,,,,,,,,,,,,,,,,,,
D22GATA198B05,,,,,,,,,,,,,,,,,,,,,,,,,,,,,,,,,
Allele,Entire Database,Asia,SAUDI ARABIA,,,,,,,,,,,,,,,,,,,,,,,,,,,,,,
,500,500,500,,,,,,,,,,,,,,,,,,,,,,,,,,,,,,
"11,2","0,001","0,001","0,001",,,,,,,,,,,,,,,,,,,,,,,,,,,,,,
12,"0,004","0,004","0,004",,,,,,,,,,,,,,,,,,,,,,,,,,,,,,
14,"0,01","0,01","0,01",,,,,,,,,,,,,,,,,,,,,,,,,,,,,,
15,"0,011","0,011","0,011",,,,,,,,,,,,,,,,,,,,,,,,,,,,,,
16,"0,131","0,131","0,131",,,,,,,,,,,,,,,,,,,,,,,,,,,,,,
17,"0,188","0,188","0,188",,,,,,,,,,,,,,,,,,,,,,,,,,,,,,
18,"0,099","0,099","0,099",,,,,,,,,,,,,,,,,,,,,,,,,,,,,,
19,"0,244","0,244","0,244",,,,,,,,,,,,,,,,,,,,,,,,,,,,,,
20,"0,153","0,153","0,153",,,,,,,,,,,,,,,,,,,,,,,,,,,,,,
21,"0,11","0,11","0,11",,,,,,,,,,,,,,,,,,,,,,,,,,,,,,
22,"0,044","0,044","0,044",,,,,,,,,,,,,,,,,,,,,,,,,,,,,,
23,"0,005","0,005","0,005",,,,,,,,,,,,,,,,,,,,,,,,,,,,,,
D22S1045,,,,,,,,,,,,,,,,,,,,,,,,,,,,,,,,,
Allele,Entire Database,Africa,America,Asia,Europe,AUSTRIA,BELGIUM,BOSNIA AND HERZEGOWINA,CROATIA,CZECH REPUBLIC,DENMARK,DOMINICAN REPUBLIC,FINLAND,FRANCE,GERMANY,GREECE,HUNGARY,IRELAND,ITALY,KENYA,MONTENEGRO,NETHERLANDS,NORWAY,POLAND,SAUDI ARABIA,SLOVAKIA,SLOVENIA,SOUTH AFRICA,SPAIN,SWEDEN,SWITZERLAND,THAILAND,VIETNAM
,17478,1243,1000,4523,10712,222,206,171,500,200,200,1000,230,208,785,208,224,304,929,510,200,2084,202,206,523,247,907,733,454,425,1600,3000,1000
8,"0,0000858222","0,000402253","0,001",,,,,,,,,"0,001",,,,,,,,,,,,,,,,"0,000682128",,,,,
10,"0,00517794","0,0378117","0,0355","0,000442184","0,000560119",,,,,,,"0,0355",,"0,00480769",,,,,"0,00161464","0,027451",,"0,00143954",,,"0,00286807",,,"0,0450205",,,"0,0003125","0,000166667",
11,"0,146498","0,189059","0,1025","0,17002","0,135736","0,153153","0,131068","0,157895","0,128","0,1325","0,125","0,1025","0,21087","0,108173","0,136306","0,120192","0,133929","0,115132","0,130786","0,173529","0,1525","0,140595","0,160891","0,131068","0,107075","0,204453","0,130099","0,199864","0,104626","0,135294","0,127812","0,182667","0,165"
12,"0,0125014","0,0297667","0,032","0,0028742","0,0127427","0,0157658","0,00728155","0,0146199","0,014","0,01","0,025","0,032","0,0304348","0,00721154","0,0127389","0,00721154","0,0111607","0,00822368","0,00914962","0,0431373","0,01","0,0134357","0,0049505","0,0218447","0,0114723","0,0202429","0,0203969","0,0204638","0,00660793","0,0117647","0,0090625","0,00183333","0,0015"
"12,1","0,0000286074",,,"0,000110546",,,,,,,,,,,,,,,,,,,,,,,,,,,,"0,000166667",
13,"0,00537819","0,00563154","0,006","0,00630113","0,00490105","0,00675676","0,00728155",,"0,001","0,005","0,0025","0,006",,"0,00721154","0,00764331",,,"0,00657895","0,00538213","0,00882353","0,0025","0,00599808","0,0049505",,,"0,00809717","0,00385888","0,00341064","0,00440529","0,00470588","0,0059375","0,00766667","0,0055"
"13,2","0,0000286074","0,000402253",,,,,,,,,,,,,,,,,,,,,,,,,,"0,000682128",,,,,
14,"0,0484609","0,0623492","0,0575","0,0397966","0,0496639","0,0292793","0,038835","0,0643275","0,051","0,06","0,0525","0,0575","0,0304348","0,0384615","0,0414013","0,0865385","0,0558036","0,0493421","0,0570506","0,0598039","0,045","0,0508637","0,0445545","0,0679612","0,0583174","0,0283401","0,0567806","0,0641201","0,0297357","0,0470588","0,0515625","0,0398333","0,03"
15,"0,351785","0,286002","0,309","0,365244","0,35773","0,34009","0,349515","0,365497","0,369","0,3525","0,305","0,309","0,356522","0,377404","0,381529","0,427885","0,377232","0,351974","0,37944","0,25098","0,36","0,325336","0,319307","0,315534","0,507648","0,370445","0,359427","0,310368","0,403084","0,352941","0,364375","0,361167","0,303"
"15,2","0,0000286074",,,"0,000110546",,,,,,,,,,,,,,,,,,,,,,,,,,,,,"0,0005"
16,"0,297317","0,251006","0,283","0,206942","0,342186","0,349099","0,38835","0,295322","0,334","0,33","0,3575","0,283","0,26087","0,370192","0,335669","0,271635","0,334821","0,371711","0,32239","0,273529","0,3025","0,370681","0,378713","0,364078","0,258126","0,277328","0,332966","0,235334","0,355727","0,356471","0,337813","0,187167","0,2395"
17,"0,119922","0,128319","0,1555","0,187597","0,0870519","0,0923423","0,065534","0,0877193","0,091","0,0825","0,125","0,1555","0,106522","0,0817308","0,0770701","0,0721154","0,0758929","0,09375","0,0839612","0,153922","0,105","0,0839731","0,0792079","0,0849515","0,0544933","0,0769231","0,0871003","0,110505","0,092511","0,0847059","0,0940625","0,1965","0,2305"
18,"0,0113285","0,00884956","0,017","0,0191245","0,007795","0,0112613","0,0121359","0,0146199","0,011","0,0275","0,0075","0,017",,"0,00480769","0,00573248","0,0120192","0,00669643","0,00328947","0,00861141","0,00882353","0,0225","0,00671785","0,0049505","0,00485437",,"0,0101215","0,00826902","0,00886767","0,00330396","0,00705882","0,00625","0,0221667","0,02"
19,"0,00123012",,"0,001","0,00121601","0,0014003","0,00225225",,,"0,001",,,"0,001","0,00434783",,"0,00127389","0,00240385","0,00446429",,"0,00161464",,,"0,000959693",,"0,00970874",,"0,00404858","0,00110254",,,,"0,001875","0,000666667","0,0035"
20,"0,000200252","0,000402253",,"0,000110546","0,000233383",,,,,,,,,,"0,000636943",,,,,,,,"0,00247525",,,,,"0,000682128",,,"0,0009375",,"0,0005"
22,"0,0000286074",,,"0,000110546",,,,,,,,,,,,,,,,,,,,,,,,,,,,,"0,0005"
CSF1PO,,,,,,,,,,,,,,,,,,,,,,,,,,,,,,,,,
Allele,Entire Database,Africa,America,Asia,Europe,CROATIA,DOMINICAN REPUBLIC,GERMANY,ITALY,KENYA,NETHERLANDS,SAUDI ARABIA,SLOVENIA,SOUTH AFRICA,SWITZERLAND,THAILAND,VIETNAM,,,,,,,,,,,,,,,,
,12796,1243,1000,4523,6030,500,1000,619,929,510,2084,523,700,733,1198,3000,1000,,,,,,,,,,,,,,,,
5,"0,0000390747",,,,"0,0000829187",,,,"0,000538213",,,,,,,,,,,,,,,,,,,,,,,,
6,"0,000781494","0,00724055",,,"0,000165837",,,"0,000807754",,,"0,000239923",,,"0,0122783",,,,,,,,,,,,,,,,,,,
7,"0,00789309","0,0265487","0,037","0,00608004","0,000580431",,"0,037","0,000807754","0,000538213","0,0441176","0,00119962","0,000956023",,"0,0143247",,"0,00566667","0,01",,,,,,,,,,,,,,,,
8,"0,00722882","0,0257442","0,033","0,00176874","0,00323383","0,004","0,033","0,00242326","0,00484392","0,0441176","0,00239923","0,00478011","0,00285714","0,0129604","0,00375626","0,00166667","0,0005",,,,,,,,,,,,,,,,
9,"0,0294233","0,0486726","0,0305","0,0268627","0,0271973","0,03","0,0305","0,0242326","0,0306781","0,0803922","0,0225528","0,0114723","0,0457143","0,026603","0,0221202","0,0261667","0,037",,,,,,,,,,,,,,,,
"9,3","0,0000390747","0,000402253",,,,,,,,"0,000980392",,,,,,,,,,,,,,,,,,,,,,,
10,"0,244842","0,261062","0,267","0,216339","0,259204","0,281","0,267","0,245557","0,267492","0,261765","0,254559","0,304015","0,254286","0,260573","0,261686","0,2015","0,215",,,,,,,,,,,,,,,,
"10,3","0,0000390747",,,,"0,0000829187",,,,,,"0,000239923",,,,,,,,,,,,,,,,,,,,,,
11,"0,297554","0,24457","0,2825","0,299138","0,309784","0,307","0,2825","0,301292","0,303552","0,209804","0,307102","0,294455","0,307857","0,268759","0,32596","0,306167","0,2805",,,,,,,,,,,,,,,,
"11,1","0,0000390747",,,"0,000110546",,,,,,,,,,,,,"0,0005",,,,,,,,,,,,,,,,
12,"0,336707","0,317377","0,2885","0,366239","0,326534","0,307","0,2885","0,347334","0,317008","0,294118","0,333253","0,345124","0,322857","0,333561","0,321786","0,372833","0,3575",,,,,,,,,,,,,,,,
13,"0,0638481","0,0563154","0,05","0,0727393","0,0610282","0,061","0,05","0,0605816","0,0645856","0,0519608","0,0640595","0,0334608","0,0564286","0,0593452","0,0559265","0,0756667","0,0845",,,,,,,,,,,,,,,,
14,"0,0103157","0,0104586","0,011","0,00972806","0,0106136","0,009","0,011","0,0161551","0,010226","0,0107843","0,012476","0,00573614","0,00714286","0,0102319","0,00751252","0,00966667","0,012",,,,,,,,,,,,,,,,
15,"0,00121132","0,00160901","0,0005","0,000994915","0,00140962","0,001","0,0005","0,000807754","0,000538213","0,00196078","0,00167946",,"0,00285714","0,00136426","0,00125209","0,000666667","0,0025",,,,,,,,,,,,,,,,
16,"0,0000390747",,,,"0,0000829187",,,,,,"0,000239923",,,,,,,,,,,,,,,,,,,,,,
FGA,,,,,,,,,,,,,,,,,,,,,,,,,,,,,,,,,
Allele,Entire Database,Africa,America,Asia,Europe,AUSTRIA,BELGIUM,BOSNIA AND HERZEGOWINA,CROATIA,CZECH REPUBLIC,DENMARK,DOMINICAN REPUBLIC,FINLAND,FRANCE,GERMANY,GREECE,HUNGARY,IRELAND,ITALY,KENYA,MONTENEGRO,NETHERLANDS,NORWAY,POLAND,SAUDI ARABIA,SLOVAKIA,SLOVENIA,SOUTH AFRICA,SPAIN,SWEDEN,SWITZERLAND,THAILAND,VIETNAM
,17475,1243,1000,4523,10709,221,206,171,500,199,200,1000,230,208,785,208,224,304,929,510,200,2084,202,206,523,247,907,733,453,425,1600,3000,1000
13,"0,000114449",,,"0,000442184",,,,,,,,,,,,,,,,,,,,,,,,,,,,"0,000333333","0,001"
15,"0,0000572246",,,"0,000110546","0,0000466897",,,,,,,,,,,,,"0,00164474",,,,,,,,,,,,,,"0,000166667",
16,"0,000972818",,,"0,00254256","0,000513587","0,00226244",,,"0,001",,,,,,,,"0,00223214",,,,"0,005",,,,,"0,00202429","0,00110254",,,,"0,0009375","0,00333333","0,0015"
"16,1","0,000171674","0,00241352",,,,,,,,,,,,,,,,,,"0,000980392",,,,,,,,"0,00341064",,,,,
17,"0,00114449","0,00120676","0,0005","0,00121601","0,00116724","0,00226244",,,,,"0,0025","0,0005","0,00217391",,"0,00254777","0,00240385",,,"0,00161464","0,00196078",,"0,00119962",,"0,00242718",,"0,00202429","0,00220507","0,000682128","0,00110375","0,00117647","0,0003125","0,00133333","0,0015"
"17,2","0,0000572246","0,000804505",,,,,,,,,,,,,,,,,,"0,000980392",,,,,,,,"0,000682128",,,,,
18,"0,014392","0,0144811","0,004","0,0164714","0,0144738","0,00904977","0,0121359",,"0,011","0,0100503","0,025","0,004","0,0282609","0,00721154","0,0121019","0,00721154","0,0200893","0,0164474","0,010226","0,0205882","0,0025","0,0179942","0,0222772","0,0121359","0,00669216","0,0222672","0,0148842","0,0102319","0,0121413","0,0270588","0,011875","0,0171667","0,0195"
"18,2","0,000629471","0,00482703","0,0045",,"0,0000466897",,,,,,,"0,0045",,,"0,000636943",,,,,"0,00196078",,,,,,,,"0,00682128",,,,,
19,"0,0690415","0,0526951","0,066","0,074287","0,0690074","0,0633484","0,0703883","0,0730994","0,081","0,0678392","0,0525","0,066","0,0347826","0,0576923","0,0636943","0,0625","0,0758929","0,0542763","0,0683531","0,0362745","0,095","0,0607006","0,0643564","0,0849515","0,0640535","0,0931174","0,0859978","0,0641201","0,089404","0,0529412","0,0709375","0,07","0,0925"
"19,1","0,0000572246",,,,"0,0000933794",,,,,,,,,,,,,,,,,"0,000479846",,,,,,,,,,,
"19,2","0,000801144","0,00603379","0,003","0,000110546","0,000280138",,,"0,00292398",,,,"0,003",,,,,,,,"0,00588235",,"0,000959693",,,,,,"0,00613915","0,00110375",,,"0,000166667",
20,"0,110157","0,0860821","0,0855","0,0598054","0,136521","0,140271","0,150485","0,119883","0,134","0,113065","0,175","0,0855","0,1","0,132212","0,152866","0,151442","0,15625","0,152961","0,123251","0,0490196","0,1275","0,134117","0,136139","0,145631","0,0697897","0,182186","0,12183","0,111869","0,137969","0,174118","0,126562","0,0605","0,0525"
"20,2","0,000715308","0,000804505","0,0005","0,00132655","0,000466897",,,,"0,001",,,"0,0005",,"0,00240385","0,00127389",,,,,,"0,0025","0,000239923",,"0,00242718",,,,"0,00136426",,,"0,0009375","0,00183333","0,0005"
21,"0,159685","0,11424","0,143","0,135308","0,176814","0,190045","0,17233","0,207602","0,171","0,173367","0,145","0,143","0,154348","0,209135","0,184713","0,158654","0,196429","0,190789","0,179763","0,095098","0,18","0,166987","0,200495","0,177184","0,138623","0,159919","0,167034","0,127558","0,175497","0,18","0,185938","0,132167","0,143"
"21,2","0,00543634","0,00321802","0,0015","0,0133761","0,002708","0,00226244","0,00242718","0,00292398","0,005",,,"0,0015","0,00217391",,"0,00127389","0,00240385","0,00223214","0,00164474","0,00376749",,"0,005","0,003119",,"0,00242718","0,000956023","0,00202429","0,00220507","0,00545703",,,"0,005","0,016","0,012"
"21,3","0,0000286123",,,"0,000110546",,,,,,,,,,,,,,,,,,,,,,,,,,,,"0,000166667",
22,"0,182833","0,179807","0,177","0,190471","0,180502","0,19457","0,174757","0,248538","0,203","0,193467","0,165","0,177","0,180435","0,182692","0,196815","0,161058","0,1875","0,174342","0,175457","0,20098","0,175","0,172265","0,163366","0,216019","0,122371","0,165992","0,205623","0,165075","0,16777","0,169412","0,16625","0,201667","0,1925"
"22,1","0,0000286123",,,,"0,0000466897",,,,,,,,,,,,,,,,,"0,000239923",,,,,,,,,,,
"22,2","0,00924177","0,00442478","0,004","0,0120495","0,00910449","0,0113122","0,00485437","0,00877193","0,013","0,0150754","0,01","0,004","0,00434783",,"0,00828025","0,00240385","0,0133929","0,0164474","0,00645856",,"0,0125","0,00743762",,"0,0169903","0,00191205","0,0182186","0,0159868","0,00750341","0,00441501","0,0152941","0,00625","0,0143333","0,0105"
"22,3","0,000114449",,"0,001","0,000221092",,,,,,,,"0,001",,,,,,,,,,,,,"0,00191205",,,,,,,,
23,"0,153877","0,160901","0,1425","0,167809","0,14824","0,147059","0,162621","0,140351","0,119","0,155779","0,1725","0,1425","0,163043","0,144231","0,149045","0,165865","0,113839","0,141447","0,160926","0,164706","0,15","0,147313","0,138614","0,116505","0,184512","0,117409","0,140022","0,158254","0,142384","0,132941","0,168437","0,170833","0,15"
"23,2","0,00566524","0,000804505","0,0025","0,00961751","0,00485573","0,00226244","0,00728155","0,00877193","0,01","0,0201005","0,005","0,0025","0,00434783","0,0120192","0,00254777","0,00240385","0,00223214",,"0,00376749",,"0,005","0,00335893","0,0049505","0,00728155","0,00191205","0,00404858","0,00992282","0,00136426","0,00110375","0,00352941","0,00375","0,0106667","0,0105"
"23,3","0,0000572246","0,000804505",,,,,,,,,,,,,,,,,,"0,00196078",,,,,,,,,,,,,
24,"0,138484","0,152454","0,1445","0,141941","0,13484","0,131222","0,13835","0,0906433","0,136","0,145729","0,13","0,1445","0,206522","0,134615","0,120382","0,134615","0,122768","0,144737","0,137244","0,146078","0,125","0,137476","0,126238","0,118932","0,225621","0,157895","0,124587","0,156889","0,151214","0,141176","0,130625","0,129","0,137"
"24,1","0,0000286123",,,,"0,0000466897",,,,,,,,,,,,,,,,,,,,,,"0,000551268",,,,,,
"24,2","0,00429185","0,00120676",,"0,0139288","0,000980484",,"0,00242718",,"0,002",,,,"0,00217391","0,00240385","0,000636943","0,00240385","0,00446429",,"0,00107643",,"0,0025","0,00119962","0,00247525",,,,,"0,00204638","0,00220751",,"0,0003125","0,0161667","0,0145"
"24,3","0,0000572246",,"0,001",,,,,,,,,"0,001",,,,,,,,,,,,,,,,,,,,,
25,"0,0879542","0,0989541","0,117","0,0915322","0,082454","0,0746606","0,0606796","0,0701754","0,076","0,0829146","0,08","0,117","0,0717391","0,0865385","0,0738854","0,120192","0,0580357","0,0690789","0,0801938","0,109804","0,08","0,102447","0,106436","0,0728155","0,111855","0,0546559","0,0722161","0,0914052","0,0838852","0,0741176","0,081875","0,0883333","0,0905"
"25,2","0,00200286","0,000402253",,"0,0071855","0,000186759",,,,,,,,,,,,"0,00446429",,"0,000538213",,,,,,,,"0,000551268","0,000682128",,,,"0,00733333","0,0105"
"25,3","0,0000286123",,"0,0005",,,,,,,,,"0,0005",,,,,,,,,,,,,,,,,,,,,
26,"0,0361373","0,0559131","0,044","0,041897","0,0306751","0,0180995","0,0412621","0,0204678","0,024","0,0201005","0,035","0,044","0,0369565","0,0264423","0,0248408","0,0216346","0,0401786","0,0279605","0,0392896","0,0627451","0,0225","0,037428","0,0272277","0,0218447","0,0516252","0,0161943","0,0286659","0,0511596","0,0231788","0,0247059","0,03375","0,0421667","0,036"
"26,1","0,0000286123","0,000402253",,,,,,,,,,,,,,,,,,"0,000980392",,,,,,,,,,,,,
"26,2","0,000486409","0,000402253",,"0,00154765","0,0000933794",,,,,,,,,,,,,,,,"0,0025",,,,,,,"0,000682128","0,00110375",,,"0,0015","0,0025"
27,"0,00941345","0,0257442","0,03","0,0113862","0,00476235","0,00678733",,"0,00584795","0,012",,"0,0025","0,03","0,00869565",,"0,0044586",,,"0,00657895","0,00645856","0,0392157","0,0075","0,00479846","0,0049505",,"0,00764818","0,00202429","0,00496141","0,0163711","0,00331126","0,00352941","0,005","0,00983333","0,018"
"27,2","0,000114449",,,"0,000442184",,,,,,,,,,,,,,,,,,,,,,,,,,,,"0,0005","0,0005"
28,"0,00306152","0,0124698","0,014","0,00320584","0,000887104","0,00452489",,,"0,001","0,00251256",,"0,014",,"0,00240385",,,,"0,00164474","0,00161464","0,0264706",,"0,000239923","0,00247525",,"0,00573614",,"0,0016538","0,00272851","0,00220751",,"0,0009375","0,00283333","0,003"
"28,2","0,0000286123",,,"0,000110546",,,,,,,,,,,,,,,,,,,,,,,,,,,,"0,000166667",
29,"0,00105866","0,00724055","0,0045","0,000773823","0,000140069",,,,,,,"0,0045",,,,"0,00480769",,,,"0,0147059",,,,,"0,00286807",,,"0,00204638",,,"0,0003125","0,000666667",
"29,2","0,0000286123","0,000402253",,,,,,,,,,,,,,,,,,,,,,,,,,"0,000682128",,,,,
30,"0,000343348","0,00321802","0,0015","0,000110546",,,,,,,,"0,0015",,,,,,,,"0,00686275",,,,,"0,000956023",,,"0,000682128",,,,,
"30,2","0,000114449","0,00120676","0,0005",,,,,,,,,"0,0005",,,,,,,,"0,00196078",,,,,,,,"0,000682128",,,,,
31,"0,0000858369","0,00120676",,,,,,,,,,,,,,,,,,"0,00294118",,,,,,,,,,,,,
"31,1","0,000114449",,,"0,000442184",,,,,,,,,,,,,,,,,,,,,,,,,,,,"0,000666667",
"31,2","0,000228898","0,00160901","0,0015","0,000110546",,,,,,,,"0,0015",,,,,,,,"0,000980392",,,,,"0,000956023",,,"0,00204638",,,,,
"32,1","0,0000286123",,,"0,000110546",,,,,,,,,,,,,,,,,,,,,,,,,,,,"0,000166667",
33,"0,0000286123","0,000402253",,,,,,,,,,,,,,,,,,"0,000980392",,,,,,,,,,,,,
"33,2","0,0000286123",,,,"0,0000466897",,,,,,,,,,,,,,,,,,,"0,00242718",,,,,,,,,
"40,2","0,0000286123","0,000402253",,,,,,,,,,,,,,,,,,,,,,,,,,"0,000682128",,,,,
"41,2","0,0000286123","0,000402253",,,,,,,,,,,,,,,,,,"0,000980392",,,,,,,,,,,,,
"42,2","0,0000572246","0,000804505",,,,,,,,,,,,,,,,,,"0,00196078",,,,,,,,,,,,,
"43,2","0,0000858369","0,00120676",,,,,,,,,,,,,,,,,,"0,00196078",,,,,,,,"0,000682128",,,,,
"44,2","0,0000572246","0,000402253","0,0005",,,,,,,,,"0,0005",,,,,,,,"0,000980392",,,,,,,,,,,,,
"45,2","0,000228898",,"0,004",,,,,,,,,"0,004",,,,,,,,,,,,,,,,,,,,,
"46,2","0,0000286123",,"0,0005",,,,,,,,,"0,0005",,,,,,,,,,,,,,,,,,,,,
"49,2","0,0000286123",,"0,0005",,,,,,,,,"0,0005",,,,,,,,,,,,,,,,,,,,,
Penta D,,,,,,,,,,,,,,,,,,,,,,,,,,,,,,,,,
Allele,Entire Database,America,Asia,Europe,DOMINICAN REPUBLIC,GERMANY,ITALY,NETHERLANDS,SWITZERLAND,VIETNAM,,,,,,,,,,,,,,,,,,,,,,,
,6064,1000,1000,4064,1000,303,479,2084,1198,1000,,,,,,,,,,,,,,,,,,,,,,,
"2,2","0,0131926","0,0785",,"0,000369094","0,0785",,"0,00104384","0,000239923","0,000417362",,,,,,,,,,,,,,,,,,,,,,,,
"3,2","0,0010719","0,0065",,,"0,0065",,,,,,,,,,,,,,,,,,,,,,,,,,,,
5,"0,00395778","0,022","0,0005","0,000369094","0,022",,,"0,00071977",,"0,0005",,,,,,,,,,,,,,,,,,,,,,,
"5,2","0,0000824538",,"0,0005",,,,,,,"0,0005",,,,,,,,,,,,,,,,,,,,,,,
6,"0,000824538","0,003",,"0,000492126","0,003",,,"0,000479846","0,000834725",,,,,,,,,,,,,,,,,,,,,,,,
"6,4","0,0000824538","0,0005",,,"0,0005",,,,,,,,,,,,,,,,,,,,,,,,,,,,
7,"0,0135224","0,0225","0,0365","0,00565945","0,0225","0,0049505","0,00521921","0,00671785","0,00417362","0,0365",,,,,,,,,,,,,,,,,,,,,,,
"7,4","0,0000824538",,"0,0005",,,,,,,"0,0005",,,,,,,,,,,,,,,,,,,,,,,
8,"0,0332289","0,0515","0,076","0,0182087","0,0515","0,019802","0,0135699","0,0203935","0,0158598","0,076",,,,,,,,,,,,,,,,,,,,,,,
"8,4","0,0000824538",,"0,0005",,,,,,,"0,0005",,,,,,,,,,,,,,,,,,,,,,,
9,"0,218997","0,171","0,3175","0,20657","0,171","0,216172","0,186848","0,208733","0,208264","0,3175",,,,,,,,,,,,,,,,,,,,,,,
10,"0,117909","0,1385","0,15","0,104946","0,1385","0,140264","0,114823","0,0990883","0,102254","0,15",,,,,,,,,,,,,,,,,,,,,,,
"10,3","0,0000824538","0,0005",,,"0,0005",,,,,,,,,,,,,,,,,,,,,,,,,,,,
11,"0,144706","0,1535","0,126","0,147146","0,1535","0,148515","0,188935","0,136276","0,148998","0,126",,,,,,,,,,,,,,,,,,,,,,,
"11,2","0,000494723",,"0,003",,,,,,,"0,003",,,,,,,,,,,,,,,,,,,,,,,
12,"0,197394","0,16","0,1415","0,220349","0,16","0,193069","0,172234","0,232246","0,225793","0,1415",,,,,,,,,,,,,,,,,,,,,,,
13,"0,175462","0,131","0,088","0,207923","0,131","0,19967","0,2119","0,212092","0,201169","0,088",,,,,,,,,,,,,,,,,,,,,,,
"13,4","0,000412269",,,"0,000615157",,,,"0,00119962",,,,,,,,,,,,,,,,,,,,,,,,,
14,"0,0616755","0,0445","0,0425","0,0706201","0,0445","0,0643564","0,0772443","0,0674184","0,0751252","0,0425",,,,,,,,,,,,,,,,,,,,,,,
"14,1","0,000329815",,,"0,000492126",,,,"0,000959693",,,,,,,,,,,,,,,,,,,,,,,,,
15,"0,0135224","0,0155","0,0125","0,0132874","0,0155","0,0132013","0,0240084","0,00983685","0,015025","0,0125",,,,,,,,,,,,,,,,,,,,,,,
16,"0,00255607","0,001","0,0035","0,00270669","0,001",,"0,00417537","0,003119","0,00208681","0,0035",,,,,,,,,,,,,,,,,,,,,,,
17,"0,0000824538",,,"0,000123031",,,,"0,000239923",,,,,,,,,,,,,,,,,,,,,,,,,
18,"0,000164908",,"0,0005","0,000123031",,,,"0,000239923",,"0,0005",,,,,,,,,,,,,,,,,,,,,,,
19,"0,0000824538",,"0,0005",,,,,,,"0,0005",,,,,,,,,,,,,,,,,,,,,,,
Penta E,,,,,,,,,,,,,,,,,,,,,,,,,,,,,,,,,
Allele,Entire Database,America,Asia,Europe,DOMINICAN REPUBLIC,GERMANY,ITALY,NETHERLANDS,SWITZERLAND,VIETNAM,,,,,,,,,,,,,,,,,,,,,,,
,6064,1000,1000,4064,1000,303,479,2084,1198,1000,,,,,,,,,,,,,,,,,,,,,,,
1,"0,0000824538","0,0005",,,"0,0005",,,,,,,,,,,,,,,,,,,,,,,,,,,,
5,"0,0702507","0,079","0,049","0,0733268","0,079","0,0544554","0,0668058","0,0714971","0,0838898","0,049",,,,,,,,,,,,,,,,,,,,,,,
6,"0,000989446",,"0,0005","0,00135335",,,,"0,00239923","0,000417362","0,0005",,,,,,,,,,,,,,,,,,,,,,,
7,"0,128216","0,1105","0,006","0,162648","0,1105","0,173267","0,141962","0,170585","0,154424","0,006",,,,,,,,,,,,,,,,,,,,,,,
8,"0,0245712","0,099","0,002","0,011811","0,099","0,0115512","0,0187891","0,0103167","0,0116861","0,002",,,,,,,,,,,,,,,,,,,,,,,
"8,1","0,0000824538",,"0,0005",,,,,,,"0,0005",,,,,,,,,,,,,,,,,,,,,,,
9,"0,0126979","0,022","0,012","0,0105807","0,022","0,00825083","0,0125261","0,0105566","0,0104341","0,012",,,,,,,,,,,,,,,,,,,,,,,
10,"0,0800627","0,077","0,048","0,0887057","0,077","0,113861","0,0876827","0,0880518","0,0838898","0,048",,,,,,,,,,,,,,,,,,,,,,,
11,"0,130277","0,0785","0,261","0,110851","0,0785","0,118812","0,128392","0,0954894","0,128548","0,261",,,,,,,,,,,,,,,,,,,,,,,
12,"0,178677","0,154","0,1155","0,200295","0,154","0,181518","0,212944","0,197697","0,204508","0,1155",,,,,,,,,,,,,,,,,,,,,,,
13,"0,096471","0,115","0,059","0,101132","0,115","0,108911","0,111691","0,09381","0,107679","0,059",,,,,,,,,,,,,,,,,,,,,,,
14,"0,0574703","0,0535","0,0765","0,0537648","0,0535","0,0429043","0,0532359","0,0614203","0,0434057","0,0765",,,,,,,,,,,,,,,,,,,,,,,
15,"0,0549142","0,066","0,066","0,0494587","0,066","0,049505","0,0427975","0,0503839","0,0505008","0,066",,,,,,,,,,,,,,,,,,,,,,,
16,"0,0496372","0,045","0,065","0,046998","0,045","0,0462046","0,0375783","0,0523033","0,0417362","0,065",,,,,,,,,,,,,,,,,,,,,,,
"16,4","0,0000824538",,"0,0005",,,,,,,"0,0005",,,,,,,,,,,,,,,,,,,,,,,
17,"0,0469987","0,051","0,0565","0,0436762","0,051","0,0478548","0,0281837","0,0491843","0,0392321","0,0565",,,,,,,,,,,,,,,,,,,,,,,
"17,2","0,0000824538",,"0,0005",,,,,,,"0,0005",,,,,,,,,,,,,,,,,,,,,,,
"17,4","0,000329815",,"0,002",,,,,,,"0,002",,,,,,,,,,,,,,,,,,,,,,,
18,"0,0281168","0,0225","0,0565","0,0225148","0,0225","0,0214521","0,0271399","0,0242322","0,0179466","0,0565",,,,,,,,,,,,,,,,,,,,,,,
"18,4","0,000247361",,"0,0015",,,,,,,"0,0015",,,,,,,,,,,,,,,,,,,,,,,
19,"0,0156662","0,008","0,0405","0,0114419","0,008","0,00990099","0,0177453","0,0105566","0,0108514","0,0405",,,,,,,,,,,,,,,,,,,,,,,
"19,4","0,000247361","0,0015",,,"0,0015",,,,,,,,,,,,,,,,,,,,,,,,,,,,
20,"0,0105541","0,008","0,0245","0,00775098","0,008","0,00990099","0,0104384","0,00743762","0,0066778","0,0245",,,,,,,,,,,,,,,,,,,,,,,
21,"0,00667876","0,0075","0,024","0,00221457","0,0075","0,00165017",,"0,00287908","0,00208681","0,024",,,,,,,,,,,,,,,,,,,,,,,
22,"0,00329815","0,0005","0,0145","0,00123031","0,0005",,"0,00208768","0,00071977","0,00208681","0,0145",,,,,,,,,,,,,,,,,,,,,,,
23,"0,00197889","0,0005","0,0105","0,000246063","0,0005",,,"0,000479846",,"0,0105",,,,,,,,,,,,,,,,,,,,,,,
24,"0,000494723",,"0,003",,,,,,,"0,003",,,,,,,,,,,,,,,,,,,,,,,
25,"0,000659631","0,0005","0,0035",,"0,0005",,,,,"0,0035",,,,,,,,,,,,,,,,,,,,,,,
26,"0,000164908",,"0,001",,,,,,,"0,001",,,,,,,,,,,,,,,,,,,,,,,
SE33,,,,,,,,,,,,,,,,,,,,,,,,,,,,,,,,,
Allele,Entire Database,Africa,Asia,Europe,AUSTRIA,BELGIUM,BOSNIA AND HERZEGOWINA,CZECH REPUBLIC,DENMARK,GERMANY,GREECE,HUNGARY,ITALY,KENYA,NETHERLANDS,SAUDI ARABIA,SLOVAKIA,SLOVENIA,SOUTH AFRICA,SPAIN,SWITZERLAND,THAILAND,,,,,,,,,,,
,12823,1243,3523,8057,222,206,171,200,200,785,208,223,929,510,2084,523,245,700,733,284,1600,3000,,,,,,,,,,,
1,"0,0000779849","0,000804505",,,,,,,,,,,,"0,00196078",,,,,,,,,,,,,,,,,,,
"4,2","0,0000779849","0,000804505",,,,,,,,,,,,"0,00196078",,,,,,,,,,,,,,,,,,,
"5,2","0,0000779849","0,000804505",,,,,,,,,,,,"0,00196078",,,,,,,,,,,,,,,,,,,
"6,2","0,0000389924","0,000402253",,,,,,,,,,,,,,,,,"0,000682128",,,,,,,,,,,,,,
"6,3","0,000311939",,"0,000709622","0,000186174","0,00225225",,,,,,,,,,,"0,00478011",,"0,000714286",,,"0,0003125",,,,,,,,,,,,
"7,2","0,00015597","0,00160901",,,,,,,,,,,,"0,000980392",,,,,"0,00204638",,,,,,,,,,,,,,
"7,3","0,000233955",,"0,000709622","0,0000620578",,,,,,,,,,,,"0,00478011",,,,"0,00176056",,,,,,,,,,,,,
8,"0,00015597","0,000804505",,"0,000124116",,,,,,,"0,00240385",,"0,000538213",,,,,,"0,00136426",,,,,,,,,,,,,,
9,"0,000311939",,"0,000567698","0,000248231",,,,,,"0,000636943",,,"0,00107643",,,"0,00382409",,,,,"0,0003125",,,,,,,,,,,,
"9,2","0,0000779849","0,000402253",,"0,0000620578",,,,,,,,,,,,,,"0,000714286","0,000682128",,,,,,,,,,,,,,
10,"0,000311939","0,00201126","0,000141924","0,000124116",,,,,,,,,,"0,00196078",,"0,000956023",,,"0,00204638",,"0,000625",,,,,,,,,,,,
"10,2","0,00015597","0,00120676",,"0,0000620578",,,,,,,,,,"0,00196078","0,000239923",,,,"0,000682128",,,,,,,,,,,,,,
11,"0,000662871","0,00160901","0,000425773","0,000620578",,,,,,"0,000636943",,"0,00224215","0,00107643","0,00294118","0,000479846","0,000956023",,"0,00142857","0,000682128","0,00352113",,"0,000333333",,,,,,,,,,,
"11,2","0,000896826","0,00643604","0,000283849","0,000310289",,"0,00242718",,,,"0,000636943",,,,"0,00980392","0,000479846","0,00191205",,,"0,00409277","0,00176056",,,,,,,,,,,,,
12,"0,00401622","0,00402253","0,00312234","0,00440611","0,00675676","0,0121359",,"0,0025","0,0075","0,00636943",,"0,00224215","0,00430571","0,00490196","0,00455854","0,00573614","0,00204082","0,00214286","0,00341064","0,00704225","0,0040625","0,00266667",,,,,,,,,,,
"12,1","0,0000389924",,,"0,0000620578",,,,,,,,,,,,,,,,"0,00176056",,,,,,,,,,,,,
"12,2","0,000818841","0,00482703","0,000567698","0,000310289",,,,,,"0,000636943",,,,"0,00784314","0,000239923",,,"0,000714286","0,00272851",,"0,000625","0,000666667",,,,,,,,,,,
13,"0,0082664","0,0112631","0,0058189","0,00887427","0,0112613","0,00485437",,"0,0025","0,0075","0,0101911","0,00961538","0,00672646","0,0123789","0,0147059","0,00767754","0,0152964","0,00612245","0,00857143","0,00886767","0,00352113","0,0115625","0,00416667",,,,,,,,,,,
"13,2","0,00191063","0,00603379","0,000283849","0,00198585","0,00225225",,,,"0,0025","0,00191083","0,00240385","0,0044843","0,00161464","0,0107843","0,00167946","0,000956023","0,00204082","0,000714286","0,00272851","0,00352113","0,003125","0,000166667",,,,,,,,,,,
"13,3","0,00015597",,"0,000141924","0,000186174",,,,,,,,,,,"0,000479846","0,000956023",,,,,"0,0003125",,,,,,,,,,,,
14,"0,0240583","0,0289622","0,0107863","0,0291051","0,0202703","0,0364078","0,0350877","0,0325","0,0225","0,033758","0,0168269","0,0493274","0,0344456","0,0284314","0,0268714","0,0516252","0,0142857","0,0271429","0,0293315","0,0387324","0,026875","0,00366667",,,,,,,,,,,
"14,2","0,00191063","0,00643604","0,000425773","0,00186174","0,00225225","0,00242718",,"0,0025","0,005",,"0,00240385","0,0044843","0,00161464","0,00882353","0,00143954",,,"0,00357143","0,0047749","0,00352113","0,001875","0,0005",,,,,,,,,,,
"14,3","0,00015597",,"0,000141924","0,000186174",,,,,,,,,"0,00107643",,"0,000239923",,,,,,,"0,000166667",,,,,,,,,,,
15,"0,0329486","0,041432","0,0139086","0,0399652","0,0382883","0,0485437","0,0526316","0,055","0,0575","0,0369427","0,0240385","0,044843","0,0430571","0,0480392","0,0352687","0,0296367","0,0489796","0,0392857","0,0368349","0,0492958","0,038125","0,0111667",,,,,,,,,,,
"15,2","0,00109179","0,00362027","0,000709622","0,00086881",,,,"0,0025",,"0,000636943",,"0,00224215","0,000538213","0,00392157","0,000479846",,,"0,00357143","0,00341064","0,00176056","0,000625","0,000833333",,,,,,,,,,,
"15,3","0,000701864",,"0,000567698","0,00086881",,"0,00242718",,,,"0,00127389",,,"0,00107643",,"0,00119962",,,"0,00142857",,,"0,000625","0,000666667",,,,,,,,,,,
16,"0,0456991","0,0675784","0,0327846","0,0479707","0,027027","0,038835","0,0321637","0,045","0,0275","0,0458599","0,0889423","0,058296","0,0597417","0,0745098","0,043666","0,0583174","0,0428571","0,0492857","0,0627558","0,0528169","0,0490625","0,0283333",,,,,,,,,,,
"16,1","0,00015597",,"0,000141924","0,000186174",,,"0,00292398",,,,,,,,,,,,,,"0,000625","0,000166667",,,,,,,,,,,
"16,2","0,000584887","0,00160901","0,000283849","0,000558521",,,,,,,,,"0,00107643",,"0,000239923",,"0,00204082","0,00142857","0,00272851","0,00176056","0,000625","0,000333333",,,,,,,,,,,
"16,3","0,00109179","0,000402253","0,000141924","0,0016135","0,00900901","0,00485437","0,00292398","0,0025",,"0,000636943","0,00240385","0,0044843","0,00161464",,"0,000959693",,,"0,000714286","0,000682128","0,00352113","0,00125","0,000166667",,,,,,,,,,,
17,"0,0693286","0,084473","0,0655691","0,068636","0,0698198","0,0631068","0,0789474","0,0725","0,045","0,0726115","0,0673077","0,0717489","0,0764263","0,101961","0,0635797","0,0745698","0,0795918","0,0728571","0,0723056","0,102113","0,0609375","0,064",,,,,,,,,,,
"17,1","0,0000389924",,,"0,0000620578",,,,,,,,,,,,,,"0,000714286",,,,,,,,,,,,,,,
"17,2","0,000545894","0,00120676","0,000567698","0,000434405","0,00225225",,"0,00292398",,,,,,"0,000538213","0,00196078","0,000239923",,,"0,000714286","0,000682128","0,00176056","0,0003125","0,000666667",,,,,,,,,,,
"17,3","0,000818841","0,00120676",,"0,00111704","0,00225225",,,,"0,005","0,00127389","0,00240385",,"0,00161464",,"0,000959693",,,"0,00142857","0,00204638","0,00176056","0,000625",,,,,,,,,,,,
18,"0,0790377","0,119871","0,0739427","0,0749659","0,0563063","0,0728155","0,0730994","0,0775","0,0775","0,0598726","0,0841346","0,0762332","0,0818084","0,143137","0,0671785","0,107075","0,0693878","0,0785714","0,103683","0,0739437","0,0890625","0,0681667",,,,,,,,,,,
"18,1","0,0000389924",,,"0,0000620578",,,,,,,"0,00240385",,,,,,,,,,,,,,,,,,,,,,
"18,2","0,000818841","0,00160901","0,000851547","0,000682636","0,00675676",,,,,,,,,"0,000980392","0,00071977",,,,"0,00204638",,"0,0015625","0,001",,,,,,,,,,,
"18,3","0,000779849","0,000804505",,"0,00111704","0,00225225",,,,"0,0075","0,00127389",,"0,00224215","0,00161464",,"0,000959693",,,"0,00142857","0,00136426",,"0,000625",,,,,,,,,,,,
19,"0,0745925","0,105792","0,0750781","0,0695668","0,0675676","0,0582524","0,0847953","0,0775","0,0775","0,0713376","0,0721154","0,0874439","0,0710441","0,12451","0,06262","0,0640535","0,0938776","0,0664286","0,0927694","0,0510563","0,073125","0,077",,,,,,,,,,,
"19,1","0,0000779849",,"0,000141924","0,0000620578",,,,,,,,,,,"0,000239923",,,,,,,"0,000166667",,,,,,,,,,,
"19,2","0,00253451","0,000804505","0,00127732","0,00335112","0,0045045","0,00485437","0,00877193","0,0025",,"0,0044586","0,00240385","0,0044843","0,00161464",,"0,00527831",,"0,00408163","0,00142857","0,00136426",,"0,0021875","0,0015",,,,,,,,,,,
"19,3","0,0000779849",,,"0,000124116",,,,,"0,0025",,,,"0,000538213",,,,,,,,,,,,,,,,,,,,
20,"0,0537706","0,0720032","0,0591825","0,0485913","0,0405405","0,0533981","0,0438596","0,0725","0,0375","0,0458599","0,0576923","0,044843","0,0516685","0,0627451","0,0487044","0,0439771","0,0693878","0,0428571","0,0784447","0,0475352","0,04625","0,0618333",,,,,,,,,,,
"20,1","0,0000779849","0,000402253","0,000141924",,,,,,,,,,,,,,,,"0,000682128",,,"0,000166667",,,,,,,,,,,
"20,2","0,00830539","0,00482703","0,00482543","0,0103637","0,00900901","0,0218447","0,00877193","0,0025","0,0125","0,0089172","0,00480769","0,0044843","0,00645856","0,00392157","0,015595","0,00669216","0,00612245","0,00857143","0,00545703","0,00880282","0,009375","0,0045",,,,,,,,,,,
"20,3","0,0000389924",,,"0,0000620578",,,,,,,,,,,"0,000239923",,,,,,,,,,,,,,,,,,
21,"0,0326367","0,0418343","0,0354811","0,0299739","0,027027","0,0485437","0,0263158","0,02","0,02","0,033121","0,0264423","0,0336323","0,0296017","0,0509804","0,0321497","0,0181644","0,022449","0,0307143","0,0354707","0,040493","0,025625","0,0385",,,,,,,,,,,
"21,1","0,000272947","0,000804505","0,000709622",,,,,,,,,,,,,,,,"0,00136426",,,"0,000833333",,,,,,,,,,,
"21,2","0,0176246","0,0104586","0,0242691","0,0158247","0,0135135","0,0145631","0,00584795","0,01","0,0175","0,0210191","0,0120192","0,00672646","0,0161464","0,00882353","0,0177543","0,0755258","0,0142857","0,0135714","0,0115962","0,0158451","0,015625","0,0153333",,,,,,,,,,,
"21,3","0,000116977","0,000804505",,"0,0000620578",,,,,,"0,000636943",,,,,,,,,"0,00136426",,,,,,,,,,,,,,
22,"0,00955315","0,0084473","0,0110701","0,00906044","0,0112613","0,0169903","0,00292398","0,015","0,005","0,00700637","0,00961538","0,00224215","0,0123789","0,0107843","0,00863724","0,00191205","0,00612245","0,01","0,00682128","0,0123239","0,008125","0,0126667",,,,,,,,,,,
"22,1","0,0000389924",,"0,000141924",,,,,,,,,,,,,,,,,,,"0,000166667",,,,,,,,,,,
"22,2","0,0247992","0,0104586","0,0227079","0,027926","0,018018","0,0242718","0,0233918","0,0375","0,035","0,0394904","0,0360577","0,0201794","0,0220667","0,00392157","0,0285509","0,0181644","0,0204082","0,0271429","0,0150068","0,0316901","0,0259375","0,0235",,,,,,,,,,,
23,"0,0025735","0,00241352","0,00212887","0,0027926",,,,,,"0,00636943",,,"0,00376749","0,00294118","0,00263916",,"0,00204082","0,00285714","0,00204638","0,00176056","0,0034375","0,0025",,,,,,,,,,,
"23,1","0,0000389924","0,000402253",,,,,,,,,,,,,,,,,"0,000682128",,,,,,,,,,,,,,
"23,2","0,0334555","0,0136766","0,0367584","0,0350627","0,0405405","0,0364078","0,0204678","0,0425","0,04","0,0363057","0,0504808","0,0358744","0,0365985","0,00588235","0,0271113","0,0200765","0,0408163","0,0457143","0,0190996","0,0264085","0,036875","0,0396667",,,,,,,,,,,
24,"0,000662871","0,000402253","0,000851547","0,000620578",,,,,,"0,000636943",,,"0,00161464","0,000980392","0,00071977","0,000956023","0,00204082",,,,"0,000625","0,000833333",,,,,,,,,,,
"24,2","0,0348592","0,0233307","0,0464093","0,0315874","0,0427928","0,0364078","0,0263158","0,0425","0,04","0,0235669","0,0240385","0,0224215","0,0365985","0,0215686","0,0321497","0,0277247","0,0428571","0,0407143","0,0245566","0,040493","0,0228125","0,0496667",,,,,,,,,,,
"24,3","0,0000389924",,"0,000141924",,,,,,,,,,,,,,,,,,,"0,000166667",,,,,,,,,,,
25,"0,000350932",,"0,000425773","0,000372347","0,00225225",,,"0,0025",,,"0,00240385",,"0,00161464",,,,,,,,,"0,0005",,,,,,,,,,,
"25,2","0,0396943","0,0353982","0,0475447","0,0369244","0,0472973","0,0339806","0,0350877","0,03","0,045","0,0369427","0,0432692","0,044843","0,0269107","0,0333333","0,0367083","0,0267686","0,0285714","0,0435714","0,0368349","0,0264085","0,0403125","0,0511667",,,,,,,,,,,
26,"0,000233955",,"0,000283849","0,000248231","0,00225225",,,,,"0,00127389","0,00240385",,,,,,,,,,,"0,000333333",,,,,,,,,,,
"26,1","0,0000389924",,"0,000141924",,,,,,,,,,,,,,,,,,,"0,000166667",,,,,,,,,,,
"26,2","0,0577088","0,0567176","0,0668464","0,0538662","0,0472973","0,0461165","0,0526316","0,0475","0,07","0,0611465","0,0480769","0,0515695","0,0387513","0,0558824","0,0635797","0,0497132","0,0571429","0,0578571","0,0572988","0,0352113","0,049375","0,0698333",,,,,,,,,,,
"26,3","0,0000389924",,"0,000141924",,,,,,,,,,,,,,,,,,,"0,000166667",,,,,,,,,,,
27,"0,000194962","0,000402253",,"0,000248231",,,,,,,,,"0,000538213","0,000980392","0,000479846",,,"0,000714286",,,,,,,,,,,,,,,
"27,1","0,0000389924",,,"0,0000620578",,,,,,,,,"0,000538213",,,,,,,,,,,,,,,,,,,,
"27,2","0,0737347","0,0583266","0,0766392","0,0748418","0,0878378","0,0776699","0,0877193","0,05","0,0975","0,0770701","0,0384615","0,0829596","0,0586652","0,0490196","0,0851727","0,0497132","0,0489796","0,065","0,0648022","0,056338","0,0815625","0,0813333",,,,,,,,,,,
"27,3","0,00015597",,"0,000141924","0,000186174",,,,,,,"0,00240385",,,,"0,000239923",,,,,,"0,0003125","0,000166667",,,,,,,,,,,
28,"0,000428917","0,00120676","0,000567698","0,000248231","0,00225225",,,,"0,0025",,,,,"0,00294118",,,"0,00204082",,,,"0,0003125","0,000666667",,,,,,,,,,,
"28,2","0,0763862","0,0474658","0,0826001","0,0781308","0,0788288","0,0849515","0,128655","0,08","0,08","0,0834395","0,0841346","0,0605381","0,0662002","0,0333333","0,0832534","0,042065","0,0857143","0,0764286","0,0572988","0,0651408","0,0725","0,0896667",,,,,,,,,,,
"28,3","0,0000389924",,,"0,0000620578",,,,,,,,,,,,,,,,,"0,0003125",,,,,,,,,,,,
29,"0,000272947",,"0,000141924","0,000372347",,,,,"0,0025","0,000636943",,,,,,,"0,00612245","0,000714286",,,,"0,000166667",,,,,,,,,,,
"29,2","0,0643765","0,043041","0,0669884","0,066526","0,0585586","0,0752427","0,0497076","0,0475","0,055","0,0617834","0,0697115","0,0627803","0,0667384","0,0303922","0,0722169","0,0363289","0,0591837","0,0564286","0,0518417","0,0809859","0,07","0,0723333",,,,,,,,,,,
"29,3","0,0000779849",,,"0,000124116",,,,,,,,,,,,,"0,00204082",,,,"0,0003125",,,,,,,,,,,,
30,"0,000272947","0,000804505","0,000425773","0,000124116",,,,,,,"0,00240385",,"0,000538213",,,,,,"0,00136426",,,"0,0005",,,,,,,,,,,
"30,1","0,0000389924",,,"0,0000620578",,,,,,,,,,,,,,,,,"0,0003125",,,,,,,,,,,,
"30,2","0,0505342","0,0249397","0,0530798","0,0533697","0,0630631","0,038835","0,0614035","0,0425","0,0425","0,0528662","0,0625","0,0515695","0,0532831","0,00588235","0,0566219","0,043021","0,0510204","0,0457143","0,0381992","0,0422535","0,0565625","0,0548333",,,,,,,,,,,
31,"0,000272947",,"0,000283849","0,000310289","0,00225225",,,,"0,005",,,,,,"0,000239923","0,000956023",,,,,"0,0003125","0,000166667",,,,,,,,,,,
"31,2","0,0286204","0,0152856","0,0330684","0,0287328","0,0292793","0,026699","0,0233918","0,0425","0,03","0,0267516","0,03125","0,0156951","0,0258342","0,00588235","0,0266315","0,0487572","0,0326531","0,0357143","0,0218281","0,028169","0,0309375","0,0303333",,,,,,,,,,,
32,"0,000818841","0,00120676","0,000141924","0,00105498","0,00225225",,,,"0,0025","0,000636943",,,"0,00107643",,"0,00191939",,,,"0,00204638",,"0,00125","0,000166667",,,,,,,,,,,
"32,2","0,0139983","0,00724055","0,0198694","0,0124736","0,0135135","0,00485437","0,00584795","0,02","0,0075","0,011465","0,00240385","0,0201794","0,0172228","0,00588235","0,0110365","0,0382409","0,0102041","0,0121429","0,00818554","0,0140845","0,01375","0,0166667",,,,,,,,,,,
"32,3","0,0000779849",,"0,000283849",,,,,,,,,,,,,,,,,,,"0,000333333",,,,,,,,,,,
33,"0,00401622","0,00120676","0,000709622","0,00589549","0,0112613",,"0,00292398","0,01","0,0025","0,00254777","0,00240385","0,00672646","0,00592034","0,000980392","0,00959693","0,00478011","0,00816327","0,00214286","0,00136426","0,00704225","0,004375",,,,,,,,,,,,
"33,2","0,00561491","0,00402253","0,0080897","0,00477845","0,0045045","0,00485437","0,00584795","0,005","0,005","0,00318471","0,00480769","0,00224215","0,00538213","0,00294118","0,00455854","0,00669216","0,00816327","0,00428571","0,0047749","0,00880282","0,0046875","0,00833333",,,,,,,,,,,
34,"0,00230055","0,00160901","0,000709622","0,00310289","0,00675676",,"0,00292398",,,"0,00191083",,"0,00224215","0,00484392","0,00196078","0,00239923","0,00478011","0,00204082","0,00357143","0,00136426","0,00176056","0,005",,,,,,,,,,,,
"34,2","0,00241753","0,000804505","0,00425773","0,00186174","0,0045045","0,00242718",,"0,005",,"0,00191083",,"0,00672646","0,00161464",,"0,00071977","0,00478011","0,00408163","0,00571429","0,00136426","0,00352113","0,0003125","0,00416667",,,,,,,,,,,
35,"0,00109179","0,000402253","0,000283849","0,00155145","0,00225225",,"0,00292398",,,"0,00127389","0,00240385",,"0,00322928",,"0,00119962","0,00191205","0,00204082","0,000714286","0,000682128",,"0,0021875",,,,,,,,,,,,
"35,2","0,000428917",,"0,000993471","0,000248231",,,,,,,,,,,"0,000479846","0,000956023",,"0,000714286",,,"0,0003125","0,001",,,,,,,,,,,
36,"0,000506902",,,"0,000806752",,,"0,00877193",,,"0,00127389",,,"0,00161464",,"0,000479846",,,,,,"0,0009375",,,,,,,,,,,,
"36,2","0,000116977",,"0,000283849","0,0000620578",,,,,,,,,,,,"0,000956023",,"0,000714286",,,,"0,000166667",,,,,,,,,,,
37,"0,000311939","0,000804505","0,000141924","0,000310289",,,,,,,,,"0,00107643",,"0,000239923","0,000956023",,"0,000714286","0,00136426",,"0,0003125",,,,,,,,,,,,
38,"0,0000779849",,,"0,000124116",,,,,,,,,"0,00107643",,,,,,,,,,,,,,,,,,,,
TH01,,,,,,,,,,,,,,,,,,,,,,,,,,,,,,,,,
Allele,Entire Database,Africa,America,Asia,Europe,AUSTRIA,BELGIUM,BOSNIA AND HERZEGOWINA,CROATIA,CZECH REPUBLIC,DENMARK,DOMINICAN REPUBLIC,FINLAND,FRANCE,GERMANY,GREECE,HUNGARY,IRELAND,ITALY,KENYA,MONTENEGRO,NETHERLANDS,NORWAY,POLAND,SAUDI ARABIA,SLOVAKIA,SLOVENIA,SOUTH AFRICA,SPAIN,SWEDEN,SWITZERLAND,THAILAND,VIETNAM
,17478,1243,1000,4523,10712,222,206,171,500,200,200,1000,230,208,785,208,224,304,929,510,200,2084,202,206,523,247,907,733,454,425,1600,3000,1000
4,"0,0000286074",,,"0,000110546",,,,,,,,,,,,,,,,,,,,,"0,000956023",,,,,,,,
5,"0,00145898","0,00120676","0,0005","0,000331638","0,00205377","0,00225225","0,00242718",,"0,001",,,"0,0005",,,"0,00127389",,"0,00223214",,,,,"0,0071977","0,00247525",,,,"0,000551268","0,00204638",,"0,00117647","0,0015625","0,000333333","0,0005"
6,"0,20131","0,17498","0,179","0,13774","0,23329","0,209459","0,213592","0,277778","0,271","0,2375","0,2375","0,179","0,195652","0,240385","0,235032","0,269231","0,220982","0,231908","0,265339","0,180392","0,335","0,209693","0,220297","0,206311","0,339388","0,230769","0,245314","0,171214","0,253304","0,195294","0,225","0,106","0,1275"
7,"0,215213","0,300885","0,301","0,288304","0,166402","0,126126","0,186893","0,131579","0,12","0,16","0,1525","0,301","0,215217","0,158654","0,159873","0,120192","0,160714","0,202303","0,167384","0,391176","0,1075","0,180902","0,232673","0,152913","0,161568","0,143725","0,134509","0,238063","0,171806","0,190588","0,182188","0,296","0,3315"
"7,3","0,0000286074",,,,"0,0000466766",,,,,,,,,,,,,,,,,,,,,,,,,,"0,0003125",,
8,"0,114229","0,218423","0,1945","0,0745081","0,111417","0,114865","0,121359","0,131579","0,121","0,1","0,1125","0,1945","0,115217","0,120192","0,115287","0,134615","0,113839","0,0921053","0,129709","0,22549","0,145","0,111084","0,0866337","0,0849515","0,109943","0,123482","0,098677","0,213506","0,105727","0,0917647","0,106875","0,0728333","0,061"
"8,3","0,000343289","0,000402253","0,0005",,"0,000466766","0,00225225",,"0,00292398",,,,"0,0005",,,"0,000636943",,,,"0,000538213",,,"0,000239923",,,,"0,00202429",,"0,000682128",,,"0,00125",,
9,"0,218675","0,176187","0,1705","0,365023","0,166309","0,164414","0,150485","0,19883","0,178","0,1775","0,1525","0,1705","0,18913","0,182692","0,165605","0,216346","0,212054","0,136513","0,179225","0,14902","0,1775","0,135077","0,133663","0,213592","0,282027","0,200405","0,194598","0,195089","0,190529","0,157647","0,153438","0,382333","0,3565"
"9,3","0,223967","0,115849","0,1375","0,0724077","0,308579","0,367117","0,317961","0,245614","0,297","0,3225","0,34","0,1375","0,278261","0,283654","0,309554","0,230769","0,276786","0,328947","0,241658","0,0441176","0,2225","0,346689","0,314356","0,330097","0,0956023","0,295547","0,318082","0,165757","0,269824","0,356471","0,313125","0,076","0,0495"
10,"0,0240588","0,0112631","0,016","0,0593633","0,0113891","0,0112613","0,00728155","0,0116959","0,012","0,0025","0,005","0,016","0,00652174","0,0144231","0,0127389","0,0288462","0,0133929","0,00822368","0,0161464","0,00784314","0,0125","0,00911708","0,00990099","0,0121359","0,00956023","0,00404858","0,00826902","0,0136426","0,00881057","0,00705882","0,01625","0,064","0,0715"
"10,3","0,0000286074",,,,"0,0000466766","0,00225225",,,,,,,,,,,,,,,,,,,,,,,,,,,
11,"0,000514933","0,000402253",,"0,00187928",,,,,,,,,,,,,,,,"0,000980392",,,,,"0,000956023",,,,,,,"0,00216667","0,0015"
12,"0,00011443","0,000402253",,"0,000331638",,,,,,,,,,,,,,,,"0,000980392",,,,,,,,,,,,"0,000333333","0,0005"
"13,3","0,0000286074",,"0,0005",,,,,,,,,"0,0005",,,,,,,,,,,,,,,,,,,,,
TPOX,,,,,,,,,,,,,,,,,,,,,,,,,,,,,,,,,
Allele,Entire Database,Africa,America,Asia,Europe,CROATIA,DOMINICAN REPUBLIC,GERMANY,ITALY,KENYA,NETHERLANDS,SAUDI ARABIA,SLOVENIA,SOUTH AFRICA,SWITZERLAND,THAILAND,VIETNAM,,,,,,,,,,,,,,,,
,12796,1243,1000,4523,6030,500,1000,619,929,510,2084,523,700,733,1198,3000,1000,,,,,,,,,,,,,,,,
5,"0,000156299",,"0,002",,,,"0,002",,,,,,,,,,,,,,,,,,,,,,,,,,
6,"0,00707252","0,0386163","0,038","0,000331638","0,000497512",,"0,038",,"0,00161464","0,0509804",,"0,00191205","0,00214286","0,0300136",,"0,000166667",,,,,,,,,,,,,,,,,
7,"0,00218818","0,00804505","0,0115","0,00055273","0,00066335","0,002","0,0115",,,"0,00882353","0,000479846","0,000956023",,"0,00750341","0,00166945","0,0005","0,0005",,,,,,,,,,,,,,,,
"7,3","0,0000390747",,,"0,000110546",,,,,,,,,,,,,"0,0005",,,,,,,,,,,,,,,,
8,"0,522859","0,345535","0,385","0,574287","0,543698","0,575","0,385","0,554927","0,530678","0,291176","0,541507","0,551625","0,557857","0,383356","0,530467","0,58","0,569",,,,,,,,,,,,,,,,
9,"0,124179","0,229686","0,146","0,120606","0,101493","0,091","0,146","0,0945073","0,113025","0,306863","0,0947697","0,16348","0,102857","0,175989","0,111436","0,120167","0,0995",,,,,,,,,,,,,,,,
10,"0,0579869","0,079646","0,074","0,0436657","0,0616086","0,043","0,074","0,0565428","0,0688913","0,0715686","0,0573417","0,112811","0,0714286","0,085266","0,0680301","0,0346667","0,0345",,,,,,,,,,,,,,,,
11,"0,254142","0,270314","0,283","0,241875","0,255224","0,261","0,283","0,260905","0,256728","0,227451","0,258157","0,156788","0,238571","0,300136","0,253339","0,246167","0,2735",,,,,,,,,,,,,,,,
12,"0,0302438","0,0261464","0,059","0,0175768","0,0358209","0,028","0,059","0,0331179","0,0274489","0,0392157","0,0463052","0,0124283","0,0264286","0,0170532","0,0342237","0,0173333","0,021",,,,,,,,,,,,,,,,
13,"0,000898718","0,00120676","0,0015","0,000773823","0,000829187",,"0,0015",,"0,00107643","0,00294118","0,00143954",,"0,000714286",,"0,000417362","0,000666667","0,0015",,,,,,,,,,,,,,,,
14,"0,000195374","0,000402253",,"0,000221092","0,000165837",,,,"0,000538213",,,,,"0,000682128","0,000417362","0,000333333",,,,,,,,,,,,,,,,,
15,"0,0000390747","0,000402253",,,,,,,,"0,000980392",,,,,,,,,,,,,,,,,,,,,,,
VWA,,,,,,,,,,,,,,,,,,,,,,,,,,,,,,,,,
Allele,Entire Database,Africa,America,Asia,Europe,AUSTRIA,BELGIUM,BOSNIA AND HERZEGOWINA,CROATIA,CZECH REPUBLIC,DENMARK,DOMINICAN REPUBLIC,FINLAND,FRANCE,GERMANY,GREECE,HUNGARY,IRELAND,ITALY,KENYA,MONTENEGRO,NETHERLANDS,NORWAY,POLAND,SAUDI ARABIA,SLOVAKIA,SLOVENIA,SOUTH AFRICA,SPAIN,SWEDEN,SWITZERLAND,THAILAND,VIETNAM
,17472,1243,1000,4523,10706,222,206,171,500,200,200,1000,230,208,785,208,224,304,929,510,200,2084,202,206,523,247,907,733,449,424,1600,3000,1000
10,"0,0000572344",,,"0,000110546","0,0000467028",,,,,,,,,,,,,,,,,"0,000239923",,,,,,,,,,,"0,0005"
11,"0,000400641","0,00362027","0,0025",,,,,,,,,"0,0025",,,,,,,,"0,00392157",,,,,,,,"0,00341064",,,,,
12,"0,000343407","0,000402253","0,001","0,000110546","0,000373622",,,,"0,001",,,"0,001",,,,"0,00480769",,,"0,00107643","0,000980392",,"0,000479846",,,,,"0,000551268",,,,,,"0,0005"
13,"0,0024897","0,00603379","0,0085","0,000994915","0,00214833",,,"0,0116959","0,003",,,"0,0085",,,"0,000636943","0,00240385","0,00223214",,"0,00322928","0,00980392",,"0,00191939","0,00247525",,"0,00191205","0,00202429","0,00496141","0,00341064","0,00668151","0,00117925","0,00125","0,001","0,0005"
14,"0,13513","0,0985519","0,0745","0,240217","0,100644","0,105856","0,106796","0,111111","0,084","0,1","0,07","0,0745","0,130435","0,0865385","0,0936306","0,09375","0,111607","0,113487","0,0904198","0,0901961","0,145","0,0988484","0,0866337","0,0776699","0,0286807","0,119433","0,107497","0,104366","0,110245","0,0943396","0,104688","0,255333","0,3055"
15,"0,0964114","0,162912","0,177","0,0447712","0,10298","0,0923423","0,121359","0,125731","0,107","0,0975","0,0975","0,177","0,0521739","0,127404","0,108917","0,0793269","0,113839","0,101974","0,125404","0,197059","0,09","0,0976488","0,0990099","0,0849515","0,156788","0,119433","0,106395","0,139154","0,123608","0,0896226","0,094375","0,0326667","0,0225"
16,"0,198146","0,227675","0,2595","0,152443","0,208294","0,175676","0,199029","0,204678","0,205","0,175","0,26","0,2595","0,176087","0,240385","0,210828","0,168269","0,205357","0,21875","0,229279","0,24902","0,175","0,205854","0,222772","0,223301","0,282027","0,192308","0,199008","0,212824","0,242762","0,209906","0,205","0,1335","0,1415"
17,"0,262019","0,213998","0,236","0,24906","0,2755","0,286036","0,271845","0,239766","0,273","0,3125","0,23","0,236","0,271739","0,233173","0,271338","0,317308","0,301339","0,271382","0,267492","0,183333","0,2875","0,274232","0,289604","0,276699","0,272467","0,275304","0,272878","0,235334","0,271715","0,26533","0,288125","0,250667","0,232"
18,"0,200006","0,1786","0,155","0,196109","0,208341","0,259009","0,201456","0,210526","0,223","0,2275","0,24","0,155","0,204348","0,211538","0,206369","0,242788","0,176339","0,192434","0,182992","0,143137","0,2125","0,199616","0,19802","0,247573","0,178776","0,204453","0,232084","0,203274","0,170379","0,241745","0,205937","0,2005","0,192"
"18,2","0,0000286172","0,000402253",,,,,,,,,,,,,,,,,,,,,,,,,,"0,000682128",,,,,
19,"0,0873111","0,081255","0,0645","0,0961751","0,0864001","0,0720721","0,0800971","0,0906433","0,086","0,0725","0,0825","0,0645","0,136957","0,0865385","0,0955414","0,0745192","0,0714286","0,09375","0,0861141","0,0852941","0,0725","0,106046","0,0866337","0,0800971","0,0659656","0,0769231","0,0584344","0,0784447","0,0612472","0,0790094","0,085","0,1045","0,087"
20,"0,0160543","0,0217216","0,018","0,0187928","0,0140575","0,00900901","0,0194175","0,00584795","0,017","0,015","0,0175","0,018","0,0217391","0,0144231","0,0121019","0,0144231","0,015625","0,00822368","0,0113025","0,0284314","0,0175","0,0143954","0,0148515","0,00970874","0,0124283","0,0101215","0,0148842","0,0170532","0,013363","0,0165094","0,015","0,0205","0,017"
21,"0,0014881","0,00442478","0,0035","0,000884369","0,00121427",,,,"0,001",,"0,0025","0,0035","0,00652174",,"0,000636943","0,00240385","0,00223214",,"0,00269107","0,00784314",,"0,00071977",,,"0,000956023",,"0,00330761","0,00204638",,"0,00235849","0,000625","0,000833333","0,001"
22,"0,000114469","0,000402253",,"0,000331638",,,,,,,,,,,,,,,,"0,000980392",,,,,,,,,,,,"0,0005",
